driver_id,date,day_of_week,stop_id,stop_name,lat,lng,visit_time,visit_hour,visit_duration_min,travel_time_min,traffic_mult,traffic_zone,stop_sequence,total_stops
D1,2026-01-02,4,L04,D-Mart Saharaganj,26.731802,81.041406,08:24,8,41,22.8,1.34,low_traffic,1,5
D1,2026-01-02,4,L08,V-Mart Chinhat,26.763974,80.863885,09:27,9,21,30.6,1.61,low_traffic,2,5
D1,2026-01-02,4,L01,Metro Cash & Carry Hazratganj,26.81408,81.063386,10:18,10,28,14.0,1.4,low_traffic,3,5
D1,2026-01-02,4,L06,Star Bazaar Rajajipuram,26.722052,81.068377,11:00,11,16,16.7,0.98,low_traffic,4,5
D1,2026-01-02,4,L05,Spencer's Indiranagar,26.87299,81.000299,11:32,11,22,11.2,1.02,medium_traffic,5,5
D1,2026-01-03,5,L05,Spencer's Indiranagar,26.87299,81.000299,08:34,8,23,21.6,1.66,medium_traffic,1,4
D1,2026-01-03,5,L01,Metro Cash & Carry Hazratganj,26.81408,81.063386,09:18,9,39,41.7,1.49,low_traffic,2,4
D1,2026-01-03,5,L04,D-Mart Saharaganj,26.731802,81.041406,10:38,10,36,45.8,1.58,low_traffic,3,4
D1,2026-01-03,5,L09,Vishal Mega Mart Golf City,26.795803,80.952637,11:59,11,34,9.2,1.02,medium_traffic,4,4
D1,2026-01-05,0,L04,D-Mart Saharaganj,26.731802,81.041406,09:41,9,33,24.5,1.53,low_traffic,1,5
D1,2026-01-05,0,L10,Lulu Hypermarket Faizabad Road,26.829006,80.89192,10:38,10,19,35.5,1.42,medium_traffic,2,5
D1,2026-01-05,0,L09,Vishal Mega Mart Golf City,26.795803,80.952637,11:32,11,37,23.4,0.9,medium_traffic,3,5
D1,2026-01-05,0,L03,Reliance Fresh Aliganj,26.757265,80.856759,12:32,12,13,20.6,1.03,low_traffic,4,5
D1,2026-01-05,0,L08,V-Mart Chinhat,26.763974,80.863885,13:05,13,20,13.7,1.14,low_traffic,5,5
D1,2026-01-06,1,L05,Spencer's Indiranagar,26.87299,81.000299,09:24,9,24,35.2,1.6,medium_traffic,1,8
D1,2026-01-06,1,L09,Vishal Mega Mart Golf City,26.795803,80.952637,10:23,10,31,35.8,1.43,medium_traffic,2,8
D1,2026-01-06,1,L03,Reliance Fresh Aliganj,26.757265,80.856759,11:29,11,18,10.9,0.99,low_traffic,3,8
D1,2026-01-06,1,L04,D-Mart Saharaganj,26.731802,81.041406,11:57,11,43,16.5,1.03,low_traffic,4,8
D1,2026-01-06,1,L07,More Supermarket Mahanagar,26.933135,80.871408,12:56,12,19,10.8,0.98,low_traffic,5,8
D1,2026-01-06,1,L06,Star Bazaar Rajajipuram,26.722052,81.068377,13:25,13,15,26.2,1.19,low_traffic,6,8
D1,2026-01-06,1,L08,V-Mart Chinhat,26.763974,80.863885,14:06,14,20,20.6,1.29,low_traffic,7,8
D1,2026-01-06,1,L10,Lulu Hypermarket Faizabad Road,26.829006,80.89192,14:46,14,12,30.0,1.25,medium_traffic,8,8
D1,2026-01-07,2,L10,Lulu Hypermarket Faizabad Road,26.829006,80.89192,09:01,9,23,25.8,1.36,medium_traffic,1,7
D1,2026-01-07,2,L06,Star Bazaar Rajajipuram,26.722052,81.068377,09:49,9,18,13.0,1.45,low_traffic,2,7
D1,2026-01-07,2,L07,More Supermarket Mahanagar,26.933135,80.871408,10:20,10,16,17.4,1.74,low_traffic,3,7
D1,2026-01-07,2,L01,Metro Cash & Carry Hazratganj,26.81408,81.063386,10:53,10,40,16.7,1.67,low_traffic,4,7
D1,2026-01-07,2,L05,Spencer's Indiranagar,26.87299,81.000299,11:49,11,18,11.5,0.96,medium_traffic,5,7
D1,2026-01-07,2,L02,Big Bazaar Gomti Nagar,26.907018,80.971851,12:18,12,13,24.5,0.98,medium_traffic,6,7
D1,2026-01-07,2,L08,V-Mart Chinhat,26.763974,80.863885,12:55,12,18,24.3,0.9,low_traffic,7,7
D1,2026-01-08,3,L01,Metro Cash & Carry Hazratganj,26.81408,81.063386,08:15,8,28,25.4,1.41,low_traffic,1,6
D1,2026-01-08,3,L02,Big Bazaar Gomti Nagar,26.907018,80.971851,09:08,9,20,23.9,1.59,medium_traffic,2,6
D1,2026-01-08,3,L08,V-Mart Chinhat,26.763974,80.863885,09:51,9,23,14.1,1.41,low_traffic,3,6
D1,2026-01-08,3,L07,More Supermarket Mahanagar,26.933135,80.871408,10:28,10,16,24.3,1.62,low_traffic,4,6
D1,2026-01-08,3,L03,Reliance Fresh Aliganj,26.757265,80.856759,11:08,11,9,18.5,1.03,low_traffic,5,6
D1,2026-01-08,3,L06,Star Bazaar Rajajipuram,26.722052,81.068377,11:35,11,25,15.2,0.95,low_traffic,6,6
D1,2026-01-09,4,L08,V-Mart Chinhat,26.763974,80.863885,09:12,9,18,39.2,1.35,low_traffic,1,8
D1,2026-01-09,4,L02,Big Bazaar Gomti Nagar,26.907018,80.971851,10:09,10,18,31.1,1.48,medium_traffic,2,8
D1,2026-01-09,4,L01,Metro Cash & Carry Hazratganj,26.81408,81.063386,10:58,10,38,15.6,1.73,low_traffic,3,8
D1,2026-01-09,4,L10,Lulu Hypermarket Faizabad Road,26.829006,80.89192,11:51,11,12,27.4,0.98,medium_traffic,4,8
D1,2026-01-09,4,L07,More Supermarket Mahanagar,26.933135,80.871408,12:30,12,27,15.5,0.86,low_traffic,5,8
D1,2026-01-09,4,L05,Spencer's Indiranagar,26.87299,81.000299,13:12,13,19,19.1,1.27,medium_traffic,6,8
D1,2026-01-09,4,L06,Star Bazaar Rajajipuram,26.722052,81.068377,13:50,13,17,25.1,1.14,low_traffic,7,8
D1,2026-01-09,4,L03,Reliance Fresh Aliganj,26.757265,80.856759,14:32,14,15,18.9,1.18,low_traffic,8,8
D1,2026-01-10,5,L09,Vishal Mega Mart Golf City,26.795803,80.952637,08:26,8,37,21.6,1.54,medium_traffic,1,3
D1,2026-01-10,5,L03,Reliance Fresh Aliganj,26.757265,80.856759,09:24,9,14,22.8,1.75,low_traffic,2,3
D1,2026-01-10,5,L04,D-Mart Saharaganj,26.731802,81.041406,10:00,10,35,26.0,1.3,low_traffic,3,3
D1,2026-01-12,0,L04,D-Mart Saharaganj,26.731802,81.041406,09:03,9,39,30.6,1.33,low_traffic,1,8
D1,2026-01-12,0,L10,Lulu Hypermarket Faizabad Road,26.829006,80.89192,10:12,10,13,42.2,1.76,medium_traffic,2,8
D1,2026-01-12,0,L01,Metro Cash & Carry Hazratganj,26.81408,81.063386,11:07,11,29,20.6,0.86,low_traffic,3,8
D1,2026-01-12,0,L06,Star Bazaar Rajajipuram,26.722052,81.068377,11:56,11,24,10.2,1.02,low_traffic,4,8
D1,2026-01-12,0,L03,Reliance Fresh Aliganj,26.757265,80.856759,12:30,12,14,12.9,0.86,low_traffic,5,8
D1,2026-01-12,0,L09,Vishal Mega Mart Golf City,26.795803,80.952637,12:56,12,34,22.6,0.87,medium_traffic,6,8
D1,2026-01-12,0,L02,Big Bazaar Gomti Nagar,26.907018,80.971851,13:52,13,20,11.0,1.22,medium_traffic,7,8
D1,2026-01-12,0,L08,V-Mart Chinhat,26.763974,80.863885,14:23,14,21,32.5,1.12,low_traffic,8,8
D1,2026-01-13,1,L01,Metro Cash & Carry Hazratganj,26.81408,81.063386,09:20,9,28,17.6,1.76,low_traffic,1,7
D1,2026-01-13,1,L10,Lulu Hypermarket Faizabad Road,26.829006,80.89192,10:05,10,12,39.8,1.53,medium_traffic,2,7
D1,2026-01-13,1,L08,V-Mart Chinhat,26.763974,80.863885,10:56,10,20,18.8,1.34,low_traffic,3,7
D1,2026-01-13,1,L07,More Supermarket Mahanagar,26.933135,80.871408,11:34,11,16,17.1,0.9,low_traffic,4,7
D1,2026-01-13,1,L09,Vishal Mega Mart Golf City,26.795803,80.952637,12:07,12,35,19.6,1.03,medium_traffic,5,7
D1,2026-01-13,1,L03,Reliance Fresh Aliganj,26.757265,80.856759,13:01,13,19,28.2,1.13,low_traffic,6,7
D1,2026-01-13,1,L02,Big Bazaar Gomti Nagar,26.907018,80.971851,13:48,13,19,32.5,1.16,medium_traffic,7,7
D1,2026-01-14,2,L07,More Supermarket Mahanagar,26.933135,80.871408,09:18,9,20,48.0,1.6,low_traffic,1,5
D1,2026-01-14,2,L04,D-Mart Saharaganj,26.731802,81.041406,10:26,10,35,39.2,1.4,low_traffic,2,5
D1,2026-01-14,2,L06,Star Bazaar Rajajipuram,26.722052,81.068377,11:40,11,15,15.2,0.95,low_traffic,3,5
D1,2026-01-14,2,L10,Lulu Hypermarket Faizabad Road,26.829006,80.89192,12:10,12,15,18.3,0.87,medium_traffic,4,5
D1,2026-01-14,2,L01,Metro Cash & Carry Hazratganj,26.81408,81.063386,12:43,12,40,15.5,0.86,low_traffic,5,5
D1,2026-01-15,3,L02,Big Bazaar Gomti Nagar,26.907018,80.971851,08:34,8,20,25.1,1.32,medium_traffic,1,6
D1,2026-01-15,3,L09,Vishal Mega Mart Golf City,26.795803,80.952637,09:19,9,33,33.2,1.58,medium_traffic,2,6
D1,2026-01-15,3,L07,More Supermarket Mahanagar,26.933135,80.871408,10:25,10,27,25.1,1.32,low_traffic,3,6
D1,2026-01-15,3,L01,Metro Cash & Carry Hazratganj,26.81408,81.063386,11:17,11,33,9.4,1.04,low_traffic,4,6
D1,2026-01-15,3,L04,D-Mart Saharaganj,26.731802,81.041406,11:59,11,41,13.3,0.89,low_traffic,5,6
D1,2026-01-15,3,L06,Star Bazaar Rajajipuram,26.722052,81.068377,12:53,12,21,21.8,0.87,low_traffic,6,6
D1,2026-01-16,4,L07,More Supermarket Mahanagar,26.933135,80.871408,09:10,9,21,18.6,1.69,low_traffic,1,6
D1,2026-01-16,4,L06,Star Bazaar Rajajipuram,26.722052,81.068377,09:49,9,18,40.0,1.74,low_traffic,2,6
D1,2026-01-16,4,L05,Spencer's Indiranagar,26.87299,81.000299,10:47,10,21,30.8,1.4,medium_traffic,3,6
D1,2026-01-16,4,L08,V-Mart Chinhat,26.763974,80.863885,11:38,11,15,13.7,0.91,low_traffic,4,6
D1,2026-01-16,4,L02,Big Bazaar Gomti Nagar,26.907018,80.971851,12:06,12,17,11.9,0.85,medium_traffic,5,6
D1,2026-01-16,4,L01,Metro Cash & Carry Hazratganj,26.81408,81.063386,12:34,12,40,9.2,0.92,low_traffic,6,6
D1,2026-01-17,5,L08,V-Mart Chinhat,26.763974,80.863885,08:37,8,12,28.5,1.78,low_traffic,1,4
D1,2026-01-17,5,L02,Big Bazaar Gomti Nagar,26.907018,80.971851,09:17,9,16,28.4,1.35,medium_traffic,2,4
D1,2026-01-17,5,L04,D-Mart Saharaganj,26.731802,81.041406,10:01,10,37,29.9,1.66,low_traffic,3,4
D1,2026-01-17,5,L01,Metro Cash & Carry Hazratganj,26.81408,81.063386,11:07,11,29,23.3,0.97,low_traffic,4,4
D1,2026-01-19,0,L02,Big Bazaar Gomti Nagar,26.907018,80.971851,09:27,9,16,38.6,1.33,medium_traffic,1,8
D1,2026-01-19,0,L08,V-Mart Chinhat,26.763974,80.863885,10:21,10,13,46.7,1.61,low_traffic,2,8
D1,2026-01-19,0,L03,Reliance Fresh Aliganj,26.757265,80.856759,11:20,11,16,16.8,0.99,low_traffic,3,8
D1,2026-01-19,0,L07,More Supermarket Mahanagar,26.933135,80.871408,11:52,11,20,19.1,0.91,low_traffic,4,8
D1,2026-01-19,0,L09,Vishal Mega Mart Golf City,26.795803,80.952637,12:31,12,39,15.8,0.93,medium_traffic,5,8
D1,2026-01-19,0,L06,Star Bazaar Rajajipuram,26.722052,81.068377,13:25,13,25,23.7,1.13,low_traffic,6,8
D1,2026-01-19,0,L01,Metro Cash & Carry Hazratganj,26.81408,81.063386,14:13,14,39,37.4,1.29,low_traffic,7,8
D1,2026-01-19,0,L05,Spencer's Indiranagar,26.87299,81.000299,15:29,15,25,27.8,1.03,medium_traffic,8,8
D1,2026-01-20,1,L08,V-Mart Chinhat,26.763974,80.863885,09:28,9,20,21.3,1.52,low_traffic,1,7
D1,2026-01-20,1,L05,Spencer's Indiranagar,26.87299,81.000299,10:09,10,26,20.0,1.54,medium_traffic,2,7
D1,2026-01-20,1,L06,Star Bazaar Rajajipuram,26.722052,81.068377,10:55,10,25,32.2,1.34,low_traffic,3,7
D1,2026-01-20,1,L04,D-Mart Saharaganj,26.731802,81.041406,11:52,11,32,17.6,0.98,low_traffic,4,7
D1,2026-01-20,1,L02,Big Bazaar Gomti Nagar,26.907018,80.971851,12:41,12,21,15.2,1.01,medium_traffic,5,7
D1,2026-01-20,1,L10,Lulu Hypermarket Faizabad Road,26.829006,80.89192,13:17,13,13,16.2,1.16,medium_traffic,6,7
D1,2026-01-20,1,L03,Reliance Fresh Aliganj,26.757265,80.856759,13:46,13,15,16.5,1.1,low_traffic,7,7
D1,2026-01-21,2,L03,Reliance Fresh Aliganj,26.757265,80.856759,08:41,8,20,18.0,1.64,low_traffic,1,5
D1,2026-01-21,2,L01,Metro Cash & Carry Hazratganj,26.81408,81.063386,09:19,9,40,19.6,1.51,low_traffic,2,5
D1,2026-01-21,2,L02,Big Bazaar Gomti Nagar,26.907018,80.971851,10:18,10,18,42.7,1.78,medium_traffic,3,5
D1,2026-01-21,2,L05,Spencer's Indiranagar,26.87299,81.000299,11:18,11,17,12.9,0.86,medium_traffic,4,5
D1,2026-01-21,2,L10,Lulu Hypermarket Faizabad Road,26.829006,80.89192,11:47,11,21,20.7,0.94,medium_traffic,5,5
D1,2026-01-22,3,L01,Metro Cash & Carry Hazratganj,26.81408,81.063386,09:16,9,32,47.0,1.68,low_traffic,1,7
D1,2026-01-22,3,L06,Star Bazaar Rajajipuram,26.722052,81.068377,10:35,10,22,40.3,1.68,low_traffic,2,7
D1,2026-01-22,3,L03,Reliance Fresh Aliganj,26.757265,80.856759,11:37,11,15,15.7,0.98,low_traffic,3,7
D1,2026-01-22,3,L02,Big Bazaar Gomti Nagar,26.907018,80.971851,12:07,12,14,14.8,0.87,medium_traffic,4,7
D1,2026-01-22,3,L04,D-Mart Saharaganj,26.731802,81.041406,12:35,12,39,16.2,0.9,low_traffic,5,7
D1,2026-01-22,3,L05,Spencer's Indiranagar,26.87299,81.000299,13:30,13,19,13.4,1.12,medium_traffic,6,7
D1,2026-01-22,3,L10,Lulu Hypermarket Faizabad Road,26.829006,80.89192,14:02,14,22,14.2,1.18,medium_traffic,7,7
D1,2026-01-23,4,L10,Lulu Hypermarket Faizabad Road,26.829006,80.89192,09:24,9,22,45.5,1.75,medium_traffic,1,6
D1,2026-01-23,4,L08,V-Mart Chinhat,26.763974,80.863885,10:31,10,18,34.1,1.31,low_traffic,2,6
D1,2026-01-23,4,L01,Metro Cash & Carry Hazratganj,26.81408,81.063386,11:23,11,32,18.1,0.95,low_traffic,3,6
D1,2026-01-23,4,L06,Star Bazaar Rajajipuram,26.722052,81.068377,12:13,12,23,21.0,1.0,low_traffic,4,6
D1,2026-01-23,4,L04,D-Mart Saharaganj,26.731802,81.041406,12:57,12,43,25.0,1.0,low_traffic,5,6
D1,2026-01-23,4,L05,Spencer's Indiranagar,26.87299,81.000299,14:05,14,23,18.3,1.22,medium_traffic,6,6
D1,2026-01-24,5,L02,Big Bazaar Gomti Nagar,26.907018,80.971851,09:08,9,11,44.8,1.79,medium_traffic,1,3
D1,2026-01-24,5,L09,Vishal Mega Mart Golf City,26.795803,80.952637,10:03,10,40,45.5,1.75,medium_traffic,2,3
D1,2026-01-24,5,L10,Lulu Hypermarket Faizabad Road,26.829006,80.89192,11:28,11,21,9.8,0.98,medium_traffic,3,3
D1,2026-01-26,0,L05,Spencer's Indiranagar,26.87299,81.000299,09:21,9,20,33.6,1.68,medium_traffic,1,8
D1,2026-01-26,0,L02,Big Bazaar Gomti Nagar,26.907018,80.971851,10:14,10,15,35.3,1.68,medium_traffic,2,8
D1,2026-01-26,0,L07,More Supermarket Mahanagar,26.933135,80.871408,11:04,11,15,23.5,1.02,low_traffic,3,8
D1,2026-01-26,0,L06,Star Bazaar Rajajipuram,26.722052,81.068377,11:42,11,20,9.0,1.0,low_traffic,4,8
D1,2026-01-26,0,L04,D-Mart Saharaganj,26.731802,81.041406,12:11,12,43,8.9,0.89,low_traffic,5,8
D1,2026-01-26,0,L09,Vishal Mega Mart Golf City,26.795803,80.952637,13:02,13,43,11.6,1.29,medium_traffic,6,8
D1,2026-01-26,0,L01,Metro Cash & Carry Hazratganj,26.81408,81.063386,13:56,13,31,16.7,1.11,low_traffic,7,8
D1,2026-01-26,0,L10,Lulu Hypermarket Faizabad Road,26.829006,80.89192,14:43,14,13,34.3,1.27,medium_traffic,8,8
D1,2026-01-27,1,L07,More Supermarket Mahanagar,26.933135,80.871408,08:10,8,24,19.6,1.78,low_traffic,1,6
D1,2026-01-27,1,L01,Metro Cash & Carry Hazratganj,26.81408,81.063386,08:53,8,37,22.3,1.31,low_traffic,2,6
D1,2026-01-27,1,L06,Star Bazaar Rajajipuram,26.722052,81.068377,09:52,9,21,32.8,1.64,low_traffic,3,6
D1,2026-01-27,1,L10,Lulu Hypermarket Faizabad Road,26.829006,80.89192,10:45,10,12,24.8,1.77,medium_traffic,4,6
D1,2026-01-27,1,L04,D-Mart Saharaganj,26.731802,81.041406,11:21,11,34,27.2,0.97,low_traffic,5,6
D1,2026-01-27,1,L09,Vishal Mega Mart Golf City,26.795803,80.952637,12:22,12,41,14.8,0.87,medium_traffic,6,6
D1,2026-01-28,2,L08,V-Mart Chinhat,26.763974,80.863885,08:26,8,18,18.8,1.71,low_traffic,1,5
D1,2026-01-28,2,L02,Big Bazaar Gomti Nagar,26.907018,80.971851,09:02,9,18,49.8,1.78,medium_traffic,2,5
D1,2026-01-28,2,L07,More Supermarket Mahanagar,26.933135,80.871408,10:09,10,17,34.6,1.65,low_traffic,3,5
D1,2026-01-28,2,L09,Vishal Mega Mart Golf City,26.795803,80.952637,11:00,11,35,28.0,1.0,medium_traffic,4,5
D1,2026-01-28,2,L03,Reliance Fresh Aliganj,26.757265,80.856759,12:03,12,20,24.2,0.97,low_traffic,5,5
D1,2026-01-29,3,L04,D-Mart Saharaganj,26.731802,81.041406,09:36,9,36,32.2,1.61,low_traffic,1,8
D1,2026-01-29,3,L10,Lulu Hypermarket Faizabad Road,26.829006,80.89192,10:44,10,13,23.6,1.31,medium_traffic,2,8
D1,2026-01-29,3,L06,Star Bazaar Rajajipuram,26.722052,81.068377,11:20,11,27,18.1,0.95,low_traffic,3,8
D1,2026-01-29,3,L09,Vishal Mega Mart Golf City,26.795803,80.952637,12:05,12,40,14.4,0.9,medium_traffic,4,8
D1,2026-01-29,3,L01,Metro Cash & Carry Hazratganj,26.81408,81.063386,12:59,12,36,15.8,0.99,low_traffic,5,8
D1,2026-01-29,3,L02,Big Bazaar Gomti Nagar,26.907018,80.971851,13:50,13,12,15.4,1.1,medium_traffic,6,8
D1,2026-01-29,3,L03,Reliance Fresh Aliganj,26.757265,80.856759,14:17,14,15,24.1,1.15,low_traffic,7,8
D1,2026-01-29,3,L05,Spencer's Indiranagar,26.87299,81.000299,14:56,14,27,18.1,1.21,medium_traffic,8,8
D1,2026-01-30,4,L05,Spencer's Indiranagar,26.87299,81.000299,09:42,9,24,36.6,1.59,medium_traffic,1,8
D1,2026-01-30,4,L07,More Supermarket Mahanagar,26.933135,80.871408,10:42,10,26,33.0,1.57,low_traffic,2,8
D1,2026-01-30,4,L06,Star Bazaar Rajajipuram,26.722052,81.068377,11:41,11,26,18.2,0.96,low_traffic,3,8
D1,2026-01-30,4,L04,D-Mart Saharaganj,26.731802,81.041406,12:25,12,35,16.0,0.94,low_traffic,4,8
D1,2026-01-30,4,L02,Big Bazaar Gomti Nagar,26.907018,80.971851,13:16,13,16,16.1,1.15,medium_traffic,5,8
D1,2026-01-30,4,L03,Reliance Fresh Aliganj,26.757265,80.856759,13:48,13,20,28.0,1.12,low_traffic,6,8
D1,2026-01-30,4,L09,Vishal Mega Mart Golf City,26.795803,80.952637,14:36,14,34,17.4,1.24,medium_traffic,7,8
D1,2026-01-30,4,L01,Metro Cash & Carry Hazratganj,26.81408,81.063386,15:27,15,39,16.0,1.0,low_traffic,8,8
D1,2026-01-31,5,L10,Lulu Hypermarket Faizabad Road,26.829006,80.89192,09:00,9,15,19.8,1.65,medium_traffic,1,5
D1,2026-01-31,5,L01,Metro Cash & Carry Hazratganj,26.81408,81.063386,09:34,9,36,11.9,1.32,low_traffic,2,5
D1,2026-01-31,5,L04,D-Mart Saharaganj,26.731802,81.041406,10:21,10,41,17.4,1.45,low_traffic,3,5
D1,2026-01-31,5,L06,Star Bazaar Rajajipuram,26.722052,81.068377,11:19,11,16,23.5,1.02,low_traffic,4,5
D1,2026-01-31,5,L03,Reliance Fresh Aliganj,26.757265,80.856759,11:58,11,12,26.5,1.02,low_traffic,5,5
D1,2026-02-02,0,L07,More Supermarket Mahanagar,26.933135,80.871408,09:31,9,25,37.5,1.34,low_traffic,1,8
D1,2026-02-02,0,L05,Spencer's Indiranagar,26.87299,81.000299,10:33,10,28,16.0,1.33,medium_traffic,2,8
D1,2026-02-02,0,L09,Vishal Mega Mart Golf City,26.795803,80.952637,11:17,11,32,16.3,0.96,medium_traffic,3,8
D1,2026-02-02,0,L04,D-Mart Saharaganj,26.731802,81.041406,12:05,12,39,11.6,1.05,low_traffic,4,8
D1,2026-02-02,0,L03,Reliance Fresh Aliganj,26.757265,80.856759,12:55,12,17,27.0,1.0,low_traffic,5,8
D1,2026-02-02,0,L01,Metro Cash & Carry Hazratganj,26.81408,81.063386,13:39,13,40,18.9,1.26,low_traffic,6,8
D1,2026-02-02,0,L02,Big Bazaar Gomti Nagar,26.907018,80.971851,14:37,14,18,26.4,1.2,medium_traffic,7,8
D1,2026-02-02,0,L06,Star Bazaar Rajajipuram,26.722052,81.068377,15:21,15,21,23.7,0.91,low_traffic,8,8
D1,2026-02-03,1,L05,Spencer's Indiranagar,26.87299,81.000299,08:15,8,18,13.9,1.39,medium_traffic,1,7
D1,2026-02-03,1,L09,Vishal Mega Mart Golf City,26.795803,80.952637,08:46,8,42,28.6,1.3,medium_traffic,2,7
D1,2026-02-03,1,L04,D-Mart Saharaganj,26.731802,81.041406,09:56,9,31,27.2,1.6,low_traffic,3,7
D1,2026-02-03,1,L03,Reliance Fresh Aliganj,26.757265,80.856759,10:54,10,12,42.6,1.42,low_traffic,4,7
D1,2026-02-03,1,L06,Star Bazaar Rajajipuram,26.722052,81.068377,11:48,11,16,21.8,0.99,low_traffic,5,7
D1,2026-02-03,1,L08,V-Mart Chinhat,26.763974,80.863885,12:25,12,24,15.8,0.99,low_traffic,6,7
D1,2026-02-03,1,L07,More Supermarket Mahanagar,26.933135,80.871408,13:04,13,25,32.8,1.26,low_traffic,7,7
D1,2026-02-04,2,L08,V-Mart Chinhat,26.763974,80.863885,08:19,8,16,41.6,1.6,low_traffic,1,6
D1,2026-02-04,2,L05,Spencer's Indiranagar,26.87299,81.000299,09:16,9,27,33.4,1.52,medium_traffic,2,6
D1,2026-02-04,2,L01,Metro Cash & Carry Hazratganj,26.81408,81.063386,10:16,10,32,29.0,1.45,low_traffic,3,6
D1,2026-02-04,2,L10,Lulu Hypermarket Faizabad Road,26.829006,80.89192,11:17,11,18,21.8,0.95,medium_traffic,4,6
D1,2026-02-04,2,L03,Reliance Fresh Aliganj,26.757265,80.856759,11:56,11,14,7.8,0.87,low_traffic,5,6
D1,2026-02-04,2,L09,Vishal Mega Mart Golf City,26.795803,80.952637,12:17,12,35,27.0,1.0,medium_traffic,6,6
D1,2026-02-05,3,L05,Spencer's Indiranagar,26.87299,81.000299,09:17,9,22,36.1,1.39,medium_traffic,1,5
D1,2026-02-05,3,L10,Lulu Hypermarket Faizabad Road,26.829006,80.89192,10:15,10,12,37.3,1.62,medium_traffic,2,5
D1,2026-02-05,3,L09,Vishal Mega Mart Golf City,26.795803,80.952637,11:04,11,36,19.7,0.94,medium_traffic,3,5
D1,2026-02-05,3,L08,V-Mart Chinhat,26.763974,80.863885,11:59,11,14,10.0,0.91,low_traffic,4,5
D1,2026-02-05,3,L03,Reliance Fresh Aliganj,26.757265,80.856759,12:23,12,15,27.6,0.92,low_traffic,5,5
D1,2026-02-06,4,L10,Lulu Hypermarket Faizabad Road,26.829006,80.89192,09:32,9,21,13.7,1.71,medium_traffic,1,7
D1,2026-02-06,4,L06,Star Bazaar Rajajipuram,26.722052,81.068377,10:06,10,21,38.1,1.73,low_traffic,2,7
D1,2026-02-06,4,L02,Big Bazaar Gomti Nagar,26.907018,80.971851,11:05,11,16,20.6,0.86,medium_traffic,3,7
D1,2026-02-06,4,L05,Spencer's Indiranagar,26.87299,81.000299,11:41,11,26,22.3,0.97,medium_traffic,4,7
D1,2026-02-06,4,L03,Reliance Fresh Aliganj,26.757265,80.856759,12:29,12,11,8.5,0.94,low_traffic,5,7
D1,2026-02-06,4,L08,V-Mart Chinhat,26.763974,80.863885,12:48,12,16,10.8,0.9,low_traffic,6,7
D1,2026-02-06,4,L04,D-Mart Saharaganj,26.731802,81.041406,13:14,13,38,35.7,1.19,low_traffic,7,7
D1,2026-02-07,5,L02,Big Bazaar Gomti Nagar,26.907018,80.971851,08:29,8,13,49.6,1.77,medium_traffic,1,3
D1,2026-02-07,5,L07,More Supermarket Mahanagar,26.933135,80.871408,09:31,9,19,46.5,1.55,low_traffic,2,3
D1,2026-02-07,5,L06,Star Bazaar Rajajipuram,26.722052,81.068377,10:36,10,21,24.8,1.55,low_traffic,3,3
D1,2026-02-09,0,L07,More Supermarket Mahanagar,26.933135,80.871408,08:17,8,20,35.5,1.69,low_traffic,1,8
D1,2026-02-09,0,L01,Metro Cash & Carry Hazratganj,26.81408,81.063386,09:12,9,32,42.5,1.77,low_traffic,2,8
D1,2026-02-09,0,L03,Reliance Fresh Aliganj,26.757265,80.856759,10:26,10,19,29.1,1.71,low_traffic,3,8
D1,2026-02-09,0,L06,Star Bazaar Rajajipuram,26.722052,81.068377,11:14,11,24,23.7,0.91,low_traffic,4,8
D1,2026-02-09,0,L09,Vishal Mega Mart Golf City,26.795803,80.952637,12:01,12,33,24.2,1.05,medium_traffic,5,8
D1,2026-02-09,0,L02,Big Bazaar Gomti Nagar,26.907018,80.971851,12:58,12,16,21.6,0.94,medium_traffic,6,8
D1,2026-02-09,0,L05,Spencer's Indiranagar,26.87299,81.000299,13:35,13,22,29.2,1.17,medium_traffic,7,8
D1,2026-02-09,0,L10,Lulu Hypermarket Faizabad Road,26.829006,80.89192,14:26,14,14,21.4,1.19,medium_traffic,8,8
D1,2026-02-10,1,L05,Spencer's Indiranagar,26.87299,81.000299,09:24,9,18,50.1,1.79,medium_traffic,1,6
D1,2026-02-10,1,L02,Big Bazaar Gomti Nagar,26.907018,80.971851,10:32,10,13,14.0,1.55,medium_traffic,2,6
D1,2026-02-10,1,L06,Star Bazaar Rajajipuram,26.722052,81.068377,10:59,10,20,40.3,1.55,low_traffic,3,6
D1,2026-02-10,1,L03,Reliance Fresh Aliganj,26.757265,80.856759,11:59,11,9,22.4,1.02,low_traffic,4,6
D1,2026-02-10,1,L01,Metro Cash & Carry Hazratganj,26.81408,81.063386,12:30,12,28,21.1,0.96,low_traffic,5,6
D1,2026-02-10,1,L08,V-Mart Chinhat,26.763974,80.863885,13:19,13,22,26.0,1.24,low_traffic,6,6
D1,2026-02-11,2,L06,Star Bazaar Rajajipuram,26.722052,81.068377,09:40,9,23,38.2,1.66,low_traffic,1,6
D1,2026-02-11,2,L07,More Supermarket Mahanagar,26.933135,80.871408,10:41,10,18,13.2,1.32,low_traffic,2,6
D1,2026-02-11,2,L10,Lulu Hypermarket Faizabad Road,26.829006,80.89192,11:12,11,14,16.7,0.98,medium_traffic,3,6
D1,2026-02-11,2,L01,Metro Cash & Carry Hazratganj,26.81408,81.063386,11:42,11,29,21.0,1.0,low_traffic,4,6
D1,2026-02-11,2,L04,D-Mart Saharaganj,26.731802,81.041406,12:32,12,32,30.0,1.0,low_traffic,5,6
D1,2026-02-11,2,L09,Vishal Mega Mart Golf City,26.795803,80.952637,13:34,13,35,35.7,1.19,medium_traffic,6,6
D1,2026-02-12,3,L02,Big Bazaar Gomti Nagar,26.907018,80.971851,09:36,9,13,21.3,1.64,medium_traffic,1,5
D1,2026-02-12,3,L05,Spencer's Indiranagar,26.87299,81.000299,10:10,10,22,37.5,1.39,medium_traffic,2,5
D1,2026-02-12,3,L08,V-Mart Chinhat,26.763974,80.863885,11:09,11,19,14.5,0.97,low_traffic,3,5
D1,2026-02-12,3,L04,D-Mart Saharaganj,26.731802,81.041406,11:42,11,34,12.4,1.03,low_traffic,4,5
D1,2026-02-12,3,L09,Vishal Mega Mart Golf City,26.795803,80.952637,12:28,12,38,15.0,0.94,medium_traffic,5,5
D1,2026-02-13,4,L04,D-Mart Saharaganj,26.731802,81.041406,09:40,9,35,53.4,1.78,low_traffic,1,7
D1,2026-02-13,4,L03,Reliance Fresh Aliganj,26.757265,80.856759,11:08,11,11,16.0,0.94,low_traffic,2,7
D1,2026-02-13,4,L07,More Supermarket Mahanagar,26.933135,80.871408,11:35,11,16,24.2,1.05,low_traffic,3,7
D1,2026-02-13,4,L10,Lulu Hypermarket Faizabad Road,26.829006,80.89192,12:15,12,16,23.4,0.9,medium_traffic,4,7
D1,2026-02-13,4,L02,Big Bazaar Gomti Nagar,26.907018,80.971851,12:54,12,15,28.8,0.96,medium_traffic,5,7
D1,2026-02-13,4,L09,Vishal Mega Mart Golf City,26.795803,80.952637,13:37,13,37,31.9,1.1,medium_traffic,6,7
D1,2026-02-13,4,L06,Star Bazaar Rajajipuram,26.722052,81.068377,14:45,14,25,29.9,1.15,low_traffic,7,7
D1,2026-02-14,5,L06,Star Bazaar Rajajipuram,26.722052,81.068377,09:43,9,25,48.7,1.68,low_traffic,1,5
D1,2026-02-14,5,L04,D-Mart Saharaganj,26.731802,81.041406,10:56,10,32,48.2,1.72,low_traffic,2,5
D1,2026-02-14,5,L10,Lulu Hypermarket Faizabad Road,26.829006,80.89192,12:16,12,11,28.8,1.03,medium_traffic,3,5
D1,2026-02-14,5,L03,Reliance Fresh Aliganj,26.757265,80.856759,12:55,12,8,20.0,0.91,low_traffic,4,5
D1,2026-02-14,5,L09,Vishal Mega Mart Golf City,26.795803,80.952637,13:23,13,32,14.6,1.22,medium_traffic,5,5
D1,2026-02-16,0,L01,Metro Cash & Carry Hazratganj,26.81408,81.063386,08:16,8,40,40.5,1.76,low_traffic,1,7
D1,2026-02-16,0,L10,Lulu Hypermarket Faizabad Road,26.829006,80.89192,09:36,9,23,26.1,1.45,medium_traffic,2,7
D1,2026-02-16,0,L04,D-Mart Saharaganj,26.731802,81.041406,10:25,10,33,13.6,1.36,low_traffic,3,7
D1,2026-02-16,0,L08,V-Mart Chinhat,26.763974,80.863885,11:11,11,22,15.0,1.0,low_traffic,4,7
D1,2026-02-16,0,L05,Spencer's Indiranagar,26.87299,81.000299,11:48,11,28,19.8,0.99,medium_traffic,5,7
D1,2026-02-16,0,L09,Vishal Mega Mart Golf City,26.795803,80.952637,12:35,12,43,9.6,0.96,medium_traffic,6,7
D1,2026-02-16,0,L02,Big Bazaar Gomti Nagar,26.907018,80.971851,13:27,13,19,18.9,1.18,medium_traffic,7,7
D1,2026-02-17,1,L02,Big Bazaar Gomti Nagar,26.907018,80.971851,09:01,9,16,40.2,1.61,medium_traffic,1,5
D1,2026-02-17,1,L09,Vishal Mega Mart Golf City,26.795803,80.952637,09:57,9,41,26.4,1.76,medium_traffic,2,5
D1,2026-02-17,1,L07,More Supermarket Mahanagar,26.933135,80.871408,11:04,11,26,18.9,0.86,low_traffic,3,5
D1,2026-02-17,1,L01,Metro Cash & Carry Hazratganj,26.81408,81.063386,11:48,11,29,19.1,0.91,low_traffic,4,5
D1,2026-02-17,1,L03,Reliance Fresh Aliganj,26.757265,80.856759,12:36,12,12,7.9,0.88,low_traffic,5,5
D1,2026-02-18,2,L01,Metro Cash & Carry Hazratganj,26.81408,81.063386,08:26,8,37,37.5,1.63,low_traffic,1,8
D1,2026-02-18,2,L03,Reliance Fresh Aliganj,26.757265,80.856759,09:40,9,8,24.0,1.5,low_traffic,2,8
D1,2026-02-18,2,L06,Star Bazaar Rajajipuram,26.722052,81.068377,10:12,10,22,23.1,1.65,low_traffic,3,8
D1,2026-02-18,2,L07,More Supermarket Mahanagar,26.933135,80.871408,10:57,10,20,22.8,1.52,low_traffic,4,8
D1,2026-02-18,2,L08,V-Mart Chinhat,26.763974,80.863885,11:39,11,17,25.2,0.87,low_traffic,5,8
D1,2026-02-18,2,L09,Vishal Mega Mart Golf City,26.795803,80.952637,12:21,12,36,26.9,0.96,medium_traffic,6,8
D1,2026-02-18,2,L05,Spencer's Indiranagar,26.87299,81.000299,13:23,13,19,17.8,1.11,medium_traffic,7,8
D1,2026-02-18,2,L04,D-Mart Saharaganj,26.731802,81.041406,13:59,13,32,28.4,1.29,low_traffic,8,8
D1,2026-02-19,3,L04,D-Mart Saharaganj,26.731802,81.041406,08:35,8,34,19.6,1.4,low_traffic,1,6
D1,2026-02-19,3,L08,V-Mart Chinhat,26.763974,80.863885,09:28,9,24,17.5,1.46,low_traffic,2,6
D1,2026-02-19,3,L06,Star Bazaar Rajajipuram,26.722052,81.068377,10:09,10,19,14.0,1.75,low_traffic,3,6
D1,2026-02-19,3,L05,Spencer's Indiranagar,26.87299,81.000299,10:42,10,18,20.8,1.73,medium_traffic,4,6
D1,2026-02-19,3,L02,Big Bazaar Gomti Nagar,26.907018,80.971851,11:20,11,12,12.5,0.96,medium_traffic,5,6
D1,2026-02-19,3,L03,Reliance Fresh Aliganj,26.757265,80.856759,11:44,11,10,7.8,0.98,low_traffic,6,6
D1,2026-02-20,4,L05,Spencer's Indiranagar,26.87299,81.000299,08:04,8,24,29.3,1.54,medium_traffic,1,5
D1,2026-02-20,4,L08,V-Mart Chinhat,26.763974,80.863885,08:57,8,20,35.2,1.6,low_traffic,2,5
D1,2026-02-20,4,L09,Vishal Mega Mart Golf City,26.795803,80.952637,09:52,9,31,38.1,1.41,medium_traffic,3,5
D1,2026-02-20,4,L07,More Supermarket Mahanagar,26.933135,80.871408,11:01,11,23,29.0,1.0,low_traffic,4,5
D1,2026-02-20,4,L03,Reliance Fresh Aliganj,26.757265,80.856759,11:53,11,8,25.5,0.91,low_traffic,5,5
D1,2026-02-21,5,L02,Big Bazaar Gomti Nagar,26.907018,80.971851,09:38,9,15,16.4,1.37,medium_traffic,1,3
D1,2026-02-21,5,L03,Reliance Fresh Aliganj,26.757265,80.856759,10:09,10,16,41.9,1.61,low_traffic,2,3
D1,2026-02-21,5,L10,Lulu Hypermarket Faizabad Road,26.829006,80.89192,11:06,11,20,19.8,0.99,medium_traffic,3,3
D1,2026-02-23,0,L05,Spencer's Indiranagar,26.87299,81.000299,08:26,8,22,32.3,1.47,medium_traffic,1,7
D1,2026-02-23,0,L03,Reliance Fresh Aliganj,26.757265,80.856759,09:20,9,13,16.6,1.51,low_traffic,2,7
D1,2026-02-23,0,L04,D-Mart Saharaganj,26.731802,81.041406,09:49,9,35,43.8,1.51,low_traffic,3,7
D1,2026-02-23,0,L02,Big Bazaar Gomti Nagar,26.907018,80.971851,11:07,11,21,11.0,0.92,medium_traffic,4,7
D1,2026-02-23,0,L10,Lulu Hypermarket Faizabad Road,26.829006,80.89192,11:39,11,12,10.3,1.03,medium_traffic,5,7
D1,2026-02-23,0,L06,Star Bazaar Rajajipuram,26.722052,81.068377,12:01,12,21,10.2,1.02,low_traffic,6,7
D1,2026-02-23,0,L01,Metro Cash & Carry Hazratganj,26.81408,81.063386,12:32,12,40,16.5,0.87,low_traffic,7,7
D1,2026-02-24,1,L07,More Supermarket Mahanagar,26.933135,80.871408,08:18,8,16,30.4,1.6,low_traffic,1,6
D1,2026-02-24,1,L02,Big Bazaar Gomti Nagar,26.907018,80.971851,09:04,9,13,22.3,1.59,medium_traffic,2,6
D1,2026-02-24,1,L05,Spencer's Indiranagar,26.87299,81.000299,09:39,9,17,24.4,1.63,medium_traffic,3,6
D1,2026-02-24,1,L03,Reliance Fresh Aliganj,26.757265,80.856759,10:20,10,13,37.0,1.48,low_traffic,4,6
D1,2026-02-24,1,L04,D-Mart Saharaganj,26.731802,81.041406,11:10,11,40,13.9,0.87,low_traffic,5,6
D1,2026-02-24,1,L10,Lulu Hypermarket Faizabad Road,26.829006,80.89192,12:03,12,19,18.9,0.9,medium_traffic,6,6
D1,2026-02-25,2,L04,D-Mart Saharaganj,26.731802,81.041406,08:09,8,32,31.6,1.58,low_traffic,1,5
D1,2026-02-25,2,L08,V-Mart Chinhat,26.763974,80.863885,09:12,9,12,38.4,1.37,low_traffic,2,5
D1,2026-02-25,2,L07,More Supermarket Mahanagar,26.933135,80.871408,10:02,10,18,32.4,1.35,low_traffic,3,5
D1,2026-02-25,2,L09,Vishal Mega Mart Golf City,26.795803,80.952637,10:52,10,36,32.8,1.49,medium_traffic,4,5
D1,2026-02-25,2,L06,Star Bazaar Rajajipuram,26.722052,81.068377,12:00,12,26,15.0,0.88,low_traffic,5,5
D1,2026-02-26,3,L06,Star Bazaar Rajajipuram,26.722052,81.068377,09:28,9,24,37.5,1.63,low_traffic,1,7
D1,2026-02-26,3,L04,D-Mart Saharaganj,26.731802,81.041406,10:29,10,34,24.3,1.52,low_traffic,2,7
D1,2026-02-26,3,L03,Reliance Fresh Aliganj,26.757265,80.856759,11:27,11,13,11.0,1.0,low_traffic,3,7
D1,2026-02-26,3,L08,V-Mart Chinhat,26.763974,80.863885,11:51,11,22,16.0,0.94,low_traffic,4,7
D1,2026-02-26,3,L05,Spencer's Indiranagar,26.87299,81.000299,12:29,12,24,22.8,0.99,medium_traffic,5,7
D1,2026-02-26,3,L07,More Supermarket Mahanagar,26.933135,80.871408,13:15,13,18,11.1,1.23,low_traffic,6,7
D1,2026-02-26,3,L09,Vishal Mega Mart Golf City,26.795803,80.952637,13:44,13,31,31.9,1.18,medium_traffic,7,7
D1,2026-02-27,4,L08,V-Mart Chinhat,26.763974,80.863885,08:31,8,14,21.7,1.67,low_traffic,1,5
D1,2026-02-27,4,L01,Metro Cash & Carry Hazratganj,26.81408,81.063386,09:06,9,31,44.7,1.49,low_traffic,2,5
D1,2026-02-27,4,L06,Star Bazaar Rajajipuram,26.722052,81.068377,10:21,10,27,45.0,1.55,low_traffic,3,5
D1,2026-02-27,4,L09,Vishal Mega Mart Golf City,26.795803,80.952637,11:33,11,42,18.4,0.92,medium_traffic,4,5
D1,2026-02-27,4,L03,Reliance Fresh Aliganj,26.757265,80.856759,12:33,12,15,6.9,0.86,low_traffic,5,5
D1,2026-02-28,5,L05,Spencer's Indiranagar,26.87299,81.000299,08:20,8,23,37.5,1.39,medium_traffic,1,3
D1,2026-02-28,5,L02,Big Bazaar Gomti Nagar,26.907018,80.971851,09:20,9,12,32.7,1.72,medium_traffic,2,3
D1,2026-02-28,5,L01,Metro Cash & Carry Hazratganj,26.81408,81.063386,10:04,10,31,16.7,1.52,low_traffic,3,3
D1,2026-03-02,0,L05,Spencer's Indiranagar,26.87299,81.000299,08:32,8,24,38.9,1.62,medium_traffic,1,8
D1,2026-03-02,0,L01,Metro Cash & Carry Hazratganj,26.81408,81.063386,09:34,9,33,26.6,1.4,low_traffic,2,8
D1,2026-03-02,0,L09,Vishal Mega Mart Golf City,26.795803,80.952637,10:33,10,33,46.5,1.66,medium_traffic,3,8
D1,2026-03-02,0,L08,V-Mart Chinhat,26.763974,80.863885,11:52,11,16,10.8,0.9,low_traffic,4,8
D1,2026-03-02,0,L06,Star Bazaar Rajajipuram,26.722052,81.068377,12:18,12,17,24.0,0.89,low_traffic,5,8
D1,2026-03-02,0,L03,Reliance Fresh Aliganj,26.757265,80.856759,12:59,12,9,28.0,1.0,low_traffic,6,8
D1,2026-03-02,0,L04,D-Mart Saharaganj,26.731802,81.041406,13:36,13,38,31.9,1.14,low_traffic,7,8
D1,2026-03-02,0,L02,Big Bazaar Gomti Nagar,26.907018,80.971851,14:45,14,23,30.9,1.19,medium_traffic,8,8
D1,2026-03-03,1,L05,Spencer's Indiranagar,26.87299,81.000299,09:37,9,17,31.9,1.33,medium_traffic,1,8
D1,2026-03-03,1,L03,Reliance Fresh Aliganj,26.757265,80.856759,10:25,10,8,32.1,1.46,low_traffic,2,8
D1,2026-03-03,1,L07,More Supermarket Mahanagar,26.933135,80.871408,11:05,11,16,14.6,0.86,low_traffic,3,8
D1,2026-03-03,1,L08,V-Mart Chinhat,26.763974,80.863885,11:35,11,21,9.8,0.98,low_traffic,4,8
D1,2026-03-03,1,L01,Metro Cash & Carry Hazratganj,26.81408,81.063386,12:05,12,35,19.4,0.97,low_traffic,5,8
D1,2026-03-03,1,L04,D-Mart Saharaganj,26.731802,81.041406,12:59,12,38,8.7,0.97,low_traffic,6,8
D1,2026-03-03,1,L02,Big Bazaar Gomti Nagar,26.907018,80.971851,13:45,13,21,33.3,1.28,medium_traffic,7,8
D1,2026-03-03,1,L09,Vishal Mega Mart Golf City,26.795803,80.952637,14:39,14,38,30.8,1.14,medium_traffic,8,8
D1,2026-03-04,2,L04,D-Mart Saharaganj,26.731802,81.041406,09:28,9,33,42.1,1.56,low_traffic,1,6
D1,2026-03-04,2,L06,Star Bazaar Rajajipuram,26.722052,81.068377,10:43,10,21,25.2,1.48,low_traffic,2,6
D1,2026-03-04,2,L05,Spencer's Indiranagar,26.87299,81.000299,11:29,11,26,16.7,0.93,medium_traffic,3,6
D1,2026-03-04,2,L09,Vishal Mega Mart Golf City,26.795803,80.952637,12:11,12,41,27.2,0.97,medium_traffic,4,6
D1,2026-03-04,2,L10,Lulu Hypermarket Faizabad Road,26.829006,80.89192,13:19,13,12,21.1,1.17,medium_traffic,5,6
D1,2026-03-04,2,L03,Reliance Fresh Aliganj,26.757265,80.856759,13:52,13,12,24.2,1.21,low_traffic,6,6
D1,2026-03-05,3,L07,More Supermarket Mahanagar,26.933135,80.871408,08:38,8,19,16.5,1.65,low_traffic,1,7
D1,2026-03-05,3,L04,D-Mart Saharaganj,26.731802,81.041406,09:13,9,43,44.2,1.58,low_traffic,2,7
D1,2026-03-05,3,L08,V-Mart Chinhat,26.763974,80.863885,10:40,10,22,17.5,1.46,low_traffic,3,7
D1,2026-03-05,3,L09,Vishal Mega Mart Golf City,26.795803,80.952637,11:19,11,39,28.7,0.99,medium_traffic,4,7
D1,2026-03-05,3,L02,Big Bazaar Gomti Nagar,26.907018,80.971851,12:26,12,17,25.2,0.87,medium_traffic,5,7
D1,2026-03-05,3,L05,Spencer's Indiranagar,26.87299,81.000299,13:08,13,21,9.6,1.2,medium_traffic,6,7
D1,2026-03-05,3,L01,Metro Cash & Carry Hazratganj,26.81408,81.063386,13:38,13,33,16.2,1.16,low_traffic,7,7
D1,2026-03-06,4,L07,More Supermarket Mahanagar,26.933135,80.871408,09:39,9,17,27.4,1.37,low_traffic,1,8
D1,2026-03-06,4,L09,Vishal Mega Mart Golf City,26.795803,80.952637,10:23,10,43,41.4,1.38,medium_traffic,2,8
D1,2026-03-06,4,L05,Spencer's Indiranagar,26.87299,81.000299,11:47,11,27,12.6,0.97,medium_traffic,3,8
D1,2026-03-06,4,L06,Star Bazaar Rajajipuram,26.722052,81.068377,12:26,12,20,19.7,0.94,low_traffic,4,8
D1,2026-03-06,4,L08,V-Mart Chinhat,26.763974,80.863885,13:05,13,19,18.6,1.24,low_traffic,5,8
D1,2026-03-06,4,L01,Metro Cash & Carry Hazratganj,26.81408,81.063386,13:42,13,31,26.8,1.22,low_traffic,6,8
D1,2026-03-06,4,L02,Big Bazaar Gomti Nagar,26.907018,80.971851,14:39,14,23,20.6,1.21,medium_traffic,7,8
D1,2026-03-06,4,L03,Reliance Fresh Aliganj,26.757265,80.856759,15:22,15,13,14.1,1.01,low_traffic,8,8
D1,2026-03-07,5,L02,Big Bazaar Gomti Nagar,26.907018,80.971851,08:16,8,16,30.6,1.33,medium_traffic,1,5
D1,2026-03-07,5,L06,Star Bazaar Rajajipuram,26.722052,81.068377,09:02,9,26,17.4,1.58,low_traffic,2,5
D1,2026-03-07,5,L01,Metro Cash & Carry Hazratganj,26.81408,81.063386,09:45,9,32,18.9,1.72,low_traffic,3,5
D1,2026-03-07,5,L05,Spencer's Indiranagar,26.87299,81.000299,10:35,10,20,17.4,1.34,medium_traffic,4,5
D1,2026-03-07,5,L04,D-Mart Saharaganj,26.731802,81.041406,11:12,11,33,22.6,0.94,low_traffic,5,5
D1,2026-03-09,0,L05,Spencer's Indiranagar,26.87299,81.000299,08:24,8,19,34.2,1.8,medium_traffic,1,8
D1,2026-03-09,0,L07,More Supermarket Mahanagar,26.933135,80.871408,09:17,9,26,14.4,1.31,low_traffic,2,8
D1,2026-03-09,0,L10,Lulu Hypermarket Faizabad Road,26.829006,80.89192,09:57,9,13,19.4,1.62,medium_traffic,3,8
D1,2026-03-09,0,L06,Star Bazaar Rajajipuram,26.722052,81.068377,10:29,10,26,30.4,1.32,low_traffic,4,8
D1,2026-03-09,0,L09,Vishal Mega Mart Golf City,26.795803,80.952637,11:25,11,38,30.6,1.02,medium_traffic,5,8
D1,2026-03-09,0,L01,Metro Cash & Carry Hazratganj,26.81408,81.063386,12:33,12,29,7.5,0.94,low_traffic,6,8
D1,2026-03-09,0,L03,Reliance Fresh Aliganj,26.757265,80.856759,13:09,13,10,15.4,1.1,low_traffic,7,8
D1,2026-03-09,0,L08,V-Mart Chinhat,26.763974,80.863885,13:34,13,20,32.7,1.21,low_traffic,8,8
D1,2026-03-10,1,L09,Vishal Mega Mart Golf City,26.795803,80.952637,08:07,8,40,39.6,1.72,medium_traffic,1,8
D1,2026-03-10,1,L07,More Supermarket Mahanagar,26.933135,80.871408,09:26,9,23,44.0,1.57,low_traffic,2,8
D1,2026-03-10,1,L08,V-Mart Chinhat,26.763974,80.863885,10:33,10,14,47.7,1.59,low_traffic,3,8
D1,2026-03-10,1,L10,Lulu Hypermarket Faizabad Road,26.829006,80.89192,11:34,11,20,7.3,0.91,medium_traffic,4,8
D1,2026-03-10,1,L06,Star Bazaar Rajajipuram,26.722052,81.068377,12:01,12,21,23.9,0.92,low_traffic,5,8
D1,2026-03-10,1,L01,Metro Cash & Carry Hazratganj,26.81408,81.063386,12:45,12,29,25.8,0.89,low_traffic,6,8
D1,2026-03-10,1,L03,Reliance Fresh Aliganj,26.757265,80.856759,13:39,13,9,22.8,1.2,low_traffic,7,8
D1,2026-03-10,1,L04,D-Mart Saharaganj,26.731802,81.041406,14:10,14,39,32.2,1.29,low_traffic,8,8
D1,2026-03-11,2,L02,Big Bazaar Gomti Nagar,26.907018,80.971851,09:04,9,21,42.6,1.47,medium_traffic,1,5
D1,2026-03-11,2,L09,Vishal Mega Mart Golf City,26.795803,80.952637,10:07,10,42,35.1,1.35,medium_traffic,2,5
D1,2026-03-11,2,L10,Lulu Hypermarket Faizabad Road,26.829006,80.89192,11:24,11,11,12.0,1.0,medium_traffic,3,5
D1,2026-03-11,2,L05,Spencer's Indiranagar,26.87299,81.000299,11:47,11,26,16.6,0.92,medium_traffic,4,5
D1,2026-03-11,2,L03,Reliance Fresh Aliganj,26.757265,80.856759,12:29,12,15,25.8,0.89,low_traffic,5,5
D1,2026-03-12,3,L08,V-Mart Chinhat,26.763974,80.863885,08:02,8,20,24.8,1.46,low_traffic,1,8
D1,2026-03-12,3,L07,More Supermarket Mahanagar,26.933135,80.871408,08:46,8,22,37.5,1.5,low_traffic,2,8
D1,2026-03-12,3,L05,Spencer's Indiranagar,26.87299,81.000299,09:45,9,19,40.0,1.43,medium_traffic,3,8
D1,2026-03-12,3,L09,Vishal Mega Mart Golf City,26.795803,80.952637,10:44,10,41,13.0,1.44,medium_traffic,4,8
D1,2026-03-12,3,L01,Metro Cash & Carry Hazratganj,26.81408,81.063386,11:38,11,40,10.1,0.92,low_traffic,5,8
D1,2026-03-12,3,L04,D-Mart Saharaganj,26.731802,81.041406,12:28,12,42,18.4,0.92,low_traffic,6,8
D1,2026-03-12,3,L06,Star Bazaar Rajajipuram,26.722052,81.068377,13:28,13,20,23.8,1.19,low_traffic,7,8
D1,2026-03-12,3,L02,Big Bazaar Gomti Nagar,26.907018,80.971851,14:11,14,22,29.7,1.29,medium_traffic,8,8
D1,2026-03-13,4,L03,Reliance Fresh Aliganj,26.757265,80.856759,09:20,9,18,24.3,1.35,low_traffic,1,8
D1,2026-03-13,4,L08,V-Mart Chinhat,26.763974,80.863885,10:02,10,21,31.9,1.45,low_traffic,2,8
D1,2026-03-13,4,L02,Big Bazaar Gomti Nagar,26.907018,80.971851,10:54,10,22,21.6,1.66,medium_traffic,3,8
D1,2026-03-13,4,L10,Lulu Hypermarket Faizabad Road,26.829006,80.89192,11:37,11,11,20.7,0.94,medium_traffic,4,8
D1,2026-03-13,4,L04,D-Mart Saharaganj,26.731802,81.041406,12:08,12,40,19.0,1.0,low_traffic,5,8
D1,2026-03-13,4,L01,Metro Cash & Carry Hazratganj,26.81408,81.063386,13:07,13,38,20.8,1.3,low_traffic,6,8
D1,2026-03-13,4,L07,More Supermarket Mahanagar,26.933135,80.871408,14:05,14,16,11.7,1.3,low_traffic,7,8
D1,2026-03-13,4,L05,Spencer's Indiranagar,26.87299,81.000299,14:32,14,21,24.6,1.23,medium_traffic,8,8
D1,2026-03-14,5,L02,Big Bazaar Gomti Nagar,26.907018,80.971851,08:41,8,20,29.6,1.48,medium_traffic,1,5
D1,2026-03-14,5,L08,V-Mart Chinhat,26.763974,80.863885,09:30,9,22,15.8,1.32,low_traffic,2,5
D1,2026-03-14,5,L06,Star Bazaar Rajajipuram,26.722052,81.068377,10:07,10,20,28.9,1.52,low_traffic,3,5
D1,2026-03-14,5,L09,Vishal Mega Mart Golf City,26.795803,80.952637,10:55,10,40,15.2,1.52,medium_traffic,4,5
D1,2026-03-14,5,L04,D-Mart Saharaganj,26.731802,81.041406,11:50,11,37,16.7,0.88,low_traffic,5,5
D1,2026-03-16,0,L07,More Supermarket Mahanagar,26.933135,80.871408,08:16,8,22,50.7,1.69,low_traffic,1,7
D1,2026-03-16,0,L10,Lulu Hypermarket Faizabad Road,26.829006,80.89192,09:28,9,15,38.1,1.41,medium_traffic,2,7
D1,2026-03-16,0,L03,Reliance Fresh Aliganj,26.757265,80.856759,10:21,10,11,37.9,1.65,low_traffic,3,7
D1,2026-03-16,0,L09,Vishal Mega Mart Golf City,26.795803,80.952637,11:09,11,38,8.7,0.87,medium_traffic,4,7
D1,2026-03-16,0,L08,V-Mart Chinhat,26.763974,80.863885,11:55,11,19,26.4,0.88,low_traffic,5,7
D1,2026-03-16,0,L06,Star Bazaar Rajajipuram,26.722052,81.068377,12:40,12,20,30.5,1.05,low_traffic,6,7
D1,2026-03-16,0,L01,Metro Cash & Carry Hazratganj,26.81408,81.063386,13:30,13,29,36.9,1.23,low_traffic,7,7
D1,2026-03-17,1,L04,D-Mart Saharaganj,26.731802,81.041406,08:15,8,36,13.6,1.7,low_traffic,1,7
D1,2026-03-17,1,L06,Star Bazaar Rajajipuram,26.722052,81.068377,09:04,9,22,30.0,1.58,low_traffic,2,7
D1,2026-03-17,1,L01,Metro Cash & Carry Hazratganj,26.81408,81.063386,09:56,9,30,42.5,1.7,low_traffic,3,7
D1,2026-03-17,1,L02,Big Bazaar Gomti Nagar,26.907018,80.971851,11:08,11,12,9.7,0.97,medium_traffic,4,7
D1,2026-03-17,1,L10,Lulu Hypermarket Faizabad Road,26.829006,80.89192,11:29,11,22,27.3,0.91,medium_traffic,5,7
D1,2026-03-17,1,L08,V-Mart Chinhat,26.763974,80.863885,12:18,12,24,19.9,0.95,low_traffic,6,7
D1,2026-03-17,1,L07,More Supermarket Mahanagar,26.933135,80.871408,13:01,13,16,30.7,1.18,low_traffic,7,7
D1,2026-03-18,2,L09,Vishal Mega Mart Golf City,26.795803,80.952637,08:27,8,32,14.0,1.55,medium_traffic,1,6
D1,2026-03-18,2,L07,More Supermarket Mahanagar,26.933135,80.871408,09:13,9,17,26.5,1.56,low_traffic,2,6
D1,2026-03-18,2,L01,Metro Cash & Carry Hazratganj,26.81408,81.063386,09:56,9,31,41.4,1.38,low_traffic,3,6
D1,2026-03-18,2,L03,Reliance Fresh Aliganj,26.757265,80.856759,11:08,11,12,22.1,0.92,low_traffic,4,6
D1,2026-03-18,2,L05,Spencer's Indiranagar,26.87299,81.000299,11:42,11,19,16.3,1.02,medium_traffic,5,6
D1,2026-03-18,2,L10,Lulu Hypermarket Faizabad Road,26.829006,80.89192,12:17,12,15,24.5,0.98,medium_traffic,6,6
D1,2026-03-19,3,L03,Reliance Fresh Aliganj,26.757265,80.856759,08:01,8,20,37.5,1.34,low_traffic,1,6
D1,2026-03-19,3,L04,D-Mart Saharaganj,26.731802,81.041406,08:58,8,34,44.5,1.59,low_traffic,2,6
D1,2026-03-19,3,L01,Metro Cash & Carry Hazratganj,26.81408,81.063386,10:16,10,37,35.3,1.68,low_traffic,3,6
D1,2026-03-19,3,L07,More Supermarket Mahanagar,26.933135,80.871408,11:28,11,25,22.5,0.98,low_traffic,4,6
D1,2026-03-19,3,L08,V-Mart Chinhat,26.763974,80.863885,12:15,12,16,26.9,0.96,low_traffic,5,6
D1,2026-03-19,3,L06,Star Bazaar Rajajipuram,26.722052,81.068377,12:57,12,21,27.5,0.95,low_traffic,6,6
D1,2026-03-20,4,L03,Reliance Fresh Aliganj,26.757265,80.856759,09:38,9,13,41.1,1.37,low_traffic,1,7
D1,2026-03-20,4,L10,Lulu Hypermarket Faizabad Road,26.829006,80.89192,10:32,10,17,31.7,1.67,medium_traffic,2,7
D1,2026-03-20,4,L07,More Supermarket Mahanagar,26.933135,80.871408,11:20,11,23,16.7,0.88,low_traffic,3,7
D1,2026-03-20,4,L05,Spencer's Indiranagar,26.87299,81.000299,11:59,11,19,17.3,0.96,medium_traffic,4,7
D1,2026-03-20,4,L06,Star Bazaar Rajajipuram,26.722052,81.068377,12:35,12,22,15.0,0.94,low_traffic,5,7
D1,2026-03-20,4,L04,D-Mart Saharaganj,26.731802,81.041406,13:12,13,31,12.6,1.15,low_traffic,6,7
D1,2026-03-20,4,L09,Vishal Mega Mart Golf City,26.795803,80.952637,13:55,13,40,23.2,1.16,medium_traffic,7,7
D1,2026-03-21,5,L07,More Supermarket Mahanagar,26.933135,80.871408,09:31,9,15,40.0,1.74,low_traffic,1,4
D1,2026-03-21,5,L10,Lulu Hypermarket Faizabad Road,26.829006,80.89192,10:26,10,19,27.0,1.35,medium_traffic,2,4
D1,2026-03-21,5,L01,Metro Cash & Carry Hazratganj,26.81408,81.063386,11:12,11,31,14.1,0.94,low_traffic,3,4
D1,2026-03-21,5,L02,Big Bazaar Gomti Nagar,26.907018,80.971851,11:57,11,11,8.7,0.97,medium_traffic,4,4
D1,2026-03-23,0,L03,Reliance Fresh Aliganj,26.757265,80.856759,09:25,9,8,29.6,1.48,low_traffic,1,7
D1,2026-03-23,0,L02,Big Bazaar Gomti Nagar,26.907018,80.971851,10:02,10,16,22.3,1.59,medium_traffic,2,7
D1,2026-03-23,0,L07,More Supermarket Mahanagar,26.933135,80.871408,10:40,10,21,15.8,1.58,low_traffic,3,7
D1,2026-03-23,0,L04,D-Mart Saharaganj,26.731802,81.041406,11:16,11,35,23.8,0.95,low_traffic,4,7
D1,2026-03-23,0,L06,Star Bazaar Rajajipuram,26.722052,81.068377,12:14,12,25,27.5,1.02,low_traffic,5,7
D1,2026-03-23,0,L01,Metro Cash & Carry Hazratganj,26.81408,81.063386,13:06,13,29,14.6,1.22,low_traffic,6,7
D1,2026-03-23,0,L09,Vishal Mega Mart Golf City,26.795803,80.952637,13:49,13,39,21.2,1.18,medium_traffic,7,7
D1,2026-03-24,1,L10,Lulu Hypermarket Faizabad Road,26.829006,80.89192,09:33,9,19,41.3,1.53,medium_traffic,1,7
D1,2026-03-24,1,L02,Big Bazaar Gomti Nagar,26.907018,80.971851,10:33,10,16,37.0,1.37,medium_traffic,2,7
D1,2026-03-24,1,L09,Vishal Mega Mart Golf City,26.795803,80.952637,11:26,11,42,23.8,0.88,medium_traffic,3,7
D1,2026-03-24,1,L08,V-Mart Chinhat,26.763974,80.863885,12:31,12,17,26.5,1.02,low_traffic,4,7
D1,2026-03-24,1,L06,Star Bazaar Rajajipuram,26.722052,81.068377,13:14,13,23,28.8,1.2,low_traffic,5,7
D1,2026-03-24,1,L01,Metro Cash & Carry Hazratganj,26.81408,81.063386,14:05,14,32,31.2,1.2,low_traffic,6,7
D1,2026-03-24,1,L05,Spencer's Indiranagar,26.87299,81.000299,15:08,15,21,7.5,0.94,medium_traffic,7,7
D1,2026-03-25,2,L03,Reliance Fresh Aliganj,26.757265,80.856759,08:37,8,18,37.0,1.54,low_traffic,1,7
D1,2026-03-25,2,L08,V-Mart Chinhat,26.763974,80.863885,09:32,9,14,33.2,1.66,low_traffic,2,7
D1,2026-03-25,2,L10,Lulu Hypermarket Faizabad Road,26.829006,80.89192,10:19,10,11,25.6,1.71,medium_traffic,3,7
D1,2026-03-25,2,L04,D-Mart Saharaganj,26.731802,81.041406,10:55,10,32,47.7,1.59,low_traffic,4,7
D1,2026-03-25,2,L01,Metro Cash & Carry Hazratganj,26.81408,81.063386,12:14,12,33,19.6,0.89,low_traffic,5,7
D1,2026-03-25,2,L06,Star Bazaar Rajajipuram,26.722052,81.068377,13:06,13,26,24.8,1.18,low_traffic,6,7
D1,2026-03-25,2,L09,Vishal Mega Mart Golf City,26.795803,80.952637,13:56,13,43,27.4,1.14,medium_traffic,7,7
D1,2026-03-26,3,L06,Star Bazaar Rajajipuram,26.722052,81.068377,09:34,9,25,27.9,1.47,low_traffic,1,8
D1,2026-03-26,3,L10,Lulu Hypermarket Faizabad Road,26.829006,80.89192,10:26,10,21,49.0,1.69,medium_traffic,2,8
D1,2026-03-26,3,L02,Big Bazaar Gomti Nagar,26.907018,80.971851,11:36,11,20,16.2,1.01,medium_traffic,3,8
D1,2026-03-26,3,L07,More Supermarket Mahanagar,26.933135,80.871408,12:12,12,19,14.2,0.95,low_traffic,4,8
D1,2026-03-26,3,L08,V-Mart Chinhat,26.763974,80.863885,12:45,12,16,14.4,0.96,low_traffic,5,8
D1,2026-03-26,3,L09,Vishal Mega Mart Golf City,26.795803,80.952637,13:15,13,34,37.5,1.25,medium_traffic,6,8
D1,2026-03-26,3,L05,Spencer's Indiranagar,26.87299,81.000299,14:26,14,21,28.5,1.24,medium_traffic,7,8
D1,2026-03-26,3,L04,D-Mart Saharaganj,26.731802,81.041406,15:15,15,43,23.8,0.95,low_traffic,8,8
D1,2026-03-27,4,L08,V-Mart Chinhat,26.763974,80.863885,08:22,8,16,49.3,1.76,low_traffic,1,7
D1,2026-03-27,4,L10,Lulu Hypermarket Faizabad Road,26.829006,80.89192,09:27,9,14,23.4,1.67,medium_traffic,2,7
D1,2026-03-27,4,L01,Metro Cash & Carry Hazratganj,26.81408,81.063386,10:04,10,36,27.4,1.71,low_traffic,3,7
D1,2026-03-27,4,L06,Star Bazaar Rajajipuram,26.722052,81.068377,11:07,11,16,11.9,0.99,low_traffic,4,7
D1,2026-03-27,4,L09,Vishal Mega Mart Golf City,26.795803,80.952637,11:34,11,34,25.2,0.97,medium_traffic,5,7
D1,2026-03-27,4,L03,Reliance Fresh Aliganj,26.757265,80.856759,12:33,12,16,26.1,0.9,low_traffic,6,7
D1,2026-03-27,4,L04,D-Mart Saharaganj,26.731802,81.041406,13:15,13,31,17.2,1.15,low_traffic,7,7
D1,2026-03-28,5,L05,Spencer's Indiranagar,26.87299,81.000299,09:41,9,23,40.7,1.77,medium_traffic,1,3
D1,2026-03-28,5,L04,D-Mart Saharaganj,26.731802,81.041406,10:44,10,36,27.7,1.63,low_traffic,2,3
D1,2026-03-28,5,L03,Reliance Fresh Aliganj,26.757265,80.856759,11:47,11,20,8.2,0.91,low_traffic,3,3
D1,2026-03-30,0,L06,Star Bazaar Rajajipuram,26.722052,81.068377,08:18,8,19,13.9,1.74,low_traffic,1,5
D1,2026-03-30,0,L03,Reliance Fresh Aliganj,26.757265,80.856759,08:50,8,13,17.4,1.58,low_traffic,2,5
D1,2026-03-30,0,L05,Spencer's Indiranagar,26.87299,81.000299,09:20,9,24,40.3,1.44,medium_traffic,3,5
D1,2026-03-30,0,L08,V-Mart Chinhat,26.763974,80.863885,10:24,10,20,18.7,1.56,low_traffic,4,5
D1,2026-03-30,0,L07,More Supermarket Mahanagar,26.933135,80.871408,11:02,11,27,13.2,0.94,low_traffic,5,5
D1,2026-03-31,1,L04,D-Mart Saharaganj,26.731802,81.041406,09:36,9,33,23.0,1.64,low_traffic,1,5
D1,2026-03-31,1,L05,Spencer's Indiranagar,26.87299,81.000299,10:32,10,22,45.1,1.61,medium_traffic,2,5
D1,2026-03-31,1,L07,More Supermarket Mahanagar,26.933135,80.871408,11:39,11,20,24.5,1.02,low_traffic,3,5
D1,2026-03-31,1,L01,Metro Cash & Carry Hazratganj,26.81408,81.063386,12:23,12,29,25.2,0.87,low_traffic,4,5
D1,2026-03-31,1,L02,Big Bazaar Gomti Nagar,26.907018,80.971851,13:17,13,18,13.7,1.14,medium_traffic,5,5
D1,2026-04-01,2,L09,Vishal Mega Mart Golf City,26.795803,80.952637,08:16,8,34,48.9,1.63,medium_traffic,1,7
D1,2026-04-01,2,L08,V-Mart Chinhat,26.763974,80.863885,09:38,9,19,14.6,1.33,low_traffic,2,7
D1,2026-04-01,2,L06,Star Bazaar Rajajipuram,26.722052,81.068377,10:11,10,25,29.0,1.45,low_traffic,3,7
D1,2026-04-01,2,L03,Reliance Fresh Aliganj,26.757265,80.856759,11:05,11,20,28.5,0.95,low_traffic,4,7
D1,2026-04-01,2,L07,More Supermarket Mahanagar,26.933135,80.871408,11:53,11,25,10.0,0.91,low_traffic,5,7
D1,2026-04-01,2,L02,Big Bazaar Gomti Nagar,26.907018,80.971851,12:28,12,16,17.5,1.03,medium_traffic,6,7
D1,2026-04-01,2,L10,Lulu Hypermarket Faizabad Road,26.829006,80.89192,13:01,13,13,18.3,1.22,medium_traffic,7,7
D1,2026-04-02,3,L02,Big Bazaar Gomti Nagar,26.907018,80.971851,08:43,8,19,16.8,1.68,medium_traffic,1,8
D1,2026-04-02,3,L01,Metro Cash & Carry Hazratganj,26.81408,81.063386,09:18,9,33,45.6,1.52,low_traffic,2,8
D1,2026-04-02,3,L10,Lulu Hypermarket Faizabad Road,26.829006,80.89192,10:36,10,12,34.8,1.34,medium_traffic,3,8
D1,2026-04-02,3,L07,More Supermarket Mahanagar,26.933135,80.871408,11:22,11,23,21.5,0.86,low_traffic,4,8
D1,2026-04-02,3,L05,Spencer's Indiranagar,26.87299,81.000299,12:06,12,18,22.2,0.89,medium_traffic,5,8
D1,2026-04-02,3,L09,Vishal Mega Mart Golf City,26.795803,80.952637,12:46,12,38,21.1,0.88,medium_traffic,6,8
D1,2026-04-02,3,L04,D-Mart Saharaganj,26.731802,81.041406,13:45,13,42,15.7,1.12,low_traffic,7,8
D1,2026-04-02,3,L06,Star Bazaar Rajajipuram,26.722052,81.068377,14:42,14,23,12.2,1.22,low_traffic,8,8
D1,2026-04-03,4,L07,More Supermarket Mahanagar,26.933135,80.871408,09:01,9,26,12.0,1.5,low_traffic,1,8
D1,2026-04-03,4,L02,Big Bazaar Gomti Nagar,26.907018,80.971851,09:39,9,11,14.1,1.41,medium_traffic,2,8
D1,2026-04-03,4,L09,Vishal Mega Mart Golf City,26.795803,80.952637,10:04,10,32,45.3,1.51,medium_traffic,3,8
D1,2026-04-03,4,L10,Lulu Hypermarket Faizabad Road,26.829006,80.89192,11:21,11,12,8.6,0.96,medium_traffic,4,8
D1,2026-04-03,4,L06,Star Bazaar Rajajipuram,26.722052,81.068377,11:41,11,15,24.2,1.05,low_traffic,5,8
D1,2026-04-03,4,L04,D-Mart Saharaganj,26.731802,81.041406,12:20,12,43,11.8,0.91,low_traffic,6,8
D1,2026-04-03,4,L05,Spencer's Indiranagar,26.87299,81.000299,13:14,13,27,31.6,1.13,medium_traffic,7,8
D1,2026-04-03,4,L03,Reliance Fresh Aliganj,26.757265,80.856759,14:12,14,13,25.8,1.23,low_traffic,8,8
D1,2026-04-04,5,L10,Lulu Hypermarket Faizabad Road,26.829006,80.89192,08:11,8,19,36.0,1.8,medium_traffic,1,4
D1,2026-04-04,5,L04,D-Mart Saharaganj,26.731802,81.041406,09:06,9,31,20.4,1.36,low_traffic,2,4
D1,2026-04-04,5,L03,Reliance Fresh Aliganj,26.757265,80.856759,09:57,9,15,28.6,1.68,low_traffic,3,4
D1,2026-04-04,5,L02,Big Bazaar Gomti Nagar,26.907018,80.971851,10:40,10,17,41.0,1.64,medium_traffic,4,4
D1,2026-04-06,0,L09,Vishal Mega Mart Golf City,26.795803,80.952637,08:42,8,34,12.1,1.51,medium_traffic,1,8
D1,2026-04-06,0,L01,Metro Cash & Carry Hazratganj,26.81408,81.063386,09:28,9,37,15.4,1.4,low_traffic,2,8
D1,2026-04-06,0,L05,Spencer's Indiranagar,26.87299,81.000299,10:20,10,26,35.6,1.32,medium_traffic,3,8
D1,2026-04-06,0,L06,Star Bazaar Rajajipuram,26.722052,81.068377,11:21,11,18,8.9,0.99,low_traffic,4,8
D1,2026-04-06,0,L07,More Supermarket Mahanagar,26.933135,80.871408,11:47,11,22,20.0,1.0,low_traffic,5,8
D1,2026-04-06,0,L02,Big Bazaar Gomti Nagar,26.907018,80.971851,12:29,12,23,12.6,0.9,medium_traffic,6,8
D1,2026-04-06,0,L03,Reliance Fresh Aliganj,26.757265,80.856759,13:04,13,10,11.4,1.27,low_traffic,7,8
D1,2026-04-06,0,L08,V-Mart Chinhat,26.763974,80.863885,13:25,13,15,20.4,1.2,low_traffic,8,8
D1,2026-04-07,1,L01,Metro Cash & Carry Hazratganj,26.81408,81.063386,09:03,9,39,41.1,1.58,low_traffic,1,7
D1,2026-04-07,1,L07,More Supermarket Mahanagar,26.933135,80.871408,10:23,10,25,49.3,1.76,low_traffic,2,7
D1,2026-04-07,1,L08,V-Mart Chinhat,26.763974,80.863885,11:37,11,12,21.6,0.94,low_traffic,3,7
D1,2026-04-07,1,L09,Vishal Mega Mart Golf City,26.795803,80.952637,12:10,12,41,29.1,1.04,medium_traffic,4,7
D1,2026-04-07,1,L05,Spencer's Indiranagar,26.87299,81.000299,13:20,13,21,28.3,1.18,medium_traffic,5,7
D1,2026-04-07,1,L02,Big Bazaar Gomti Nagar,26.907018,80.971851,14:09,14,13,26.0,1.24,medium_traffic,6,7
D1,2026-04-07,1,L03,Reliance Fresh Aliganj,26.757265,80.856759,14:48,14,20,15.1,1.16,low_traffic,7,7
D1,2026-04-08,2,L03,Reliance Fresh Aliganj,26.757265,80.856759,09:35,9,11,31.2,1.56,low_traffic,1,8
D1,2026-04-08,2,L08,V-Mart Chinhat,26.763974,80.863885,10:17,10,22,25.7,1.43,low_traffic,2,8
D1,2026-04-08,2,L01,Metro Cash & Carry Hazratganj,26.81408,81.063386,11:04,11,33,19.1,0.87,low_traffic,3,8
D1,2026-04-08,2,L09,Vishal Mega Mart Golf City,26.795803,80.952637,11:56,11,31,12.2,0.87,medium_traffic,4,8
D1,2026-04-08,2,L02,Big Bazaar Gomti Nagar,26.907018,80.971851,12:39,12,20,26.1,0.9,medium_traffic,5,8
D1,2026-04-08,2,L06,Star Bazaar Rajajipuram,26.722052,81.068377,13:25,13,18,12.2,1.22,low_traffic,6,8
D1,2026-04-08,2,L07,More Supermarket Mahanagar,26.933135,80.871408,13:55,13,26,32.8,1.26,low_traffic,7,8
D1,2026-04-08,2,L05,Spencer's Indiranagar,26.87299,81.000299,14:53,14,23,17.2,1.23,medium_traffic,8,8
D1,2026-04-09,3,L10,Lulu Hypermarket Faizabad Road,26.829006,80.89192,09:15,9,17,26.9,1.58,medium_traffic,1,6
D1,2026-04-09,3,L03,Reliance Fresh Aliganj,26.757265,80.856759,09:58,9,13,42.8,1.53,low_traffic,2,6
D1,2026-04-09,3,L09,Vishal Mega Mart Golf City,26.795803,80.952637,10:53,10,39,27.6,1.45,medium_traffic,3,6
D1,2026-04-09,3,L04,D-Mart Saharaganj,26.731802,81.041406,11:59,11,32,22.7,1.03,low_traffic,4,6
D1,2026-04-09,3,L08,V-Mart Chinhat,26.763974,80.863885,12:53,12,24,23.2,1.01,low_traffic,5,6
D1,2026-04-09,3,L07,More Supermarket Mahanagar,26.933135,80.871408,13:40,13,20,17.8,1.27,low_traffic,6,6
D1,2026-04-10,4,L05,Spencer's Indiranagar,26.87299,81.000299,09:09,9,22,21.0,1.4,medium_traffic,1,7
D1,2026-04-10,4,L10,Lulu Hypermarket Faizabad Road,26.829006,80.89192,09:52,9,18,23.7,1.58,medium_traffic,2,7
D1,2026-04-10,4,L08,V-Mart Chinhat,26.763974,80.863885,10:33,10,17,45.8,1.58,low_traffic,3,7
D1,2026-04-10,4,L03,Reliance Fresh Aliganj,26.757265,80.856759,11:35,11,19,20.7,0.9,low_traffic,4,7
D1,2026-04-10,4,L09,Vishal Mega Mart Golf City,26.795803,80.952637,12:14,12,38,22.5,0.98,medium_traffic,5,7
D1,2026-04-10,4,L02,Big Bazaar Gomti Nagar,26.907018,80.971851,13:14,13,13,21.5,1.13,medium_traffic,6,7
D1,2026-04-10,4,L06,Star Bazaar Rajajipuram,26.722052,81.068377,13:48,13,22,28.2,1.13,low_traffic,7,7
D1,2026-04-11,5,L03,Reliance Fresh Aliganj,26.757265,80.856759,08:04,8,11,13.2,1.65,low_traffic,1,3
D1,2026-04-11,5,L04,D-Mart Saharaganj,26.731802,81.041406,08:28,8,31,29.4,1.55,low_traffic,2,3
D1,2026-04-11,5,L02,Big Bazaar Gomti Nagar,26.907018,80.971851,09:28,9,20,46.7,1.61,medium_traffic,3,3
D1,2026-04-13,0,L03,Reliance Fresh Aliganj,26.757265,80.856759,09:01,9,18,46.5,1.55,low_traffic,1,8
D1,2026-04-13,0,L02,Big Bazaar Gomti Nagar,26.907018,80.971851,10:05,10,12,19.8,1.52,medium_traffic,2,8
D1,2026-04-13,0,L06,Star Bazaar Rajajipuram,26.722052,81.068377,10:36,10,17,42.2,1.76,low_traffic,3,8
D1,2026-04-13,0,L10,Lulu Hypermarket Faizabad Road,26.829006,80.89192,11:35,11,19,24.3,0.9,medium_traffic,4,8
D1,2026-04-13,0,L04,D-Mart Saharaganj,26.731802,81.041406,12:18,12,35,17.1,0.9,low_traffic,5,8
D1,2026-04-13,0,L07,More Supermarket Mahanagar,26.933135,80.871408,13:10,13,20,12.6,1.26,low_traffic,6,8
D1,2026-04-13,0,L05,Spencer's Indiranagar,26.87299,81.000299,13:42,13,25,28.4,1.29,medium_traffic,7,8
D1,2026-04-13,0,L09,Vishal Mega Mart Golf City,26.795803,80.952637,14:35,14,34,34.5,1.15,medium_traffic,8,8
D1,2026-04-14,1,L08,V-Mart Chinhat,26.763974,80.863885,08:05,8,22,32.6,1.55,low_traffic,1,7
D1,2026-04-14,1,L03,Reliance Fresh Aliganj,26.757265,80.856759,08:59,8,9,43.9,1.69,low_traffic,2,7
D1,2026-04-14,1,L09,Vishal Mega Mart Golf City,26.795803,80.952637,09:51,9,34,15.8,1.75,medium_traffic,3,7
D1,2026-04-14,1,L05,Spencer's Indiranagar,26.87299,81.000299,10:40,10,25,42.3,1.41,medium_traffic,4,7
D1,2026-04-14,1,L06,Star Bazaar Rajajipuram,26.722052,81.068377,11:47,11,16,8.5,0.95,low_traffic,5,7
D1,2026-04-14,1,L07,More Supermarket Mahanagar,26.933135,80.871408,12:11,12,23,15.8,0.99,low_traffic,6,7
D1,2026-04-14,1,L04,D-Mart Saharaganj,26.731802,81.041406,12:49,12,33,8.6,0.96,low_traffic,7,7
D1,2026-04-15,2,L08,V-Mart Chinhat,26.763974,80.863885,08:36,8,22,34.4,1.72,low_traffic,1,7
D1,2026-04-15,2,L05,Spencer's Indiranagar,26.87299,81.000299,09:32,9,22,31.5,1.75,medium_traffic,2,7
D1,2026-04-15,2,L02,Big Bazaar Gomti Nagar,26.907018,80.971851,10:25,10,23,20.2,1.68,medium_traffic,3,7
D1,2026-04-15,2,L10,Lulu Hypermarket Faizabad Road,26.829006,80.89192,11:08,11,19,10.5,1.05,medium_traffic,4,7
D1,2026-04-15,2,L09,Vishal Mega Mart Golf City,26.795803,80.952637,11:37,11,31,19.0,1.0,medium_traffic,5,7
D1,2026-04-15,2,L06,Star Bazaar Rajajipuram,26.722052,81.068377,12:27,12,16,13.1,0.87,low_traffic,6,7
D1,2026-04-15,2,L07,More Supermarket Mahanagar,26.933135,80.871408,12:56,12,24,24.8,0.92,low_traffic,7,7
D1,2026-04-16,3,L09,Vishal Mega Mart Golf City,26.795803,80.952637,09:11,9,37,47.6,1.64,medium_traffic,1,8
D1,2026-04-16,3,L03,Reliance Fresh Aliganj,26.757265,80.856759,10:35,10,12,36.2,1.34,low_traffic,2,8
D1,2026-04-16,3,L08,V-Mart Chinhat,26.763974,80.863885,11:23,11,13,30.3,1.01,low_traffic,3,8
D1,2026-04-16,3,L02,Big Bazaar Gomti Nagar,26.907018,80.971851,12:06,12,17,10.4,0.87,medium_traffic,4,8
D1,2026-04-16,3,L10,Lulu Hypermarket Faizabad Road,26.829006,80.89192,12:33,12,13,27.7,0.99,medium_traffic,5,8
D1,2026-04-16,3,L04,D-Mart Saharaganj,26.731802,81.041406,13:13,13,36,22.5,1.25,low_traffic,6,8
D1,2026-04-16,3,L07,More Supermarket Mahanagar,26.933135,80.871408,14:11,14,19,9.0,1.12,low_traffic,7,8
D1,2026-04-16,3,L05,Spencer's Indiranagar,26.87299,81.000299,14:39,14,17,19.0,1.19,medium_traffic,8,8
D1,2026-04-17,4,L10,Lulu Hypermarket Faizabad Road,26.829006,80.89192,08:22,8,20,42.7,1.58,medium_traffic,1,6
D1,2026-04-17,4,L09,Vishal Mega Mart Golf City,26.795803,80.952637,09:24,9,31,33.8,1.69,medium_traffic,2,6
D1,2026-04-17,4,L01,Metro Cash & Carry Hazratganj,26.81408,81.063386,10:28,10,40,29.0,1.45,low_traffic,3,6
D1,2026-04-17,4,L08,V-Mart Chinhat,26.763974,80.863885,11:37,11,15,21.8,0.87,low_traffic,4,6
D1,2026-04-17,4,L06,Star Bazaar Rajajipuram,26.722052,81.068377,12:13,12,25,12.5,0.96,low_traffic,5,6
D1,2026-04-17,4,L05,Spencer's Indiranagar,26.87299,81.000299,12:50,12,20,11.2,0.93,medium_traffic,6,6
D1,2026-04-18,5,L07,More Supermarket Mahanagar,26.933135,80.871408,09:04,9,26,22.2,1.48,low_traffic,1,4
D1,2026-04-18,5,L10,Lulu Hypermarket Faizabad Road,26.829006,80.89192,09:52,9,20,43.5,1.61,medium_traffic,2,4
D1,2026-04-18,5,L06,Star Bazaar Rajajipuram,26.722052,81.068377,10:55,10,17,15.4,1.4,low_traffic,3,4
D1,2026-04-18,5,L09,Vishal Mega Mart Golf City,26.795803,80.952637,11:27,11,36,18.2,0.91,medium_traffic,4,4
D1,2026-04-20,0,L01,Metro Cash & Carry Hazratganj,26.81408,81.063386,08:30,8,33,29.2,1.46,low_traffic,1,8
D1,2026-04-20,0,L03,Reliance Fresh Aliganj,26.757265,80.856759,09:32,9,18,43.5,1.45,low_traffic,2,8
D1,2026-04-20,0,L07,More Supermarket Mahanagar,26.933135,80.871408,10:33,10,27,40.3,1.55,low_traffic,3,8
D1,2026-04-20,0,L02,Big Bazaar Gomti Nagar,26.907018,80.971851,11:40,11,15,18.0,0.9,medium_traffic,4,8
D1,2026-04-20,0,L05,Spencer's Indiranagar,26.87299,81.000299,12:13,12,21,20.2,1.01,medium_traffic,5,8
D1,2026-04-20,0,L09,Vishal Mega Mart Golf City,26.795803,80.952637,12:54,12,34,22.6,0.87,medium_traffic,6,8
D1,2026-04-20,0,L04,D-Mart Saharaganj,26.731802,81.041406,13:50,13,33,30.5,1.22,low_traffic,7,8
D1,2026-04-20,0,L10,Lulu Hypermarket Faizabad Road,26.829006,80.89192,14:53,14,11,31.0,1.24,medium_traffic,8,8
D1,2026-04-21,1,L09,Vishal Mega Mart Golf City,26.795803,80.952637,08:40,8,41,23.2,1.45,medium_traffic,1,8
D1,2026-04-21,1,L02,Big Bazaar Gomti Nagar,26.907018,80.971851,09:44,9,23,29.0,1.38,medium_traffic,2,8
D1,2026-04-21,1,L03,Reliance Fresh Aliganj,26.757265,80.856759,10:36,10,17,32.8,1.49,low_traffic,3,8
D1,2026-04-21,1,L10,Lulu Hypermarket Faizabad Road,26.829006,80.89192,11:25,11,19,19.0,0.95,medium_traffic,4,8
D1,2026-04-21,1,L01,Metro Cash & Carry Hazratganj,26.81408,81.063386,12:03,12,34,28.5,0.95,low_traffic,5,8
D1,2026-04-21,1,L06,Star Bazaar Rajajipuram,26.722052,81.068377,13:05,13,26,23.0,1.21,low_traffic,6,8
D1,2026-04-21,1,L07,More Supermarket Mahanagar,26.933135,80.871408,13:54,13,24,32.0,1.28,low_traffic,7,8
D1,2026-04-21,1,L05,Spencer's Indiranagar,26.87299,81.000299,14:50,14,17,12.3,1.23,medium_traffic,8,8
D1,2026-04-22,2,L07,More Supermarket Mahanagar,26.933135,80.871408,08:06,8,26,34.3,1.43,low_traffic,1,6
D1,2026-04-22,2,L08,V-Mart Chinhat,26.763974,80.863885,09:06,9,23,40.6,1.56,low_traffic,2,6
D1,2026-04-22,2,L02,Big Bazaar Gomti Nagar,26.907018,80.971851,10:09,10,16,35.0,1.59,medium_traffic,3,6
D1,2026-04-22,2,L09,Vishal Mega Mart Golf City,26.795803,80.952637,11:00,11,40,27.0,0.93,medium_traffic,4,6
D1,2026-04-22,2,L04,D-Mart Saharaganj,26.731802,81.041406,12:07,12,36,11.9,0.99,low_traffic,5,6
D1,2026-04-22,2,L10,Lulu Hypermarket Faizabad Road,26.829006,80.89192,12:54,12,12,24.2,1.05,medium_traffic,6,6
D1,2026-04-23,3,L01,Metro Cash & Carry Hazratganj,26.81408,81.063386,09:13,9,35,29.6,1.56,low_traffic,1,7
D1,2026-04-23,3,L04,D-Mart Saharaganj,26.731802,81.041406,10:17,10,38,40.5,1.35,low_traffic,2,7
D1,2026-04-23,3,L05,Spencer's Indiranagar,26.87299,81.000299,11:35,11,16,15.5,0.91,medium_traffic,3,7
D1,2026-04-23,3,L03,Reliance Fresh Aliganj,26.757265,80.856759,12:06,12,8,11.1,1.01,low_traffic,4,7
D1,2026-04-23,3,L08,V-Mart Chinhat,26.763974,80.863885,12:25,12,13,28.6,1.02,low_traffic,5,7
D1,2026-04-23,3,L06,Star Bazaar Rajajipuram,26.722052,81.068377,13:06,13,26,16.1,1.24,low_traffic,6,7
D1,2026-04-23,3,L10,Lulu Hypermarket Faizabad Road,26.829006,80.89192,13:48,13,19,14.9,1.15,medium_traffic,7,7
D1,2026-04-24,4,L03,Reliance Fresh Aliganj,26.757265,80.856759,09:01,9,15,23.4,1.67,low_traffic,1,6
D1,2026-04-24,4,L05,Spencer's Indiranagar,26.87299,81.000299,09:39,9,16,32.0,1.6,medium_traffic,2,6
D1,2026-04-24,4,L01,Metro Cash & Carry Hazratganj,26.81408,81.063386,10:27,10,32,23.1,1.65,low_traffic,3,6
D1,2026-04-24,4,L10,Lulu Hypermarket Faizabad Road,26.829006,80.89192,11:22,11,20,10.0,1.0,medium_traffic,4,6
D1,2026-04-24,4,L08,V-Mart Chinhat,26.763974,80.863885,11:52,11,14,21.8,0.87,low_traffic,5,6
D1,2026-04-24,4,L02,Big Bazaar Gomti Nagar,26.907018,80.971851,12:27,12,18,12.9,0.92,medium_traffic,6,6
D1,2026-04-25,5,L02,Big Bazaar Gomti Nagar,26.907018,80.971851,09:22,9,13,46.4,1.72,medium_traffic,1,3
D1,2026-04-25,5,L01,Metro Cash & Carry Hazratganj,26.81408,81.063386,10:21,10,40,51.3,1.71,low_traffic,2,3
D1,2026-04-25,5,L03,Reliance Fresh Aliganj,26.757265,80.856759,11:52,11,17,24.6,0.91,low_traffic,3,3
D1,2026-04-27,0,L09,Vishal Mega Mart Golf City,26.795803,80.952637,09:26,9,37,41.6,1.6,medium_traffic,1,5
D1,2026-04-27,0,L05,Spencer's Indiranagar,26.87299,81.000299,10:44,10,26,34.7,1.51,medium_traffic,2,5
D1,2026-04-27,0,L04,D-Mart Saharaganj,26.731802,81.041406,11:44,11,33,26.9,0.96,low_traffic,3,5
D1,2026-04-27,0,L07,More Supermarket Mahanagar,26.933135,80.871408,12:43,12,19,22.1,0.96,low_traffic,4,5
D1,2026-04-27,0,L01,Metro Cash & Carry Hazratganj,26.81408,81.063386,13:24,13,35,20.3,1.13,low_traffic,5,5
D1,2026-04-28,1,L09,Vishal Mega Mart Golf City,26.795803,80.952637,09:45,9,33,39.6,1.72,medium_traffic,1,5
D1,2026-04-28,1,L03,Reliance Fresh Aliganj,26.757265,80.856759,10:57,10,20,10.7,1.34,low_traffic,2,5
D1,2026-04-28,1,L10,Lulu Hypermarket Faizabad Road,26.829006,80.89192,11:27,11,11,17.0,1.0,medium_traffic,3,5
D1,2026-04-28,1,L05,Spencer's Indiranagar,26.87299,81.000299,11:55,11,20,22.5,0.9,medium_traffic,4,5
D1,2026-04-28,1,L04,D-Mart Saharaganj,26.731802,81.041406,12:37,12,40,19.4,0.88,low_traffic,5,5
D1,2026-04-29,2,L08,V-Mart Chinhat,26.763974,80.863885,09:34,9,13,29.6,1.41,low_traffic,1,8
D1,2026-04-29,2,L06,Star Bazaar Rajajipuram,26.722052,81.068377,10:16,10,27,46.8,1.67,low_traffic,2,8
D1,2026-04-29,2,L04,D-Mart Saharaganj,26.731802,81.041406,11:29,11,38,8.1,0.9,low_traffic,3,8
D1,2026-04-29,2,L07,More Supermarket Mahanagar,26.933135,80.871408,12:15,12,22,9.0,0.9,low_traffic,4,8
D1,2026-04-29,2,L03,Reliance Fresh Aliganj,26.757265,80.856759,12:46,12,20,11.2,1.02,low_traffic,5,8
D1,2026-04-29,2,L01,Metro Cash & Carry Hazratganj,26.81408,81.063386,13:17,13,40,17.6,1.26,low_traffic,6,8
D1,2026-04-29,2,L05,Spencer's Indiranagar,26.87299,81.000299,14:14,14,21,37.5,1.25,medium_traffic,7,8
D1,2026-04-29,2,L02,Big Bazaar Gomti Nagar,26.907018,80.971851,15:12,15,21,27.5,1.02,medium_traffic,8,8
D1,2026-04-30,3,L05,Spencer's Indiranagar,26.87299,81.000299,08:20,8,20,30.4,1.79,medium_traffic,1,8
D1,2026-04-30,3,L06,Star Bazaar Rajajipuram,26.722052,81.068377,09:10,9,25,38.2,1.59,low_traffic,2,8
D1,2026-04-30,3,L08,V-Mart Chinhat,26.763974,80.863885,10:13,10,24,20.5,1.71,low_traffic,3,8
D1,2026-04-30,3,L09,Vishal Mega Mart Golf City,26.795803,80.952637,10:57,10,35,15.2,1.69,medium_traffic,4,8
D1,2026-04-30,3,L01,Metro Cash & Carry Hazratganj,26.81408,81.063386,11:47,11,39,12.2,1.02,low_traffic,5,8
D1,2026-04-30,3,L02,Big Bazaar Gomti Nagar,26.907018,80.971851,12:38,12,13,15.3,1.02,medium_traffic,6,8
D1,2026-04-30,3,L07,More Supermarket Mahanagar,26.933135,80.871408,13:06,13,27,18.6,1.24,low_traffic,7,8
D1,2026-04-30,3,L04,D-Mart Saharaganj,26.731802,81.041406,13:51,13,38,25.4,1.27,low_traffic,8,8
D2,2026-01-02,4,L16,Quick Commerce Indiranagar,26.874662,80.860536,09:29,9,35,32.0,1.78,low_traffic,1,6
D2,2026-01-02,4,L13,Swiggy Dark Store Gomti Extension,26.835278,81.020346,10:36,10,47,13.0,1.3,medium_traffic,2,6
D2,2026-01-02,4,L12,Grofers Hub Vikas Nagar,26.792658,80.911454,11:36,11,41,29.1,1.04,medium_traffic,3,6
D2,2026-01-02,4,L19,Netmeds Hub Chinhat,26.7959,80.841595,12:46,12,20,9.9,0.99,low_traffic,4,6
D2,2026-01-02,4,L11,Walmart Best Price Kursi Road,26.875782,80.852468,13:15,13,35,16.9,1.21,low_traffic,5,6
D2,2026-01-02,4,L18,MedPlus Mahanagar,26.967764,81.026383,14:06,14,13,29.0,1.26,low_traffic,6,6
D2,2026-01-03,5,L12,Grofers Hub Vikas Nagar,26.792658,80.911454,09:01,9,38,17.7,1.36,medium_traffic,1,4
D2,2026-01-03,5,L17,Apollo Pharmacy Rajajipuram,26.733613,81.06291,09:56,9,24,32.1,1.53,low_traffic,2,4
D2,2026-01-03,5,L19,Netmeds Hub Chinhat,26.7959,80.841595,10:52,10,18,21.6,1.8,low_traffic,3,4
D2,2026-01-03,5,L11,Walmart Best Price Kursi Road,26.875782,80.852468,11:31,11,30,14.6,0.91,low_traffic,4,4
D2,2026-01-05,0,L14,Blinkit Hub Hazratganj,26.768615,80.949901,08:27,8,26,48.9,1.63,medium_traffic,1,7
D2,2026-01-05,0,L13,Swiggy Dark Store Gomti Extension,26.835278,81.020346,09:41,9,37,29.9,1.3,medium_traffic,2,7
D2,2026-01-05,0,L20,HealthKart Golf City,26.894601,80.93064,10:47,10,18,20.6,1.37,medium_traffic,3,7
D2,2026-01-05,0,L11,Walmart Best Price Kursi Road,26.875782,80.852468,11:25,11,29,7.9,0.99,low_traffic,4,7
D2,2026-01-05,0,L19,Netmeds Hub Chinhat,26.7959,80.841595,12:01,12,14,10.9,0.99,low_traffic,5,7
D2,2026-01-05,0,L17,Apollo Pharmacy Rajajipuram,26.733613,81.06291,12:25,12,22,22.8,0.99,low_traffic,6,7
D2,2026-01-05,0,L18,MedPlus Mahanagar,26.967764,81.026383,13:09,13,20,11.5,1.15,low_traffic,7,7
D2,2026-01-06,1,L15,Zepto Store Aliganj,26.870728,80.828277,08:33,8,20,42.7,1.58,low_traffic,1,5
D2,2026-01-06,1,L11,Walmart Best Price Kursi Road,26.875782,80.852468,09:35,9,40,26.2,1.38,low_traffic,2,5
D2,2026-01-06,1,L17,Apollo Pharmacy Rajajipuram,26.733613,81.06291,10:41,10,27,16.9,1.41,low_traffic,3,5
D2,2026-01-06,1,L18,MedPlus Mahanagar,26.967764,81.026383,11:24,11,12,21.3,0.97,low_traffic,4,5
D2,2026-01-06,1,L14,Blinkit Hub Hazratganj,26.768615,80.949901,11:57,11,27,9.6,0.87,medium_traffic,5,5
D2,2026-01-07,2,L18,MedPlus Mahanagar,26.967764,81.026383,08:35,8,13,43.2,1.6,low_traffic,1,5
D2,2026-01-07,2,L11,Walmart Best Price Kursi Road,26.875782,80.852468,09:31,9,29,50.7,1.69,low_traffic,2,5
D2,2026-01-07,2,L19,Netmeds Hub Chinhat,26.7959,80.841595,10:50,10,12,49.9,1.72,low_traffic,3,5
D2,2026-01-07,2,L15,Zepto Store Aliganj,26.870728,80.828277,11:51,11,18,24.0,0.89,low_traffic,4,5
D2,2026-01-07,2,L12,Grofers Hub Vikas Nagar,26.792658,80.911454,12:33,12,35,17.8,0.89,medium_traffic,5,5
D2,2026-01-08,3,L16,Quick Commerce Indiranagar,26.874662,80.860536,09:20,9,32,35.6,1.37,low_traffic,1,5
D2,2026-01-08,3,L15,Zepto Store Aliganj,26.870728,80.828277,10:27,10,12,42.9,1.48,low_traffic,2,5
D2,2026-01-08,3,L13,Swiggy Dark Store Gomti Extension,26.835278,81.020346,11:21,11,36,10.0,1.0,medium_traffic,3,5
D2,2026-01-08,3,L19,Netmeds Hub Chinhat,26.7959,80.841595,12:07,12,12,7.8,0.97,low_traffic,4,5
D2,2026-01-08,3,L20,HealthKart Golf City,26.894601,80.93064,12:26,12,22,8.0,0.89,medium_traffic,5,5
D2,2026-01-09,4,L12,Grofers Hub Vikas Nagar,26.792658,80.911454,09:05,9,34,34.8,1.45,medium_traffic,1,8
D2,2026-01-09,4,L20,HealthKart Golf City,26.894601,80.93064,10:13,10,18,21.5,1.79,medium_traffic,2,8
D2,2026-01-09,4,L13,Swiggy Dark Store Gomti Extension,26.835278,81.020346,10:52,10,46,38.0,1.46,medium_traffic,3,8
D2,2026-01-09,4,L11,Walmart Best Price Kursi Road,26.875782,80.852468,12:16,12,39,28.0,1.0,low_traffic,4,8
D2,2026-01-09,4,L18,MedPlus Mahanagar,26.967764,81.026383,13:23,13,20,20.9,1.23,low_traffic,5,8
D2,2026-01-09,4,L16,Quick Commerce Indiranagar,26.874662,80.860536,14:03,14,26,17.8,1.19,low_traffic,6,8
D2,2026-01-09,4,L14,Blinkit Hub Hazratganj,26.768615,80.949901,14:46,14,26,24.1,1.15,medium_traffic,7,8
D2,2026-01-09,4,L17,Apollo Pharmacy Rajajipuram,26.733613,81.06291,15:36,15,21,25.4,0.94,low_traffic,8,8
D2,2026-01-10,5,L15,Zepto Store Aliganj,26.870728,80.828277,09:10,9,21,23.8,1.49,low_traffic,1,4
D2,2026-01-10,5,L20,HealthKart Golf City,26.894601,80.93064,09:54,9,15,13.9,1.74,medium_traffic,2,4
D2,2026-01-10,5,L14,Blinkit Hub Hazratganj,26.768615,80.949901,10:22,10,33,27.2,1.7,medium_traffic,3,4
D2,2026-01-10,5,L17,Apollo Pharmacy Rajajipuram,26.733613,81.06291,11:22,11,30,25.8,0.86,low_traffic,4,4
D2,2026-01-12,0,L13,Swiggy Dark Store Gomti Extension,26.835278,81.020346,09:06,9,47,50.8,1.75,medium_traffic,1,5
D2,2026-01-12,0,L17,Apollo Pharmacy Rajajipuram,26.733613,81.06291,10:43,10,21,32.6,1.36,low_traffic,2,5
D2,2026-01-12,0,L19,Netmeds Hub Chinhat,26.7959,80.841595,11:36,11,11,6.9,0.86,low_traffic,3,5
D2,2026-01-12,0,L12,Grofers Hub Vikas Nagar,26.792658,80.911454,11:53,11,37,16.3,0.86,medium_traffic,4,5
D2,2026-01-12,0,L15,Zepto Store Aliganj,26.870728,80.828277,12:46,12,10,13.4,1.03,low_traffic,5,5
D2,2026-01-13,1,L17,Apollo Pharmacy Rajajipuram,26.733613,81.06291,08:32,8,23,14.8,1.64,low_traffic,1,8
D2,2026-01-13,1,L12,Grofers Hub Vikas Nagar,26.792658,80.911454,09:09,9,31,33.8,1.41,medium_traffic,2,8
D2,2026-01-13,1,L11,Walmart Best Price Kursi Road,26.875782,80.852468,10:13,10,36,17.8,1.78,low_traffic,3,8
D2,2026-01-13,1,L15,Zepto Store Aliganj,26.870728,80.828277,11:06,11,15,17.3,1.02,low_traffic,4,8
D2,2026-01-13,1,L13,Swiggy Dark Store Gomti Extension,26.835278,81.020346,11:38,11,36,19.1,0.87,medium_traffic,5,8
D2,2026-01-13,1,L19,Netmeds Hub Chinhat,26.7959,80.841595,12:33,12,17,15.6,0.92,low_traffic,6,8
D2,2026-01-13,1,L18,MedPlus Mahanagar,26.967764,81.026383,13:05,13,12,34.0,1.26,low_traffic,7,8
D2,2026-01-13,1,L20,HealthKart Golf City,26.894601,80.93064,13:51,13,17,30.9,1.19,medium_traffic,8,8
D2,2026-01-14,2,L15,Zepto Store Aliganj,26.870728,80.828277,08:21,8,16,37.7,1.3,low_traffic,1,6
D2,2026-01-14,2,L16,Quick Commerce Indiranagar,26.874662,80.860536,09:14,9,27,29.2,1.72,low_traffic,2,6
D2,2026-01-14,2,L18,MedPlus Mahanagar,26.967764,81.026383,10:10,10,15,21.0,1.4,low_traffic,3,6
D2,2026-01-14,2,L12,Grofers Hub Vikas Nagar,26.792658,80.911454,10:46,10,33,14.0,1.55,medium_traffic,4,6
D2,2026-01-14,2,L17,Apollo Pharmacy Rajajipuram,26.733613,81.06291,11:33,11,21,9.9,0.99,low_traffic,5,6
D2,2026-01-14,2,L20,HealthKart Golf City,26.894601,80.93064,12:03,12,16,24.7,1.03,medium_traffic,6,6
D2,2026-01-15,3,L16,Quick Commerce Indiranagar,26.874662,80.860536,09:42,9,30,26.7,1.78,low_traffic,1,7
D2,2026-01-15,3,L17,Apollo Pharmacy Rajajipuram,26.733613,81.06291,10:38,10,33,25.7,1.43,low_traffic,2,7
D2,2026-01-15,3,L13,Swiggy Dark Store Gomti Extension,26.835278,81.020346,11:36,11,41,16.7,0.93,medium_traffic,3,7
D2,2026-01-15,3,L11,Walmart Best Price Kursi Road,26.875782,80.852468,12:33,12,30,14.1,0.94,low_traffic,4,7
D2,2026-01-15,3,L14,Blinkit Hub Hazratganj,26.768615,80.949901,13:17,13,37,15.5,1.29,medium_traffic,5,7
D2,2026-01-15,3,L20,HealthKart Golf City,26.894601,80.93064,14:09,14,12,13.8,1.25,medium_traffic,6,7
D2,2026-01-15,3,L15,Zepto Store Aliganj,26.870728,80.828277,14:34,14,17,24.6,1.12,low_traffic,7,7
D2,2026-01-16,4,L11,Walmart Best Price Kursi Road,26.875782,80.852468,08:05,8,33,40.0,1.38,low_traffic,1,7
D2,2026-01-16,4,L15,Zepto Store Aliganj,26.870728,80.828277,09:18,9,19,51.3,1.71,low_traffic,2,7
D2,2026-01-16,4,L18,MedPlus Mahanagar,26.967764,81.026383,10:28,10,11,23.8,1.32,low_traffic,3,7
D2,2026-01-16,4,L13,Swiggy Dark Store Gomti Extension,26.835278,81.020346,11:02,11,41,13.1,0.87,medium_traffic,4,7
D2,2026-01-16,4,L14,Blinkit Hub Hazratganj,26.768615,80.949901,11:56,11,35,8.4,0.93,medium_traffic,5,7
D2,2026-01-16,4,L19,Netmeds Hub Chinhat,26.7959,80.841595,12:39,12,8,11.8,0.91,low_traffic,6,7
D2,2026-01-16,4,L20,HealthKart Golf City,26.894601,80.93064,12:58,12,18,22.9,1.04,medium_traffic,7,7
D2,2026-01-17,5,L15,Zepto Store Aliganj,26.870728,80.828277,08:08,8,15,28.0,1.4,low_traffic,1,5
D2,2026-01-17,5,L13,Swiggy Dark Store Gomti Extension,26.835278,81.020346,08:51,8,37,45.9,1.64,medium_traffic,2,5
D2,2026-01-17,5,L17,Apollo Pharmacy Rajajipuram,26.733613,81.06291,10:13,10,22,25.4,1.59,low_traffic,3,5
D2,2026-01-17,5,L16,Quick Commerce Indiranagar,26.874662,80.860536,11:00,11,29,8.5,0.85,low_traffic,4,5
D2,2026-01-17,5,L18,MedPlus Mahanagar,26.967764,81.026383,11:37,11,21,22.7,1.03,low_traffic,5,5
D2,2026-01-19,0,L15,Zepto Store Aliganj,26.870728,80.828277,09:31,9,16,38.0,1.31,low_traffic,1,6
D2,2026-01-19,0,L19,Netmeds Hub Chinhat,26.7959,80.841595,10:25,10,10,19.5,1.39,low_traffic,2,6
D2,2026-01-19,0,L13,Swiggy Dark Store Gomti Extension,26.835278,81.020346,10:54,10,38,31.7,1.44,medium_traffic,3,6
D2,2026-01-19,0,L18,MedPlus Mahanagar,26.967764,81.026383,12:03,12,18,23.2,0.86,low_traffic,4,6
D2,2026-01-19,0,L17,Apollo Pharmacy Rajajipuram,26.733613,81.06291,12:44,12,28,15.3,0.9,low_traffic,5,6
D2,2026-01-19,0,L14,Blinkit Hub Hazratganj,26.768615,80.949901,13:27,13,32,29.5,1.18,medium_traffic,6,6
D2,2026-01-20,1,L16,Quick Commerce Indiranagar,26.874662,80.860536,09:45,9,38,37.0,1.48,low_traffic,1,5
D2,2026-01-20,1,L11,Walmart Best Price Kursi Road,26.875782,80.852468,11:00,11,37,24.7,0.95,low_traffic,2,5
D2,2026-01-20,1,L13,Swiggy Dark Store Gomti Extension,26.835278,81.020346,12:01,12,38,14.6,0.91,medium_traffic,3,5
D2,2026-01-20,1,L19,Netmeds Hub Chinhat,26.7959,80.841595,12:53,12,11,23.2,0.86,low_traffic,4,5
D2,2026-01-20,1,L18,MedPlus Mahanagar,26.967764,81.026383,13:27,13,9,17.8,1.11,low_traffic,5,5
D2,2026-01-21,2,L13,Swiggy Dark Store Gomti Extension,26.835278,81.020346,08:36,8,41,34.4,1.72,medium_traffic,1,8
D2,2026-01-21,2,L20,HealthKart Golf City,26.894601,80.93064,09:51,9,12,23.0,1.77,medium_traffic,2,8
D2,2026-01-21,2,L18,MedPlus Mahanagar,26.967764,81.026383,10:26,10,21,25.6,1.42,low_traffic,3,8
D2,2026-01-21,2,L15,Zepto Store Aliganj,26.870728,80.828277,11:12,11,19,19.0,1.0,low_traffic,4,8
D2,2026-01-21,2,L17,Apollo Pharmacy Rajajipuram,26.733613,81.06291,11:50,11,26,25.8,0.86,low_traffic,5,8
D2,2026-01-21,2,L11,Walmart Best Price Kursi Road,26.875782,80.852468,12:41,12,31,27.0,1.04,low_traffic,6,8
D2,2026-01-21,2,L12,Grofers Hub Vikas Nagar,26.792658,80.911454,13:39,13,43,16.9,1.21,medium_traffic,7,8
D2,2026-01-21,2,L14,Blinkit Hub Hazratganj,26.768615,80.949901,14:38,14,33,29.4,1.28,medium_traffic,8,8
D2,2026-01-22,3,L20,HealthKart Golf City,26.894601,80.93064,08:21,8,22,24.6,1.76,medium_traffic,1,7
D2,2026-01-22,3,L14,Blinkit Hub Hazratganj,26.768615,80.949901,09:07,9,27,41.1,1.37,medium_traffic,2,7
D2,2026-01-22,3,L16,Quick Commerce Indiranagar,26.874662,80.860536,10:15,10,26,31.7,1.76,low_traffic,3,7
D2,2026-01-22,3,L15,Zepto Store Aliganj,26.870728,80.828277,11:12,11,21,22.1,0.85,low_traffic,4,7
D2,2026-01-22,3,L12,Grofers Hub Vikas Nagar,26.792658,80.911454,11:55,11,39,11.3,1.03,medium_traffic,5,7
D2,2026-01-22,3,L17,Apollo Pharmacy Rajajipuram,26.733613,81.06291,12:45,12,26,10.2,1.02,low_traffic,6,7
D2,2026-01-22,3,L19,Netmeds Hub Chinhat,26.7959,80.841595,13:21,13,14,36.0,1.24,low_traffic,7,7
D2,2026-01-23,4,L11,Walmart Best Price Kursi Road,26.875782,80.852468,08:45,8,38,53.4,1.78,low_traffic,1,5
D2,2026-01-23,4,L18,MedPlus Mahanagar,26.967764,81.026383,10:16,10,19,25.3,1.69,low_traffic,2,5
D2,2026-01-23,4,L13,Swiggy Dark Store Gomti Extension,26.835278,81.020346,11:00,11,42,12.6,0.97,medium_traffic,3,5
D2,2026-01-23,4,L19,Netmeds Hub Chinhat,26.7959,80.841595,11:54,11,12,27.3,0.91,low_traffic,4,5
D2,2026-01-23,4,L14,Blinkit Hub Hazratganj,26.768615,80.949901,12:33,12,36,7.0,0.88,medium_traffic,5,5
D2,2026-01-24,5,L14,Blinkit Hub Hazratganj,26.768615,80.949901,09:09,9,28,14.7,1.47,medium_traffic,1,5
D2,2026-01-24,5,L19,Netmeds Hub Chinhat,26.7959,80.841595,09:51,9,10,26.5,1.47,low_traffic,2,5
D2,2026-01-24,5,L16,Quick Commerce Indiranagar,26.874662,80.860536,10:27,10,37,16.2,1.62,low_traffic,3,5
D2,2026-01-24,5,L12,Grofers Hub Vikas Nagar,26.792658,80.911454,11:20,11,38,17.6,0.98,medium_traffic,4,5
D2,2026-01-24,5,L20,HealthKart Golf City,26.894601,80.93064,12:15,12,13,11.9,0.85,medium_traffic,5,5
D2,2026-01-26,0,L19,Netmeds Hub Chinhat,26.7959,80.841595,08:26,8,13,31.0,1.55,low_traffic,1,5
D2,2026-01-26,0,L13,Swiggy Dark Store Gomti Extension,26.835278,81.020346,09:10,9,43,17.3,1.57,medium_traffic,2,5
D2,2026-01-26,0,L18,MedPlus Mahanagar,26.967764,81.026383,10:10,10,19,43.9,1.69,low_traffic,3,5
D2,2026-01-26,0,L14,Blinkit Hub Hazratganj,26.768615,80.949901,11:12,11,27,15.0,1.0,medium_traffic,4,5
D2,2026-01-26,0,L17,Apollo Pharmacy Rajajipuram,26.733613,81.06291,11:54,11,25,8.5,0.94,low_traffic,5,5
D2,2026-01-27,1,L19,Netmeds Hub Chinhat,26.7959,80.841595,08:21,8,15,43.2,1.6,low_traffic,1,5
D2,2026-01-27,1,L20,HealthKart Golf City,26.894601,80.93064,09:19,9,20,34.6,1.65,medium_traffic,2,5
D2,2026-01-27,1,L17,Apollo Pharmacy Rajajipuram,26.733613,81.06291,10:13,10,23,29.0,1.38,low_traffic,3,5
D2,2026-01-27,1,L14,Blinkit Hub Hazratganj,26.768615,80.949901,11:05,11,28,15.5,0.86,medium_traffic,4,5
D2,2026-01-27,1,L18,MedPlus Mahanagar,26.967764,81.026383,11:48,11,20,21.8,1.04,low_traffic,5,5
D2,2026-01-28,2,L12,Grofers Hub Vikas Nagar,26.792658,80.911454,09:00,9,41,25.7,1.51,medium_traffic,1,7
D2,2026-01-28,2,L13,Swiggy Dark Store Gomti Extension,26.835278,81.020346,10:06,10,39,37.0,1.61,medium_traffic,2,7
D2,2026-01-28,2,L16,Quick Commerce Indiranagar,26.874662,80.860536,11:22,11,28,12.2,0.87,low_traffic,3,7
D2,2026-01-28,2,L19,Netmeds Hub Chinhat,26.7959,80.841595,12:02,12,15,9.8,0.98,low_traffic,4,7
D2,2026-01-28,2,L18,MedPlus Mahanagar,26.967764,81.026383,12:26,12,21,17.3,1.02,low_traffic,5,7
D2,2026-01-28,2,L17,Apollo Pharmacy Rajajipuram,26.733613,81.06291,13:04,13,31,27.1,1.18,low_traffic,6,7
D2,2026-01-28,2,L11,Walmart Best Price Kursi Road,26.875782,80.852468,14:02,14,37,32.2,1.15,low_traffic,7,7
D2,2026-01-29,3,L15,Zepto Store Aliganj,26.870728,80.828277,09:16,9,19,22.6,1.41,low_traffic,1,8
D2,2026-01-29,3,L18,MedPlus Mahanagar,26.967764,81.026383,09:57,9,19,39.9,1.33,low_traffic,2,8
D2,2026-01-29,3,L19,Netmeds Hub Chinhat,26.7959,80.841595,10:55,10,13,39.2,1.35,low_traffic,3,8
D2,2026-01-29,3,L11,Walmart Best Price Kursi Road,26.875782,80.852468,11:47,11,41,21.2,1.01,low_traffic,4,8
D2,2026-01-29,3,L14,Blinkit Hub Hazratganj,26.768615,80.949901,12:49,12,25,24.2,0.97,medium_traffic,5,8
D2,2026-01-29,3,L12,Grofers Hub Vikas Nagar,26.792658,80.911454,13:38,13,37,30.5,1.27,medium_traffic,6,8
D2,2026-01-29,3,L20,HealthKart Golf City,26.894601,80.93064,14:45,14,17,37.4,1.29,medium_traffic,7,8
D2,2026-01-29,3,L17,Apollo Pharmacy Rajajipuram,26.733613,81.06291,15:39,15,28,14.4,0.96,low_traffic,8,8
D2,2026-01-30,4,L13,Swiggy Dark Store Gomti Extension,26.835278,81.020346,08:10,8,38,25.1,1.79,medium_traffic,1,7
D2,2026-01-30,4,L14,Blinkit Hub Hazratganj,26.768615,80.949901,09:13,9,35,13.2,1.32,medium_traffic,2,7
D2,2026-01-30,4,L18,MedPlus Mahanagar,26.967764,81.026383,10:01,10,11,42.6,1.52,low_traffic,3,7
D2,2026-01-30,4,L20,HealthKart Golf City,26.894601,80.93064,10:54,10,15,27.5,1.72,medium_traffic,4,7
D2,2026-01-30,4,L16,Quick Commerce Indiranagar,26.874662,80.860536,11:36,11,27,10.3,1.03,low_traffic,5,7
D2,2026-01-30,4,L19,Netmeds Hub Chinhat,26.7959,80.841595,12:13,12,16,18.6,0.93,low_traffic,6,7
D2,2026-01-30,4,L15,Zepto Store Aliganj,26.870728,80.828277,12:47,12,18,14.7,0.92,low_traffic,7,7
D2,2026-01-31,5,L16,Quick Commerce Indiranagar,26.874662,80.860536,08:36,8,34,28.7,1.69,low_traffic,1,4
D2,2026-01-31,5,L18,MedPlus Mahanagar,26.967764,81.026383,09:38,9,13,36.5,1.74,low_traffic,2,4
D2,2026-01-31,5,L13,Swiggy Dark Store Gomti Extension,26.835278,81.020346,10:27,10,45,34.3,1.49,medium_traffic,3,4
D2,2026-01-31,5,L15,Zepto Store Aliganj,26.870728,80.828277,11:46,11,12,8.7,0.97,low_traffic,4,4
D2,2026-02-02,0,L15,Zepto Store Aliganj,26.870728,80.828277,09:23,9,14,22.3,1.31,low_traffic,1,7
D2,2026-02-02,0,L16,Quick Commerce Indiranagar,26.874662,80.860536,09:59,9,37,33.1,1.44,low_traffic,2,7
D2,2026-02-02,0,L18,MedPlus Mahanagar,26.967764,81.026383,11:09,11,11,14.8,0.99,low_traffic,3,7
D2,2026-02-02,0,L12,Grofers Hub Vikas Nagar,26.792658,80.911454,11:34,11,43,20.0,0.91,medium_traffic,4,7
D2,2026-02-02,0,L19,Netmeds Hub Chinhat,26.7959,80.841595,12:37,12,19,16.3,1.02,low_traffic,5,7
D2,2026-02-02,0,L14,Blinkit Hub Hazratganj,26.768615,80.949901,13:12,13,26,33.0,1.18,medium_traffic,6,7
D2,2026-02-02,0,L11,Walmart Best Price Kursi Road,26.875782,80.852468,14:11,14,35,16.0,1.14,low_traffic,7,7
D2,2026-02-03,1,L17,Apollo Pharmacy Rajajipuram,26.733613,81.06291,08:33,8,23,13.9,1.74,low_traffic,1,8
D2,2026-02-03,1,L20,HealthKart Golf City,26.894601,80.93064,09:09,9,10,19.6,1.4,medium_traffic,2,8
D2,2026-02-03,1,L14,Blinkit Hub Hazratganj,26.768615,80.949901,09:38,9,25,31.2,1.42,medium_traffic,3,8
D2,2026-02-03,1,L13,Swiggy Dark Store Gomti Extension,26.835278,81.020346,10:34,10,39,52.8,1.76,medium_traffic,4,8
D2,2026-02-03,1,L18,MedPlus Mahanagar,26.967764,81.026383,12:05,12,17,19.8,0.9,low_traffic,5,8
D2,2026-02-03,1,L12,Grofers Hub Vikas Nagar,26.792658,80.911454,12:41,12,41,10.2,0.93,medium_traffic,6,8
D2,2026-02-03,1,L15,Zepto Store Aliganj,26.870728,80.828277,13:32,13,17,21.1,1.11,low_traffic,7,8
D2,2026-02-03,1,L11,Walmart Best Price Kursi Road,26.875782,80.852468,14:10,14,36,15.9,1.22,low_traffic,8,8
D2,2026-02-04,2,L14,Blinkit Hub Hazratganj,26.768615,80.949901,08:10,8,28,24.2,1.73,medium_traffic,1,7
D2,2026-02-04,2,L12,Grofers Hub Vikas Nagar,26.792658,80.911454,09:02,9,34,47.0,1.62,medium_traffic,2,7
D2,2026-02-04,2,L18,MedPlus Mahanagar,26.967764,81.026383,10:23,10,17,30.0,1.43,low_traffic,3,7
D2,2026-02-04,2,L19,Netmeds Hub Chinhat,26.7959,80.841595,11:10,11,8,24.6,0.85,low_traffic,4,7
D2,2026-02-04,2,L11,Walmart Best Price Kursi Road,26.875782,80.852468,11:42,11,39,11.3,0.94,low_traffic,5,7
D2,2026-02-04,2,L17,Apollo Pharmacy Rajajipuram,26.733613,81.06291,12:32,12,24,7.0,0.88,low_traffic,6,7
D2,2026-02-04,2,L20,HealthKart Golf City,26.894601,80.93064,13:03,13,21,19.5,1.15,medium_traffic,7,7
D2,2026-02-05,3,L11,Walmart Best Price Kursi Road,26.875782,80.852468,08:00,8,34,45.2,1.56,low_traffic,1,7
D2,2026-02-05,3,L18,MedPlus Mahanagar,26.967764,81.026383,09:19,9,18,42.7,1.58,low_traffic,2,7
D2,2026-02-05,3,L15,Zepto Store Aliganj,26.870728,80.828277,10:19,10,11,41.8,1.44,low_traffic,3,7
D2,2026-02-05,3,L19,Netmeds Hub Chinhat,26.7959,80.841595,11:11,11,12,17.1,0.95,low_traffic,4,7
D2,2026-02-05,3,L12,Grofers Hub Vikas Nagar,26.792658,80.911454,11:40,11,35,15.7,0.98,medium_traffic,5,7
D2,2026-02-05,3,L13,Swiggy Dark Store Gomti Extension,26.835278,81.020346,12:30,12,40,27.4,0.98,medium_traffic,6,7
D2,2026-02-05,3,L14,Blinkit Hub Hazratganj,26.768615,80.949901,13:37,13,37,27.4,1.14,medium_traffic,7,7
D2,2026-02-06,4,L15,Zepto Store Aliganj,26.870728,80.828277,09:25,9,19,13.4,1.49,low_traffic,1,6
D2,2026-02-06,4,L13,Swiggy Dark Store Gomti Extension,26.835278,81.020346,09:57,9,39,42.9,1.65,medium_traffic,2,6
D2,2026-02-06,4,L19,Netmeds Hub Chinhat,26.7959,80.841595,11:18,11,11,27.6,0.92,low_traffic,3,6
D2,2026-02-06,4,L14,Blinkit Hub Hazratganj,26.768615,80.949901,11:56,11,37,27.7,0.99,medium_traffic,4,6
D2,2026-02-06,4,L20,HealthKart Golf City,26.894601,80.93064,13:00,13,15,34.8,1.2,medium_traffic,5,6
D2,2026-02-06,4,L12,Grofers Hub Vikas Nagar,26.792658,80.911454,13:49,13,41,15.6,1.2,medium_traffic,6,6
D2,2026-02-07,5,L11,Walmart Best Price Kursi Road,26.875782,80.852468,08:14,8,35,25.2,1.48,low_traffic,1,5
D2,2026-02-07,5,L17,Apollo Pharmacy Rajajipuram,26.733613,81.06291,09:14,9,26,30.4,1.69,low_traffic,2,5
D2,2026-02-07,5,L19,Netmeds Hub Chinhat,26.7959,80.841595,10:10,10,15,24.3,1.43,low_traffic,3,5
D2,2026-02-07,5,L16,Quick Commerce Indiranagar,26.874662,80.860536,10:49,10,26,39.8,1.73,low_traffic,4,5
D2,2026-02-07,5,L20,HealthKart Golf City,26.894601,80.93064,11:54,11,19,26.5,1.02,medium_traffic,5,5
D2,2026-02-09,0,L15,Zepto Store Aliganj,26.870728,80.828277,08:08,8,16,32.4,1.8,low_traffic,1,5
D2,2026-02-09,0,L11,Walmart Best Price Kursi Road,26.875782,80.852468,08:56,8,31,39.4,1.79,low_traffic,2,5
D2,2026-02-09,0,L20,HealthKart Golf City,26.894601,80.93064,10:06,10,12,43.8,1.46,medium_traffic,3,5
D2,2026-02-09,0,L13,Swiggy Dark Store Gomti Extension,26.835278,81.020346,11:01,11,41,23.2,1.01,medium_traffic,4,5
D2,2026-02-09,0,L19,Netmeds Hub Chinhat,26.7959,80.841595,12:05,12,13,12.7,0.98,low_traffic,5,5
D2,2026-02-10,1,L13,Swiggy Dark Store Gomti Extension,26.835278,81.020346,08:39,8,42,31.9,1.52,medium_traffic,1,5
D2,2026-02-10,1,L20,HealthKart Golf City,26.894601,80.93064,09:52,9,16,34.7,1.51,medium_traffic,2,5
D2,2026-02-10,1,L14,Blinkit Hub Hazratganj,26.768615,80.949901,10:42,10,28,32.5,1.3,medium_traffic,3,5
D2,2026-02-10,1,L16,Quick Commerce Indiranagar,26.874662,80.860536,11:42,11,31,8.0,1.0,low_traffic,4,5
D2,2026-02-10,1,L19,Netmeds Hub Chinhat,26.7959,80.841595,12:21,12,11,24.0,1.0,low_traffic,5,5
D2,2026-02-11,2,L15,Zepto Store Aliganj,26.870728,80.828277,09:10,9,14,12.0,1.33,low_traffic,1,5
D2,2026-02-11,2,L18,MedPlus Mahanagar,26.967764,81.026383,09:36,9,20,38.9,1.77,low_traffic,2,5
D2,2026-02-11,2,L20,HealthKart Golf City,26.894601,80.93064,10:34,10,15,37.4,1.56,medium_traffic,3,5
D2,2026-02-11,2,L12,Grofers Hub Vikas Nagar,26.792658,80.911454,11:26,11,33,27.3,0.94,medium_traffic,4,5
D2,2026-02-11,2,L17,Apollo Pharmacy Rajajipuram,26.733613,81.06291,12:26,12,26,21.2,0.92,low_traffic,5,5
D2,2026-02-12,3,L14,Blinkit Hub Hazratganj,26.768615,80.949901,08:07,8,37,41.4,1.48,medium_traffic,1,6
D2,2026-02-12,3,L18,MedPlus Mahanagar,26.967764,81.026383,09:25,9,13,37.0,1.32,low_traffic,2,6
D2,2026-02-12,3,L20,HealthKart Golf City,26.894601,80.93064,10:15,10,10,45.6,1.69,medium_traffic,3,6
D2,2026-02-12,3,L15,Zepto Store Aliganj,26.870728,80.828277,11:10,11,20,8.7,0.97,low_traffic,4,6
D2,2026-02-12,3,L16,Quick Commerce Indiranagar,26.874662,80.860536,11:38,11,26,7.0,0.87,low_traffic,5,6
D2,2026-02-12,3,L19,Netmeds Hub Chinhat,26.7959,80.841595,12:11,12,15,20.8,0.99,low_traffic,6,6
D2,2026-02-13,4,L17,Apollo Pharmacy Rajajipuram,26.733613,81.06291,09:26,9,29,47.3,1.63,low_traffic,1,8
D2,2026-02-13,4,L11,Walmart Best Price Kursi Road,26.875782,80.852468,10:42,10,40,38.6,1.43,low_traffic,2,8
D2,2026-02-13,4,L13,Swiggy Dark Store Gomti Extension,26.835278,81.020346,12:00,12,44,9.7,0.88,medium_traffic,3,8
D2,2026-02-13,4,L18,MedPlus Mahanagar,26.967764,81.026383,12:53,12,13,10.9,0.99,low_traffic,4,8
D2,2026-02-13,4,L20,HealthKart Golf City,26.894601,80.93064,13:16,13,17,12.3,1.12,medium_traffic,5,8
D2,2026-02-13,4,L16,Quick Commerce Indiranagar,26.874662,80.860536,13:45,13,38,16.0,1.14,low_traffic,6,8
D2,2026-02-13,4,L14,Blinkit Hub Hazratganj,26.768615,80.949901,14:39,14,28,27.6,1.15,medium_traffic,7,8
D2,2026-02-13,4,L15,Zepto Store Aliganj,26.870728,80.828277,15:34,15,14,19.3,0.92,low_traffic,8,8
D2,2026-02-14,5,L17,Apollo Pharmacy Rajajipuram,26.733613,81.06291,08:42,8,30,14.7,1.34,low_traffic,1,3
D2,2026-02-14,5,L15,Zepto Store Aliganj,26.870728,80.828277,09:26,9,11,19.6,1.63,low_traffic,2,3
D2,2026-02-14,5,L20,HealthKart Golf City,26.894601,80.93064,09:56,9,21,16.9,1.69,medium_traffic,3,3
D2,2026-02-16,0,L12,Grofers Hub Vikas Nagar,26.792658,80.911454,08:18,8,36,42.9,1.48,medium_traffic,1,5
D2,2026-02-16,0,L16,Quick Commerce Indiranagar,26.874662,80.860536,09:36,9,27,16.6,1.51,low_traffic,2,5
D2,2026-02-16,0,L20,HealthKart Golf City,26.894601,80.93064,10:19,10,10,15.6,1.73,medium_traffic,3,5
D2,2026-02-16,0,L11,Walmart Best Price Kursi Road,26.875782,80.852468,10:44,10,39,50.2,1.73,low_traffic,4,5
D2,2026-02-16,0,L19,Netmeds Hub Chinhat,26.7959,80.841595,12:13,12,15,16.7,0.88,low_traffic,5,5
D2,2026-02-17,1,L18,MedPlus Mahanagar,26.967764,81.026383,09:44,9,19,36.3,1.73,low_traffic,1,7
D2,2026-02-17,1,L13,Swiggy Dark Store Gomti Extension,26.835278,81.020346,10:39,10,37,22.6,1.74,medium_traffic,2,7
D2,2026-02-17,1,L17,Apollo Pharmacy Rajajipuram,26.733613,81.06291,11:38,11,23,7.9,0.88,low_traffic,3,7
D2,2026-02-17,1,L15,Zepto Store Aliganj,26.870728,80.828277,12:08,12,17,22.6,0.87,low_traffic,4,7
D2,2026-02-17,1,L14,Blinkit Hub Hazratganj,26.768615,80.949901,12:47,12,32,29.3,1.01,medium_traffic,5,7
D2,2026-02-17,1,L11,Walmart Best Price Kursi Road,26.875782,80.852468,13:48,13,41,22.8,1.14,low_traffic,6,7
D2,2026-02-17,1,L20,HealthKart Golf City,26.894601,80.93064,14:51,14,20,9.4,1.17,medium_traffic,7,7
D2,2026-02-18,2,L16,Quick Commerce Indiranagar,26.874662,80.860536,08:45,8,38,41.5,1.73,low_traffic,1,6
D2,2026-02-18,2,L13,Swiggy Dark Store Gomti Extension,26.835278,81.020346,10:04,10,39,43.4,1.67,medium_traffic,2,6
D2,2026-02-18,2,L19,Netmeds Hub Chinhat,26.7959,80.841595,11:26,11,13,30.5,1.05,low_traffic,3,6
D2,2026-02-18,2,L15,Zepto Store Aliganj,26.870728,80.828277,12:09,12,21,28.5,0.95,low_traffic,4,6
D2,2026-02-18,2,L11,Walmart Best Price Kursi Road,26.875782,80.852468,12:58,12,39,20.4,0.97,low_traffic,5,6
D2,2026-02-18,2,L17,Apollo Pharmacy Rajajipuram,26.733613,81.06291,13:57,13,26,28.8,1.25,low_traffic,6,6
D2,2026-02-19,3,L20,HealthKart Golf City,26.894601,80.93064,08:31,8,14,26.3,1.46,medium_traffic,1,8
D2,2026-02-19,3,L17,Apollo Pharmacy Rajajipuram,26.733613,81.06291,09:11,9,29,20.0,1.33,low_traffic,2,8
D2,2026-02-19,3,L15,Zepto Store Aliganj,26.870728,80.828277,10:00,10,13,32.4,1.62,low_traffic,3,8
D2,2026-02-19,3,L14,Blinkit Hub Hazratganj,26.768615,80.949901,10:45,10,37,29.5,1.34,medium_traffic,4,8
D2,2026-02-19,3,L12,Grofers Hub Vikas Nagar,26.792658,80.911454,11:51,11,38,9.6,0.96,medium_traffic,5,8
D2,2026-02-19,3,L16,Quick Commerce Indiranagar,26.874662,80.860536,12:38,12,33,10.3,0.94,low_traffic,6,8
D2,2026-02-19,3,L18,MedPlus Mahanagar,26.967764,81.026383,13:21,13,10,10.0,1.25,low_traffic,7,8
D2,2026-02-19,3,L11,Walmart Best Price Kursi Road,26.875782,80.852468,13:41,13,37,10.6,1.18,low_traffic,8,8
D2,2026-02-20,4,L19,Netmeds Hub Chinhat,26.7959,80.841595,08:29,8,17,39.7,1.47,low_traffic,1,5
D2,2026-02-20,4,L11,Walmart Best Price Kursi Road,26.875782,80.852468,09:25,9,34,44.7,1.54,low_traffic,2,5
D2,2026-02-20,4,L20,HealthKart Golf City,26.894601,80.93064,10:43,10,11,18.3,1.66,medium_traffic,3,5
D2,2026-02-20,4,L13,Swiggy Dark Store Gomti Extension,26.835278,81.020346,11:12,11,36,15.0,1.0,medium_traffic,4,5
D2,2026-02-20,4,L18,MedPlus Mahanagar,26.967764,81.026383,12:03,12,21,25.8,0.92,low_traffic,5,5
D2,2026-02-21,5,L13,Swiggy Dark Store Gomti Extension,26.835278,81.020346,09:06,9,39,20.0,1.43,medium_traffic,1,4
D2,2026-02-21,5,L15,Zepto Store Aliganj,26.870728,80.828277,10:05,10,13,27.2,1.36,low_traffic,2,4
D2,2026-02-21,5,L14,Blinkit Hub Hazratganj,26.768615,80.949901,10:45,10,36,21.4,1.53,medium_traffic,3,4
D2,2026-02-21,5,L12,Grofers Hub Vikas Nagar,26.792658,80.911454,11:42,11,31,19.3,0.92,medium_traffic,4,4
D2,2026-02-23,0,L17,Apollo Pharmacy Rajajipuram,26.733613,81.06291,09:32,9,32,22.0,1.69,low_traffic,1,5
D2,2026-02-23,0,L12,Grofers Hub Vikas Nagar,26.792658,80.911454,10:26,10,32,19.1,1.59,medium_traffic,2,5
D2,2026-02-23,0,L19,Netmeds Hub Chinhat,26.7959,80.841595,11:17,11,17,25.1,0.93,low_traffic,3,5
D2,2026-02-23,0,L16,Quick Commerce Indiranagar,26.874662,80.860536,11:59,11,32,24.7,1.03,low_traffic,4,5
D2,2026-02-23,0,L15,Zepto Store Aliganj,26.870728,80.828277,12:55,12,21,25.1,0.93,low_traffic,5,5
D2,2026-02-24,1,L11,Walmart Best Price Kursi Road,26.875782,80.852468,09:45,9,39,41.8,1.67,low_traffic,1,6
D2,2026-02-24,1,L19,Netmeds Hub Chinhat,26.7959,80.841595,11:05,11,17,12.5,0.89,low_traffic,2,6
D2,2026-02-24,1,L18,MedPlus Mahanagar,26.967764,81.026383,11:34,11,14,28.7,0.99,low_traffic,3,6
D2,2026-02-24,1,L20,HealthKart Golf City,26.894601,80.93064,12:16,12,21,12.4,1.03,medium_traffic,4,6
D2,2026-02-24,1,L12,Grofers Hub Vikas Nagar,26.792658,80.911454,12:49,12,39,12.7,0.98,medium_traffic,5,6
D2,2026-02-24,1,L14,Blinkit Hub Hazratganj,26.768615,80.949901,13:40,13,30,33.9,1.21,medium_traffic,6,6
D2,2026-02-25,2,L20,HealthKart Golf City,26.894601,80.93064,08:01,8,20,13.4,1.49,medium_traffic,1,5
D2,2026-02-25,2,L11,Walmart Best Price Kursi Road,26.875782,80.852468,08:34,8,41,21.3,1.33,low_traffic,2,5
D2,2026-02-25,2,L12,Grofers Hub Vikas Nagar,26.792658,80.911454,09:36,9,41,28.7,1.69,medium_traffic,3,5
D2,2026-02-25,2,L13,Swiggy Dark Store Gomti Extension,26.835278,81.020346,10:45,10,47,12.9,1.43,medium_traffic,4,5
D2,2026-02-25,2,L14,Blinkit Hub Hazratganj,26.768615,80.949901,11:44,11,37,14.1,1.01,medium_traffic,5,5
D2,2026-02-26,3,L11,Walmart Best Price Kursi Road,26.875782,80.852468,08:32,8,33,50.7,1.69,low_traffic,1,5
D2,2026-02-26,3,L14,Blinkit Hub Hazratganj,26.768615,80.949901,09:55,9,31,14.8,1.65,medium_traffic,2,5
D2,2026-02-26,3,L13,Swiggy Dark Store Gomti Extension,26.835278,81.020346,10:40,10,41,43.2,1.49,medium_traffic,3,5
D2,2026-02-26,3,L19,Netmeds Hub Chinhat,26.7959,80.841595,12:04,12,8,9.4,1.04,low_traffic,4,5
D2,2026-02-26,3,L17,Apollo Pharmacy Rajajipuram,26.733613,81.06291,12:21,12,30,14.0,1.0,low_traffic,5,5
D2,2026-02-27,4,L18,MedPlus Mahanagar,26.967764,81.026383,08:11,8,10,42.7,1.78,low_traffic,1,8
D2,2026-02-27,4,L11,Walmart Best Price Kursi Road,26.875782,80.852468,09:03,9,33,31.3,1.49,low_traffic,2,8
D2,2026-02-27,4,L15,Zepto Store Aliganj,26.870728,80.828277,10:07,10,12,19.0,1.58,low_traffic,3,8
D2,2026-02-27,4,L13,Swiggy Dark Store Gomti Extension,26.835278,81.020346,10:38,10,36,25.4,1.59,medium_traffic,4,8
D2,2026-02-27,4,L12,Grofers Hub Vikas Nagar,26.792658,80.911454,11:39,11,33,27.6,0.92,medium_traffic,5,8
D2,2026-02-27,4,L19,Netmeds Hub Chinhat,26.7959,80.841595,12:39,12,17,15.5,0.86,low_traffic,6,8
D2,2026-02-27,4,L17,Apollo Pharmacy Rajajipuram,26.733613,81.06291,13:11,13,30,31.1,1.11,low_traffic,7,8
D2,2026-02-27,4,L20,HealthKart Golf City,26.894601,80.93064,14:12,14,17,21.6,1.27,medium_traffic,8,8
D2,2026-02-28,5,L14,Blinkit Hub Hazratganj,26.768615,80.949901,08:26,8,26,31.4,1.57,medium_traffic,1,5
D2,2026-02-28,5,L15,Zepto Store Aliganj,26.870728,80.828277,09:23,9,20,20.6,1.47,low_traffic,2,5
D2,2026-02-28,5,L11,Walmart Best Price Kursi Road,26.875782,80.852468,10:03,10,33,27.9,1.47,low_traffic,3,5
D2,2026-02-28,5,L18,MedPlus Mahanagar,26.967764,81.026383,11:03,11,17,24.0,0.89,low_traffic,4,5
D2,2026-02-28,5,L13,Swiggy Dark Store Gomti Extension,26.835278,81.020346,11:44,11,48,23.5,0.94,medium_traffic,5,5
D2,2026-03-02,0,L13,Swiggy Dark Store Gomti Extension,26.835278,81.020346,09:07,9,47,37.2,1.49,medium_traffic,1,5
D2,2026-03-02,0,L14,Blinkit Hub Hazratganj,26.768615,80.949901,10:31,10,37,34.6,1.44,medium_traffic,2,5
D2,2026-03-02,0,L11,Walmart Best Price Kursi Road,26.875782,80.852468,11:42,11,36,22.1,0.92,low_traffic,3,5
D2,2026-03-02,0,L17,Apollo Pharmacy Rajajipuram,26.733613,81.06291,12:40,12,31,16.1,0.95,low_traffic,4,5
D2,2026-03-02,0,L15,Zepto Store Aliganj,26.870728,80.828277,13:27,13,11,27.4,1.14,low_traffic,5,5
D2,2026-03-03,1,L17,Apollo Pharmacy Rajajipuram,26.733613,81.06291,08:13,8,32,47.1,1.57,low_traffic,1,5
D2,2026-03-03,1,L14,Blinkit Hub Hazratganj,26.768615,80.949901,09:32,9,26,47.3,1.69,medium_traffic,2,5
D2,2026-03-03,1,L20,HealthKart Golf City,26.894601,80.93064,10:45,10,10,20.0,1.67,medium_traffic,3,5
D2,2026-03-03,1,L15,Zepto Store Aliganj,26.870728,80.828277,11:15,11,10,16.9,0.94,low_traffic,4,5
D2,2026-03-03,1,L12,Grofers Hub Vikas Nagar,26.792658,80.911454,11:41,11,33,7.8,0.87,medium_traffic,5,5
D2,2026-03-04,2,L11,Walmart Best Price Kursi Road,26.875782,80.852468,09:20,9,30,38.0,1.31,low_traffic,1,7
D2,2026-03-04,2,L20,HealthKart Golf City,26.894601,80.93064,10:28,10,21,44.0,1.57,medium_traffic,2,7
D2,2026-03-04,2,L17,Apollo Pharmacy Rajajipuram,26.733613,81.06291,11:33,11,21,25.2,0.97,low_traffic,3,7
D2,2026-03-04,2,L15,Zepto Store Aliganj,26.870728,80.828277,12:19,12,15,9.9,0.99,low_traffic,4,7
D2,2026-03-04,2,L16,Quick Commerce Indiranagar,26.874662,80.860536,12:43,12,30,11.4,1.04,low_traffic,5,7
D2,2026-03-04,2,L18,MedPlus Mahanagar,26.967764,81.026383,13:24,13,18,21.4,1.26,low_traffic,6,7
D2,2026-03-04,2,L13,Swiggy Dark Store Gomti Extension,26.835278,81.020346,14:03,14,42,24.6,1.12,medium_traffic,7,7
D2,2026-03-05,3,L20,HealthKart Golf City,26.894601,80.93064,08:19,8,15,45.9,1.64,medium_traffic,1,8
D2,2026-03-05,3,L17,Apollo Pharmacy Rajajipuram,26.733613,81.06291,09:19,9,29,14.2,1.78,low_traffic,2,8
D2,2026-03-05,3,L19,Netmeds Hub Chinhat,26.7959,80.841595,10:02,10,9,20.9,1.74,low_traffic,3,8
D2,2026-03-05,3,L14,Blinkit Hub Hazratganj,26.768615,80.949901,10:31,10,34,34.3,1.32,medium_traffic,4,8
D2,2026-03-05,3,L16,Quick Commerce Indiranagar,26.874662,80.860536,11:39,11,27,23.2,0.93,low_traffic,5,8
D2,2026-03-05,3,L12,Grofers Hub Vikas Nagar,26.792658,80.911454,12:29,12,34,17.3,0.91,medium_traffic,6,8
D2,2026-03-05,3,L15,Zepto Store Aliganj,26.870728,80.828277,13:20,13,18,33.0,1.18,low_traffic,7,8
D2,2026-03-05,3,L13,Swiggy Dark Store Gomti Extension,26.835278,81.020346,14:11,14,39,14.7,1.13,medium_traffic,8,8
D2,2026-03-06,4,L19,Netmeds Hub Chinhat,26.7959,80.841595,09:42,9,11,14.6,1.33,low_traffic,1,7
D2,2026-03-06,4,L17,Apollo Pharmacy Rajajipuram,26.733613,81.06291,10:07,10,26,38.2,1.66,low_traffic,2,7
D2,2026-03-06,4,L18,MedPlus Mahanagar,26.967764,81.026383,11:11,11,19,26.7,0.92,low_traffic,3,7
D2,2026-03-06,4,L20,HealthKart Golf City,26.894601,80.93064,11:56,11,19,15.3,0.9,medium_traffic,4,7
D2,2026-03-06,4,L11,Walmart Best Price Kursi Road,26.875782,80.852468,12:30,12,34,12.0,0.86,low_traffic,5,7
D2,2026-03-06,4,L15,Zepto Store Aliganj,26.870728,80.828277,13:16,13,19,21.6,1.2,low_traffic,6,7
D2,2026-03-06,4,L16,Quick Commerce Indiranagar,26.874662,80.860536,13:56,13,35,36.9,1.23,low_traffic,7,7
D2,2026-03-07,5,L18,MedPlus Mahanagar,26.967764,81.026383,09:17,9,19,20.6,1.72,low_traffic,1,3
D2,2026-03-07,5,L17,Apollo Pharmacy Rajajipuram,26.733613,81.06291,09:56,9,28,38.4,1.67,low_traffic,2,3
D2,2026-03-07,5,L15,Zepto Store Aliganj,26.870728,80.828277,11:02,11,17,16.0,0.94,low_traffic,3,3
D2,2026-03-09,0,L20,HealthKart Golf City,26.894601,80.93064,08:01,8,10,48.2,1.72,medium_traffic,1,5
D2,2026-03-09,0,L11,Walmart Best Price Kursi Road,26.875782,80.852468,08:59,8,35,44.5,1.71,low_traffic,2,5
D2,2026-03-09,0,L14,Blinkit Hub Hazratganj,26.768615,80.949901,10:18,10,25,23.5,1.68,medium_traffic,3,5
D2,2026-03-09,0,L16,Quick Commerce Indiranagar,26.874662,80.860536,11:06,11,34,24.0,0.96,low_traffic,4,5
D2,2026-03-09,0,L18,MedPlus Mahanagar,26.967764,81.026383,12:04,12,14,11.3,0.94,low_traffic,5,5
D2,2026-03-10,1,L17,Apollo Pharmacy Rajajipuram,26.733613,81.06291,08:42,8,31,38.3,1.42,low_traffic,1,8
D2,2026-03-10,1,L18,MedPlus Mahanagar,26.967764,81.026383,09:51,9,11,33.1,1.38,low_traffic,2,8
D2,2026-03-10,1,L12,Grofers Hub Vikas Nagar,26.792658,80.911454,10:35,10,40,19.8,1.52,medium_traffic,3,8
D2,2026-03-10,1,L11,Walmart Best Price Kursi Road,26.875782,80.852468,11:34,11,31,30.2,1.04,low_traffic,4,8
D2,2026-03-10,1,L16,Quick Commerce Indiranagar,26.874662,80.860536,12:35,12,31,23.0,1.0,low_traffic,5,8
D2,2026-03-10,1,L19,Netmeds Hub Chinhat,26.7959,80.841595,13:29,13,11,25.5,1.11,low_traffic,6,8
D2,2026-03-10,1,L20,HealthKart Golf City,26.894601,80.93064,14:05,14,13,21.1,1.11,medium_traffic,7,8
D2,2026-03-10,1,L13,Swiggy Dark Store Gomti Extension,26.835278,81.020346,14:39,14,44,15.5,1.11,medium_traffic,8,8
D2,2026-03-11,2,L14,Blinkit Hub Hazratganj,26.768615,80.949901,09:37,9,31,20.4,1.57,medium_traffic,1,7
D2,2026-03-11,2,L12,Grofers Hub Vikas Nagar,26.792658,80.911454,10:28,10,40,31.0,1.63,medium_traffic,2,7
D2,2026-03-11,2,L15,Zepto Store Aliganj,26.870728,80.828277,11:39,11,18,9.8,0.98,low_traffic,3,7
D2,2026-03-11,2,L16,Quick Commerce Indiranagar,26.874662,80.860536,12:06,12,34,13.5,0.9,low_traffic,4,7
D2,2026-03-11,2,L13,Swiggy Dark Store Gomti Extension,26.835278,81.020346,12:53,12,43,17.7,0.93,medium_traffic,5,7
D2,2026-03-11,2,L20,HealthKart Golf City,26.894601,80.93064,13:53,13,10,34.0,1.26,medium_traffic,6,7
D2,2026-03-11,2,L11,Walmart Best Price Kursi Road,26.875782,80.852468,14:37,14,36,14.4,1.2,low_traffic,7,7
D2,2026-03-12,3,L13,Swiggy Dark Store Gomti Extension,26.835278,81.020346,08:26,8,43,18.8,1.71,medium_traffic,1,6
D2,2026-03-12,3,L11,Walmart Best Price Kursi Road,26.875782,80.852468,09:27,9,32,37.7,1.64,low_traffic,2,6
D2,2026-03-12,3,L20,HealthKart Golf City,26.894601,80.93064,10:36,10,16,44.8,1.6,medium_traffic,3,6
D2,2026-03-12,3,L18,MedPlus Mahanagar,26.967764,81.026383,11:36,11,11,7.6,0.85,low_traffic,4,6
D2,2026-03-12,3,L16,Quick Commerce Indiranagar,26.874662,80.860536,11:54,11,28,12.5,0.96,low_traffic,5,6
D2,2026-03-12,3,L17,Apollo Pharmacy Rajajipuram,26.733613,81.06291,12:34,12,30,8.8,0.98,low_traffic,6,6
D2,2026-03-13,4,L16,Quick Commerce Indiranagar,26.874662,80.860536,08:13,8,33,35.0,1.52,low_traffic,1,6
D2,2026-03-13,4,L17,Apollo Pharmacy Rajajipuram,26.733613,81.06291,09:21,9,30,29.2,1.39,low_traffic,2,6
D2,2026-03-13,4,L19,Netmeds Hub Chinhat,26.7959,80.841595,10:20,10,20,35.6,1.37,low_traffic,3,6
D2,2026-03-13,4,L20,HealthKart Golf City,26.894601,80.93064,11:15,11,18,25.8,0.89,medium_traffic,4,6
D2,2026-03-13,4,L14,Blinkit Hub Hazratganj,26.768615,80.949901,11:58,11,30,26.1,0.9,medium_traffic,5,6
D2,2026-03-13,4,L18,MedPlus Mahanagar,26.967764,81.026383,12:54,12,18,27.8,1.03,low_traffic,6,6
D2,2026-03-14,5,L15,Zepto Store Aliganj,26.870728,80.828277,08:38,8,19,31.1,1.35,low_traffic,1,3
D2,2026-03-14,5,L20,HealthKart Golf City,26.894601,80.93064,09:28,9,18,40.0,1.6,medium_traffic,2,3
D2,2026-03-14,5,L13,Swiggy Dark Store Gomti Extension,26.835278,81.020346,10:26,10,43,16.8,1.68,medium_traffic,3,3
D2,2026-03-16,0,L13,Swiggy Dark Store Gomti Extension,26.835278,81.020346,09:14,9,48,40.7,1.77,medium_traffic,1,6
D2,2026-03-16,0,L18,MedPlus Mahanagar,26.967764,81.026383,10:42,10,18,31.9,1.68,low_traffic,2,6
D2,2026-03-16,0,L12,Grofers Hub Vikas Nagar,26.792658,80.911454,11:31,11,40,30.3,1.01,medium_traffic,3,6
D2,2026-03-16,0,L15,Zepto Store Aliganj,26.870728,80.828277,12:41,12,14,10.4,0.87,low_traffic,4,6
D2,2026-03-16,0,L14,Blinkit Hub Hazratganj,26.768615,80.949901,13:05,13,26,18.0,1.2,medium_traffic,5,6
D2,2026-03-16,0,L16,Quick Commerce Indiranagar,26.874662,80.860536,13:49,13,32,29.0,1.16,low_traffic,6,6
D2,2026-03-17,1,L13,Swiggy Dark Store Gomti Extension,26.835278,81.020346,09:26,9,42,17.8,1.48,medium_traffic,1,7
D2,2026-03-17,1,L20,HealthKart Golf City,26.894601,80.93064,10:25,10,14,26.1,1.63,medium_traffic,2,7
D2,2026-03-17,1,L12,Grofers Hub Vikas Nagar,26.792658,80.911454,11:05,11,40,21.4,1.02,medium_traffic,3,7
D2,2026-03-17,1,L16,Quick Commerce Indiranagar,26.874662,80.860536,12:06,12,36,14.7,0.92,low_traffic,4,7
D2,2026-03-17,1,L18,MedPlus Mahanagar,26.967764,81.026383,12:56,12,15,13.0,0.93,low_traffic,5,7
D2,2026-03-17,1,L17,Apollo Pharmacy Rajajipuram,26.733613,81.06291,13:24,13,28,30.2,1.21,low_traffic,6,7
D2,2026-03-17,1,L15,Zepto Store Aliganj,26.870728,80.828277,14:22,14,18,28.5,1.14,low_traffic,7,7
D2,2026-03-18,2,L19,Netmeds Hub Chinhat,26.7959,80.841595,08:28,8,9,22.0,1.69,low_traffic,1,8
D2,2026-03-18,2,L11,Walmart Best Price Kursi Road,26.875782,80.852468,08:59,8,41,28.2,1.41,low_traffic,2,8
D2,2026-03-18,2,L13,Swiggy Dark Store Gomti Extension,26.835278,81.020346,10:08,10,45,36.8,1.47,medium_traffic,3,8
D2,2026-03-18,2,L12,Grofers Hub Vikas Nagar,26.792658,80.911454,11:29,11,31,29.7,0.99,medium_traffic,4,8
D2,2026-03-18,2,L14,Blinkit Hub Hazratganj,26.768615,80.949901,12:29,12,25,24.6,0.88,medium_traffic,5,8
D2,2026-03-18,2,L18,MedPlus Mahanagar,26.967764,81.026383,13:18,13,16,15.1,1.26,low_traffic,6,8
D2,2026-03-18,2,L17,Apollo Pharmacy Rajajipuram,26.733613,81.06291,13:49,13,22,27.1,1.29,low_traffic,7,8
D2,2026-03-18,2,L16,Quick Commerce Indiranagar,26.874662,80.860536,14:38,14,31,16.7,1.11,low_traffic,8,8
D2,2026-03-19,3,L12,Grofers Hub Vikas Nagar,26.792658,80.911454,08:40,8,34,12.4,1.55,medium_traffic,1,5
D2,2026-03-19,3,L19,Netmeds Hub Chinhat,26.7959,80.841595,09:26,9,12,41.5,1.73,low_traffic,2,5
D2,2026-03-19,3,L18,MedPlus Mahanagar,26.967764,81.026383,10:19,10,17,37.8,1.4,low_traffic,3,5
D2,2026-03-19,3,L13,Swiggy Dark Store Gomti Extension,26.835278,81.020346,11:13,11,45,14.2,0.95,medium_traffic,4,5
D2,2026-03-19,3,L16,Quick Commerce Indiranagar,26.874662,80.860536,12:12,12,31,7.9,0.88,low_traffic,5,5
D2,2026-03-20,4,L15,Zepto Store Aliganj,26.870728,80.828277,08:45,8,18,13.3,1.33,low_traffic,1,6
D2,2026-03-20,4,L20,HealthKart Golf City,26.894601,80.93064,09:16,9,19,36.0,1.44,medium_traffic,2,6
D2,2026-03-20,4,L18,MedPlus Mahanagar,26.967764,81.026383,10:11,10,12,23.5,1.47,low_traffic,3,6
D2,2026-03-20,4,L16,Quick Commerce Indiranagar,26.874662,80.860536,10:46,10,33,22.4,1.6,low_traffic,4,6
D2,2026-03-20,4,L17,Apollo Pharmacy Rajajipuram,26.733613,81.06291,11:41,11,21,27.0,1.04,low_traffic,5,6
D2,2026-03-20,4,L14,Blinkit Hub Hazratganj,26.768615,80.949901,12:29,12,33,18.9,0.9,medium_traffic,6,6
D2,2026-03-21,5,L16,Quick Commerce Indiranagar,26.874662,80.860536,09:24,9,38,23.7,1.58,low_traffic,1,3
D2,2026-03-21,5,L20,HealthKart Golf City,26.894601,80.93064,10:25,10,20,32.3,1.47,medium_traffic,2,3
D2,2026-03-21,5,L14,Blinkit Hub Hazratganj,26.768615,80.949901,11:17,11,25,24.4,0.94,medium_traffic,3,3
D2,2026-03-23,0,L11,Walmart Best Price Kursi Road,26.875782,80.852468,09:33,9,33,47.1,1.57,low_traffic,1,8
D2,2026-03-23,0,L13,Swiggy Dark Store Gomti Extension,26.835278,81.020346,10:53,10,42,14.2,1.42,medium_traffic,2,8
D2,2026-03-23,0,L17,Apollo Pharmacy Rajajipuram,26.733613,81.06291,11:49,11,22,17.6,0.98,low_traffic,3,8
D2,2026-03-23,0,L19,Netmeds Hub Chinhat,26.7959,80.841595,12:28,12,15,12.5,0.96,low_traffic,4,8
D2,2026-03-23,0,L18,MedPlus Mahanagar,26.967764,81.026383,12:55,12,18,12.7,0.91,low_traffic,5,8
D2,2026-03-23,0,L16,Quick Commerce Indiranagar,26.874662,80.860536,13:25,13,29,33.3,1.15,low_traffic,6,8
D2,2026-03-23,0,L14,Blinkit Hub Hazratganj,26.768615,80.949901,14:27,14,28,16.8,1.2,medium_traffic,7,8
D2,2026-03-23,0,L20,HealthKart Golf City,26.894601,80.93064,15:11,15,13,16.0,1.0,medium_traffic,8,8
D2,2026-03-24,1,L19,Netmeds Hub Chinhat,26.7959,80.841595,08:34,8,13,40.9,1.78,low_traffic,1,6
D2,2026-03-24,1,L17,Apollo Pharmacy Rajajipuram,26.733613,81.06291,09:27,9,30,37.0,1.61,low_traffic,2,6
D2,2026-03-24,1,L13,Swiggy Dark Store Gomti Extension,26.835278,81.020346,10:34,10,38,39.8,1.73,medium_traffic,3,6
D2,2026-03-24,1,L15,Zepto Store Aliganj,26.870728,80.828277,11:51,11,14,25.2,1.05,low_traffic,4,6
D2,2026-03-24,1,L18,MedPlus Mahanagar,26.967764,81.026383,12:30,12,11,24.2,0.93,low_traffic,5,6
D2,2026-03-24,1,L11,Walmart Best Price Kursi Road,26.875782,80.852468,13:05,13,36,23.3,1.11,low_traffic,6,6
D2,2026-03-25,2,L13,Swiggy Dark Store Gomti Extension,26.835278,81.020346,09:44,9,39,37.7,1.3,medium_traffic,1,5
D2,2026-03-25,2,L15,Zepto Store Aliganj,26.870728,80.828277,11:00,11,15,10.2,0.93,low_traffic,2,5
D2,2026-03-25,2,L11,Walmart Best Price Kursi Road,26.875782,80.852468,11:25,11,31,14.7,0.92,low_traffic,3,5
D2,2026-03-25,2,L14,Blinkit Hub Hazratganj,26.768615,80.949901,12:10,12,29,14.4,0.96,medium_traffic,4,5
D2,2026-03-25,2,L12,Grofers Hub Vikas Nagar,26.792658,80.911454,12:53,12,36,25.4,0.94,medium_traffic,5,5
D2,2026-03-26,3,L11,Walmart Best Price Kursi Road,26.875782,80.852468,09:11,9,39,41.3,1.59,low_traffic,1,7
D2,2026-03-26,3,L16,Quick Commerce Indiranagar,26.874662,80.860536,10:31,10,37,15.5,1.41,low_traffic,2,7
D2,2026-03-26,3,L19,Netmeds Hub Chinhat,26.7959,80.841595,11:23,11,16,13.5,0.9,low_traffic,3,7
D2,2026-03-26,3,L15,Zepto Store Aliganj,26.870728,80.828277,11:52,11,13,18.8,0.94,low_traffic,4,7
D2,2026-03-26,3,L20,HealthKart Golf City,26.894601,80.93064,12:23,12,17,10.6,0.88,medium_traffic,5,7
D2,2026-03-26,3,L14,Blinkit Hub Hazratganj,26.768615,80.949901,12:50,12,31,13.1,1.01,medium_traffic,6,7
D2,2026-03-26,3,L12,Grofers Hub Vikas Nagar,26.792658,80.911454,13:34,13,39,33.6,1.2,medium_traffic,7,7
D2,2026-03-27,4,L12,Grofers Hub Vikas Nagar,26.792658,80.911454,08:13,8,41,39.3,1.71,medium_traffic,1,7
D2,2026-03-27,4,L13,Swiggy Dark Store Gomti Extension,26.835278,81.020346,09:33,9,40,24.3,1.35,medium_traffic,2,7
D2,2026-03-27,4,L16,Quick Commerce Indiranagar,26.874662,80.860536,10:37,10,34,37.0,1.48,low_traffic,3,7
D2,2026-03-27,4,L14,Blinkit Hub Hazratganj,26.768615,80.949901,11:48,11,30,16.6,1.04,medium_traffic,4,7
D2,2026-03-27,4,L11,Walmart Best Price Kursi Road,26.875782,80.852468,12:34,12,34,9.3,0.85,low_traffic,5,7
D2,2026-03-27,4,L17,Apollo Pharmacy Rajajipuram,26.733613,81.06291,13:17,13,24,34.3,1.27,low_traffic,6,7
D2,2026-03-27,4,L20,HealthKart Golf City,26.894601,80.93064,14:15,14,20,34.2,1.22,medium_traffic,7,7
D2,2026-03-28,5,L11,Walmart Best Price Kursi Road,26.875782,80.852468,08:24,8,39,35.4,1.61,low_traffic,1,5
D2,2026-03-28,5,L12,Grofers Hub Vikas Nagar,26.792658,80.911454,09:38,9,41,23.1,1.78,medium_traffic,2,5
D2,2026-03-28,5,L17,Apollo Pharmacy Rajajipuram,26.733613,81.06291,10:42,10,27,30.6,1.7,low_traffic,3,5
D2,2026-03-28,5,L14,Blinkit Hub Hazratganj,26.768615,80.949901,11:39,11,31,25.5,0.98,medium_traffic,4,5
D2,2026-03-28,5,L19,Netmeds Hub Chinhat,26.7959,80.841595,12:35,12,9,10.2,1.02,low_traffic,5,5
D2,2026-03-30,0,L11,Walmart Best Price Kursi Road,26.875782,80.852468,09:28,9,40,32.1,1.69,low_traffic,1,6
D2,2026-03-30,0,L12,Grofers Hub Vikas Nagar,26.792658,80.911454,10:40,10,37,35.0,1.59,medium_traffic,2,6
D2,2026-03-30,0,L19,Netmeds Hub Chinhat,26.7959,80.841595,11:52,11,10,7.0,0.88,low_traffic,3,6
D2,2026-03-30,0,L15,Zepto Store Aliganj,26.870728,80.828277,12:09,12,14,29.0,1.0,low_traffic,4,6
D2,2026-03-30,0,L17,Apollo Pharmacy Rajajipuram,26.733613,81.06291,12:52,12,32,31.2,1.04,low_traffic,5,6
D2,2026-03-30,0,L18,MedPlus Mahanagar,26.967764,81.026383,13:55,13,15,14.6,1.12,low_traffic,6,6
D2,2026-03-31,1,L19,Netmeds Hub Chinhat,26.7959,80.841595,08:16,8,18,16.1,1.61,low_traffic,1,5
D2,2026-03-31,1,L17,Apollo Pharmacy Rajajipuram,26.733613,81.06291,08:50,8,25,35.4,1.77,low_traffic,2,5
D2,2026-03-31,1,L13,Swiggy Dark Store Gomti Extension,26.835278,81.020346,09:50,9,43,24.0,1.41,medium_traffic,3,5
D2,2026-03-31,1,L14,Blinkit Hub Hazratganj,26.768615,80.949901,10:57,10,33,19.3,1.61,medium_traffic,4,5
D2,2026-03-31,1,L16,Quick Commerce Indiranagar,26.874662,80.860536,11:49,11,26,8.2,1.02,low_traffic,5,5
D2,2026-04-01,2,L12,Grofers Hub Vikas Nagar,26.792658,80.911454,09:40,9,37,43.4,1.67,medium_traffic,1,7
D2,2026-04-01,2,L20,HealthKart Golf City,26.894601,80.93064,11:00,11,18,26.6,0.95,medium_traffic,2,7
D2,2026-04-01,2,L11,Walmart Best Price Kursi Road,26.875782,80.852468,11:44,11,36,17.3,0.91,low_traffic,3,7
D2,2026-04-01,2,L14,Blinkit Hub Hazratganj,26.768615,80.949901,12:37,12,32,9.6,0.96,medium_traffic,4,7
D2,2026-04-01,2,L13,Swiggy Dark Store Gomti Extension,26.835278,81.020346,13:18,13,40,24.4,1.16,medium_traffic,5,7
D2,2026-04-01,2,L15,Zepto Store Aliganj,26.870728,80.828277,14:22,14,10,9.0,1.13,low_traffic,6,7
D2,2026-04-01,2,L17,Apollo Pharmacy Rajajipuram,26.733613,81.06291,14:41,14,26,14.4,1.2,low_traffic,7,7
D2,2026-04-02,3,L15,Zepto Store Aliganj,26.870728,80.828277,09:38,9,18,11.4,1.42,low_traffic,1,7
D2,2026-04-02,3,L12,Grofers Hub Vikas Nagar,26.792658,80.911454,10:07,10,39,31.3,1.49,medium_traffic,2,7
D2,2026-04-02,3,L20,HealthKart Golf City,26.894601,80.93064,11:17,11,12,14.1,0.94,medium_traffic,3,7
D2,2026-04-02,3,L13,Swiggy Dark Store Gomti Extension,26.835278,81.020346,11:43,11,42,27.7,0.99,medium_traffic,4,7
D2,2026-04-02,3,L17,Apollo Pharmacy Rajajipuram,26.733613,81.06291,12:52,12,25,15.3,1.02,low_traffic,5,7
D2,2026-04-02,3,L14,Blinkit Hub Hazratganj,26.768615,80.949901,13:32,13,28,31.4,1.12,medium_traffic,6,7
D2,2026-04-02,3,L16,Quick Commerce Indiranagar,26.874662,80.860536,14:31,14,38,32.4,1.2,low_traffic,7,7
D2,2026-04-03,4,L13,Swiggy Dark Store Gomti Extension,26.835278,81.020346,08:40,8,40,33.7,1.53,medium_traffic,1,7
D2,2026-04-03,4,L17,Apollo Pharmacy Rajajipuram,26.733613,81.06291,09:53,9,24,37.9,1.65,low_traffic,2,7
D2,2026-04-03,4,L18,MedPlus Mahanagar,26.967764,81.026383,10:54,10,9,17.5,1.46,low_traffic,3,7
D2,2026-04-03,4,L16,Quick Commerce Indiranagar,26.874662,80.860536,11:20,11,28,8.3,1.04,low_traffic,4,7
D2,2026-04-03,4,L11,Walmart Best Price Kursi Road,26.875782,80.852468,11:56,11,33,17.7,1.04,low_traffic,5,7
D2,2026-04-03,4,L12,Grofers Hub Vikas Nagar,26.792658,80.911454,12:46,12,42,19.4,0.88,medium_traffic,6,7
D2,2026-04-03,4,L14,Blinkit Hub Hazratganj,26.768615,80.949901,13:47,13,27,11.0,1.1,medium_traffic,7,7
D2,2026-04-04,5,L15,Zepto Store Aliganj,26.870728,80.828277,09:05,9,10,20.6,1.72,low_traffic,1,3
D2,2026-04-04,5,L11,Walmart Best Price Kursi Road,26.875782,80.852468,09:35,9,30,28.6,1.43,low_traffic,2,3
D2,2026-04-04,5,L12,Grofers Hub Vikas Nagar,26.792658,80.911454,10:33,10,34,20.4,1.57,medium_traffic,3,3
D2,2026-04-06,0,L13,Swiggy Dark Store Gomti Extension,26.835278,81.020346,08:12,8,44,16.8,1.53,medium_traffic,1,7
D2,2026-04-06,0,L19,Netmeds Hub Chinhat,26.7959,80.841595,09:12,9,15,22.8,1.63,low_traffic,2,7
D2,2026-04-06,0,L15,Zepto Store Aliganj,26.870728,80.828277,09:49,9,15,25.3,1.49,low_traffic,3,7
D2,2026-04-06,0,L14,Blinkit Hub Hazratganj,26.768615,80.949901,10:29,10,36,12.4,1.38,medium_traffic,4,7
D2,2026-04-06,0,L18,MedPlus Mahanagar,26.967764,81.026383,11:17,11,10,25.0,1.04,low_traffic,5,7
D2,2026-04-06,0,L16,Quick Commerce Indiranagar,26.874662,80.860536,11:52,11,30,25.2,0.9,low_traffic,6,7
D2,2026-04-06,0,L20,HealthKart Golf City,26.894601,80.93064,12:47,12,20,8.0,0.89,medium_traffic,7,7
D2,2026-04-07,1,L15,Zepto Store Aliganj,26.870728,80.828277,09:15,9,19,11.7,1.3,low_traffic,1,6
D2,2026-04-07,1,L16,Quick Commerce Indiranagar,26.874662,80.860536,09:45,9,37,38.9,1.69,low_traffic,2,6
D2,2026-04-07,1,L19,Netmeds Hub Chinhat,26.7959,80.841595,11:00,11,20,18.4,0.97,low_traffic,3,6
D2,2026-04-07,1,L18,MedPlus Mahanagar,26.967764,81.026383,11:38,11,16,11.3,0.87,low_traffic,4,6
D2,2026-04-07,1,L20,HealthKart Golf City,26.894601,80.93064,12:05,12,15,23.5,0.87,medium_traffic,5,6
D2,2026-04-07,1,L11,Walmart Best Price Kursi Road,26.875782,80.852468,12:43,12,29,29.1,1.04,low_traffic,6,6
D2,2026-04-08,2,L11,Walmart Best Price Kursi Road,26.875782,80.852468,09:12,9,34,26.2,1.31,low_traffic,1,5
D2,2026-04-08,2,L15,Zepto Store Aliganj,26.870728,80.828277,10:12,10,10,26.6,1.66,low_traffic,2,5
D2,2026-04-08,2,L20,HealthKart Golf City,26.894601,80.93064,10:48,10,18,33.9,1.54,medium_traffic,3,5
D2,2026-04-08,2,L19,Netmeds Hub Chinhat,26.7959,80.841595,11:39,11,15,27.3,0.91,low_traffic,4,5
D2,2026-04-08,2,L17,Apollo Pharmacy Rajajipuram,26.733613,81.06291,12:21,12,29,11.6,0.89,low_traffic,5,5
D2,2026-04-09,3,L14,Blinkit Hub Hazratganj,26.768615,80.949901,09:18,9,30,42.8,1.71,medium_traffic,1,7
D2,2026-04-09,3,L13,Swiggy Dark Store Gomti Extension,26.835278,81.020346,10:30,10,44,42.8,1.53,medium_traffic,2,7
D2,2026-04-09,3,L11,Walmart Best Price Kursi Road,26.875782,80.852468,11:56,11,29,12.1,0.93,low_traffic,3,7
D2,2026-04-09,3,L12,Grofers Hub Vikas Nagar,26.792658,80.911454,12:37,12,43,18.4,0.97,medium_traffic,4,7
D2,2026-04-09,3,L20,HealthKart Golf City,26.894601,80.93064,13:38,13,21,22.0,1.22,medium_traffic,5,7
D2,2026-04-09,3,L19,Netmeds Hub Chinhat,26.7959,80.841595,14:21,14,14,27.8,1.11,low_traffic,6,7
D2,2026-04-09,3,L17,Apollo Pharmacy Rajajipuram,26.733613,81.06291,15:02,15,28,25.8,0.89,low_traffic,7,7
D2,2026-04-10,4,L12,Grofers Hub Vikas Nagar,26.792658,80.911454,08:08,8,34,12.5,1.39,medium_traffic,1,6
D2,2026-04-10,4,L19,Netmeds Hub Chinhat,26.7959,80.841595,08:54,8,9,18.9,1.35,low_traffic,2,6
D2,2026-04-10,4,L17,Apollo Pharmacy Rajajipuram,26.733613,81.06291,09:21,9,27,37.0,1.32,low_traffic,3,6
D2,2026-04-10,4,L11,Walmart Best Price Kursi Road,26.875782,80.852468,10:25,10,38,39.1,1.63,low_traffic,4,6
D2,2026-04-10,4,L13,Swiggy Dark Store Gomti Extension,26.835278,81.020346,11:42,11,36,15.8,0.99,medium_traffic,5,6
D2,2026-04-10,4,L18,MedPlus Mahanagar,26.967764,81.026383,12:33,12,20,24.8,0.92,low_traffic,6,6
D2,2026-04-11,5,L15,Zepto Store Aliganj,26.870728,80.828277,09:45,9,14,35.9,1.33,low_traffic,1,3
D2,2026-04-11,5,L13,Swiggy Dark Store Gomti Extension,26.835278,81.020346,10:34,10,40,15.6,1.56,medium_traffic,2,3
D2,2026-04-11,5,L12,Grofers Hub Vikas Nagar,26.792658,80.911454,11:29,11,39,12.2,0.87,medium_traffic,3,3
D2,2026-04-13,0,L19,Netmeds Hub Chinhat,26.7959,80.841595,09:06,9,13,43.7,1.68,low_traffic,1,5
D2,2026-04-13,0,L11,Walmart Best Price Kursi Road,26.875782,80.852468,10:02,10,39,49.2,1.64,low_traffic,2,5
D2,2026-04-13,0,L13,Swiggy Dark Store Gomti Extension,26.835278,81.020346,11:30,11,38,10.3,0.94,medium_traffic,3,5
D2,2026-04-13,0,L16,Quick Commerce Indiranagar,26.874662,80.860536,12:18,12,32,25.2,1.01,low_traffic,4,5
D2,2026-04-13,0,L15,Zepto Store Aliganj,26.870728,80.828277,13:15,13,12,34.8,1.2,low_traffic,5,5
D2,2026-04-14,1,L11,Walmart Best Price Kursi Road,26.875782,80.852468,08:36,8,41,31.4,1.57,low_traffic,1,8
D2,2026-04-14,1,L12,Grofers Hub Vikas Nagar,26.792658,80.911454,09:48,9,36,25.3,1.58,medium_traffic,2,8
D2,2026-04-14,1,L18,MedPlus Mahanagar,26.967764,81.026383,10:49,10,15,39.2,1.78,low_traffic,3,8
D2,2026-04-14,1,L15,Zepto Store Aliganj,26.870728,80.828277,11:43,11,14,7.6,0.85,low_traffic,4,8
D2,2026-04-14,1,L14,Blinkit Hub Hazratganj,26.768615,80.949901,12:04,12,27,23.3,0.97,medium_traffic,5,8
D2,2026-04-14,1,L13,Swiggy Dark Store Gomti Extension,26.835278,81.020346,12:54,12,36,17.9,1.05,medium_traffic,6,8
D2,2026-04-14,1,L17,Apollo Pharmacy Rajajipuram,26.733613,81.06291,13:47,13,24,17.4,1.16,low_traffic,7,8
D2,2026-04-14,1,L19,Netmeds Hub Chinhat,26.7959,80.841595,14:28,14,20,10.2,1.27,low_traffic,8,8
D2,2026-04-15,2,L12,Grofers Hub Vikas Nagar,26.792658,80.911454,09:23,9,34,26.1,1.74,medium_traffic,1,7
D2,2026-04-15,2,L15,Zepto Store Aliganj,26.870728,80.828277,10:23,10,11,24.3,1.43,low_traffic,2,7
D2,2026-04-15,2,L16,Quick Commerce Indiranagar,26.874662,80.860536,10:58,10,29,41.3,1.59,low_traffic,3,7
D2,2026-04-15,2,L18,MedPlus Mahanagar,26.967764,81.026383,12:08,12,21,18.0,1.0,low_traffic,4,7
D2,2026-04-15,2,L14,Blinkit Hub Hazratganj,26.768615,80.949901,12:47,12,36,21.8,0.95,medium_traffic,5,7
D2,2026-04-15,2,L17,Apollo Pharmacy Rajajipuram,26.733613,81.06291,13:44,13,30,13.6,1.24,low_traffic,6,7
D2,2026-04-15,2,L11,Walmart Best Price Kursi Road,26.875782,80.852468,14:27,14,40,11.1,1.23,low_traffic,7,7
D2,2026-04-16,3,L20,HealthKart Golf City,26.894601,80.93064,09:03,9,15,13.0,1.45,medium_traffic,1,8
D2,2026-04-16,3,L17,Apollo Pharmacy Rajajipuram,26.733613,81.06291,09:31,9,26,18.8,1.57,low_traffic,2,8
D2,2026-04-16,3,L15,Zepto Store Aliganj,26.870728,80.828277,10:15,10,12,23.2,1.55,low_traffic,3,8
D2,2026-04-16,3,L19,Netmeds Hub Chinhat,26.7959,80.841595,10:50,10,15,26.6,1.33,low_traffic,4,8
D2,2026-04-16,3,L18,MedPlus Mahanagar,26.967764,81.026383,11:31,11,17,26.0,1.0,low_traffic,5,8
D2,2026-04-16,3,L14,Blinkit Hub Hazratganj,26.768615,80.949901,12:14,12,29,18.3,0.87,medium_traffic,6,8
D2,2026-04-16,3,L13,Swiggy Dark Store Gomti Extension,26.835278,81.020346,13:01,13,38,15.1,1.26,medium_traffic,7,8
D2,2026-04-16,3,L16,Quick Commerce Indiranagar,26.874662,80.860536,13:54,13,35,26.9,1.17,low_traffic,8,8
D2,2026-04-17,4,L12,Grofers Hub Vikas Nagar,26.792658,80.911454,08:30,8,37,36.3,1.58,medium_traffic,1,5
D2,2026-04-17,4,L20,HealthKart Golf City,26.894601,80.93064,09:43,9,18,22.8,1.63,medium_traffic,2,5
D2,2026-04-17,4,L13,Swiggy Dark Store Gomti Extension,26.835278,81.020346,10:23,10,39,38.6,1.61,medium_traffic,3,5
D2,2026-04-17,4,L16,Quick Commerce Indiranagar,26.874662,80.860536,11:40,11,38,14.4,0.9,low_traffic,4,5
D2,2026-04-17,4,L18,MedPlus Mahanagar,26.967764,81.026383,12:32,12,18,27.3,0.94,low_traffic,5,5
D2,2026-04-18,5,L14,Blinkit Hub Hazratganj,26.768615,80.949901,09:10,9,37,48.3,1.79,medium_traffic,1,3
D2,2026-04-18,5,L11,Walmart Best Price Kursi Road,26.875782,80.852468,10:35,10,36,18.2,1.52,low_traffic,2,3
D2,2026-04-18,5,L15,Zepto Store Aliganj,26.870728,80.828277,11:29,11,13,12.9,0.86,low_traffic,3,3
D2,2026-04-20,0,L20,HealthKart Golf City,26.894601,80.93064,09:44,9,17,28.9,1.7,medium_traffic,1,7
D2,2026-04-20,0,L17,Apollo Pharmacy Rajajipuram,26.733613,81.06291,10:29,10,24,27.7,1.54,low_traffic,2,7
D2,2026-04-20,0,L14,Blinkit Hub Hazratganj,26.768615,80.949901,11:20,11,28,14.0,1.0,medium_traffic,3,7
D2,2026-04-20,0,L15,Zepto Store Aliganj,26.870728,80.828277,12:02,12,18,15.4,0.96,low_traffic,4,7
D2,2026-04-20,0,L18,MedPlus Mahanagar,26.967764,81.026383,12:35,12,20,11.4,0.95,low_traffic,5,7
D2,2026-04-20,0,L11,Walmart Best Price Kursi Road,26.875782,80.852468,13:06,13,35,9.9,1.24,low_traffic,6,7
D2,2026-04-20,0,L16,Quick Commerce Indiranagar,26.874662,80.860536,13:50,13,34,35.4,1.22,low_traffic,7,7
D2,2026-04-21,1,L14,Blinkit Hub Hazratganj,26.768615,80.949901,08:04,8,35,23.8,1.49,medium_traffic,1,5
D2,2026-04-21,1,L16,Quick Commerce Indiranagar,26.874662,80.860536,09:02,9,31,50.2,1.73,low_traffic,2,5
D2,2026-04-21,1,L18,MedPlus Mahanagar,26.967764,81.026383,10:23,10,13,13.8,1.73,low_traffic,3,5
D2,2026-04-21,1,L17,Apollo Pharmacy Rajajipuram,26.733613,81.06291,10:49,10,27,48.4,1.73,low_traffic,4,5
D2,2026-04-21,1,L20,HealthKart Golf City,26.894601,80.93064,12:04,12,18,18.0,0.9,medium_traffic,5,5
D2,2026-04-22,2,L20,HealthKart Golf City,26.894601,80.93064,08:15,8,15,29.9,1.76,medium_traffic,1,5
D2,2026-04-22,2,L11,Walmart Best Price Kursi Road,26.875782,80.852468,08:59,8,29,20.0,1.54,low_traffic,2,5
D2,2026-04-22,2,L13,Swiggy Dark Store Gomti Extension,26.835278,81.020346,09:48,9,41,27.9,1.47,medium_traffic,3,5
D2,2026-04-22,2,L14,Blinkit Hub Hazratganj,26.768615,80.949901,10:56,10,33,24.2,1.61,medium_traffic,4,5
D2,2026-04-22,2,L15,Zepto Store Aliganj,26.870728,80.828277,11:53,11,20,8.2,0.91,low_traffic,5,5
D2,2026-04-23,3,L16,Quick Commerce Indiranagar,26.874662,80.860536,08:24,8,35,45.2,1.56,low_traffic,1,7
D2,2026-04-23,3,L19,Netmeds Hub Chinhat,26.7959,80.841595,09:44,9,11,50.5,1.74,low_traffic,2,7
D2,2026-04-23,3,L18,MedPlus Mahanagar,26.967764,81.026383,10:45,10,11,39.3,1.51,low_traffic,3,7
D2,2026-04-23,3,L14,Blinkit Hub Hazratganj,26.768615,80.949901,11:35,11,34,16.0,0.94,medium_traffic,4,7
D2,2026-04-23,3,L13,Swiggy Dark Store Gomti Extension,26.835278,81.020346,12:25,12,38,23.0,0.92,medium_traffic,5,7
D2,2026-04-23,3,L20,HealthKart Golf City,26.894601,80.93064,13:26,13,19,13.7,1.14,medium_traffic,6,7
D2,2026-04-23,3,L12,Grofers Hub Vikas Nagar,26.792658,80.911454,13:58,13,33,16.9,1.21,medium_traffic,7,7
D2,2026-04-24,4,L20,HealthKart Golf City,26.894601,80.93064,08:11,8,21,17.5,1.46,medium_traffic,1,7
D2,2026-04-24,4,L11,Walmart Best Price Kursi Road,26.875782,80.852468,08:49,8,35,23.6,1.31,low_traffic,2,7
D2,2026-04-24,4,L14,Blinkit Hub Hazratganj,26.768615,80.949901,09:47,9,32,30.3,1.78,medium_traffic,3,7
D2,2026-04-24,4,L16,Quick Commerce Indiranagar,26.874662,80.860536,10:49,10,37,46.8,1.67,low_traffic,4,7
D2,2026-04-24,4,L15,Zepto Store Aliganj,26.870728,80.828277,12:12,12,11,12.6,0.9,low_traffic,5,7
D2,2026-04-24,4,L12,Grofers Hub Vikas Nagar,26.792658,80.911454,12:35,12,43,7.0,0.88,medium_traffic,6,7
D2,2026-04-24,4,L18,MedPlus Mahanagar,26.967764,81.026383,13:25,13,13,35.1,1.3,low_traffic,7,7
D2,2026-04-25,5,L18,MedPlus Mahanagar,26.967764,81.026383,08:32,8,20,39.6,1.72,low_traffic,1,5
D2,2026-04-25,5,L17,Apollo Pharmacy Rajajipuram,26.733613,81.06291,09:31,9,27,21.1,1.62,low_traffic,2,5
D2,2026-04-25,5,L15,Zepto Store Aliganj,26.870728,80.828277,10:19,10,12,18.6,1.55,low_traffic,3,5
D2,2026-04-25,5,L13,Swiggy Dark Store Gomti Extension,26.835278,81.020346,10:49,10,42,12.6,1.4,medium_traffic,4,5
D2,2026-04-25,5,L11,Walmart Best Price Kursi Road,26.875782,80.852468,11:43,11,33,8.0,1.0,low_traffic,5,5
D2,2026-04-27,0,L17,Apollo Pharmacy Rajajipuram,26.733613,81.06291,09:15,9,30,13.6,1.51,low_traffic,1,8
D2,2026-04-27,0,L16,Quick Commerce Indiranagar,26.874662,80.860536,09:58,9,37,33.4,1.67,low_traffic,2,8
D2,2026-04-27,0,L13,Swiggy Dark Store Gomti Extension,26.835278,81.020346,11:08,11,47,24.6,0.91,medium_traffic,3,8
D2,2026-04-27,0,L15,Zepto Store Aliganj,26.870728,80.828277,12:19,12,18,24.0,0.96,low_traffic,4,8
D2,2026-04-27,0,L18,MedPlus Mahanagar,26.967764,81.026383,13:01,13,21,36.9,1.23,low_traffic,5,8
D2,2026-04-27,0,L12,Grofers Hub Vikas Nagar,26.792658,80.911454,13:58,13,38,12.2,1.11,medium_traffic,6,8
D2,2026-04-27,0,L11,Walmart Best Price Kursi Road,26.875782,80.852468,14:48,14,32,10.7,1.19,low_traffic,7,8
D2,2026-04-27,0,L19,Netmeds Hub Chinhat,26.7959,80.841595,15:30,15,19,19.0,0.95,low_traffic,8,8
D2,2026-04-28,1,L18,MedPlus Mahanagar,26.967764,81.026383,09:10,9,9,40.8,1.51,low_traffic,1,5
D2,2026-04-28,1,L16,Quick Commerce Indiranagar,26.874662,80.860536,09:59,9,33,19.7,1.64,low_traffic,2,5
D2,2026-04-28,1,L20,HealthKart Golf City,26.894601,80.93064,10:51,10,11,37.6,1.71,medium_traffic,3,5
D2,2026-04-28,1,L15,Zepto Store Aliganj,26.870728,80.828277,11:39,11,12,10.9,0.99,low_traffic,4,5
D2,2026-04-28,1,L14,Blinkit Hub Hazratganj,26.768615,80.949901,12:01,12,33,30.3,1.01,medium_traffic,5,5
D2,2026-04-29,2,L15,Zepto Store Aliganj,26.870728,80.828277,09:05,9,20,42.9,1.43,low_traffic,1,6
D2,2026-04-29,2,L18,MedPlus Mahanagar,26.967764,81.026383,10:07,10,20,22.8,1.75,low_traffic,2,6
D2,2026-04-29,2,L13,Swiggy Dark Store Gomti Extension,26.835278,81.020346,10:49,10,37,16.7,1.67,medium_traffic,3,6
D2,2026-04-29,2,L19,Netmeds Hub Chinhat,26.7959,80.841595,11:42,11,13,27.7,0.99,low_traffic,4,6
D2,2026-04-29,2,L12,Grofers Hub Vikas Nagar,26.792658,80.911454,12:22,12,37,26.1,0.87,medium_traffic,5,6
D2,2026-04-29,2,L11,Walmart Best Price Kursi Road,26.875782,80.852468,13:25,13,38,30.0,1.25,low_traffic,6,6
D2,2026-04-30,3,L14,Blinkit Hub Hazratganj,26.768615,80.949901,08:45,8,29,22.6,1.33,medium_traffic,1,6
D2,2026-04-30,3,L15,Zepto Store Aliganj,26.870728,80.828277,09:36,9,14,36.7,1.67,low_traffic,2,6
D2,2026-04-30,3,L18,MedPlus Mahanagar,26.967764,81.026383,10:26,10,11,17.7,1.61,low_traffic,3,6
D2,2026-04-30,3,L16,Quick Commerce Indiranagar,26.874662,80.860536,10:54,10,35,14.2,1.78,low_traffic,4,6
D2,2026-04-30,3,L13,Swiggy Dark Store Gomti Extension,26.835278,81.020346,11:43,11,43,8.0,1.0,medium_traffic,5,6
D2,2026-04-30,3,L12,Grofers Hub Vikas Nagar,26.792658,80.911454,12:34,12,39,21.8,0.95,medium_traffic,6,6
D3,2026-01-02,4,L21,Monginis Bakery Hazratganj,26.74843,80.944946,08:38,8,22,24.0,1.6,medium_traffic,1,5
D3,2026-01-02,4,L23,Bread Talk Aliganj,26.783983,80.988456,09:24,9,32,40.3,1.44,low_traffic,2,5
D3,2026-01-02,4,L27,Third Wave Coffee Mahanagar,26.96097,81.048855,10:36,10,14,23.9,1.71,low_traffic,3,5
D3,2026-01-02,4,L26,Cafe Coffee Day Rajajipuram,26.968792,81.017735,11:13,11,35,8.0,0.89,low_traffic,4,5
D3,2026-01-02,4,L29,Restaurant Depot Golf City,26.739708,80.867156,11:56,11,28,11.0,0.92,low_traffic,5,5
D3,2026-01-03,5,L22,Cake Hub Gomti Nagar,26.725641,81.052623,09:39,9,24,48.9,1.63,low_traffic,1,5
D3,2026-01-03,5,L23,Bread Talk Aliganj,26.783983,80.988456,10:51,10,26,39.8,1.59,low_traffic,2,5
D3,2026-01-03,5,L29,Restaurant Depot Golf City,26.739708,80.867156,11:56,11,33,27.0,1.04,low_traffic,3,5
D3,2026-01-03,5,L24,French Loaf Saharaganj,26.797745,80.951418,12:56,12,39,10.4,1.04,medium_traffic,4,5
D3,2026-01-03,5,L28,Tea Trunk Chinhat,26.872154,81.055887,13:45,13,36,22.0,1.16,low_traffic,5,5
D3,2026-01-05,0,L26,Cafe Coffee Day Rajajipuram,26.968792,81.017735,09:33,9,36,21.1,1.51,low_traffic,1,5
D3,2026-01-05,0,L25,Barista Indiranagar,26.858845,80.864262,10:30,10,9,12.6,1.4,medium_traffic,2,5
D3,2026-01-05,0,L30,FoodHub Faizabad Road,26.728459,80.900786,10:51,10,38,44.5,1.59,low_traffic,3,5
D3,2026-01-05,0,L21,Monginis Bakery Hazratganj,26.74843,80.944946,12:13,12,25,24.2,1.05,medium_traffic,4,5
D3,2026-01-05,0,L28,Tea Trunk Chinhat,26.872154,81.055887,13:02,13,34,37.2,1.24,low_traffic,5,5
D3,2026-01-06,1,L24,French Loaf Saharaganj,26.797745,80.951418,09:31,9,30,45.9,1.7,medium_traffic,1,8
D3,2026-01-06,1,L22,Cake Hub Gomti Nagar,26.725641,81.052623,10:46,10,15,23.1,1.65,low_traffic,2,8
D3,2026-01-06,1,L21,Monginis Bakery Hazratganj,26.74843,80.944946,11:24,11,24,19.1,0.87,medium_traffic,3,8
D3,2026-01-06,1,L23,Bread Talk Aliganj,26.783983,80.988456,12:07,12,36,14.1,1.01,low_traffic,4,8
D3,2026-01-06,1,L29,Restaurant Depot Golf City,26.739708,80.867156,12:57,12,34,20.4,0.97,low_traffic,5,8
D3,2026-01-06,1,L27,Third Wave Coffee Mahanagar,26.96097,81.048855,13:51,13,22,21.1,1.11,low_traffic,6,8
D3,2026-01-06,1,L28,Tea Trunk Chinhat,26.872154,81.055887,14:34,14,30,17.6,1.26,low_traffic,7,8
D3,2026-01-06,1,L25,Barista Indiranagar,26.858845,80.864262,15:21,15,12,29.4,0.98,medium_traffic,8,8
D3,2026-01-07,2,L26,Cafe Coffee Day Rajajipuram,26.968792,81.017735,09:25,9,25,44.8,1.66,low_traffic,1,7
D3,2026-01-07,2,L30,FoodHub Faizabad Road,26.728459,80.900786,10:34,10,35,24.1,1.72,low_traffic,2,7
D3,2026-01-07,2,L24,French Loaf Saharaganj,26.797745,80.951418,11:33,11,34,29.6,1.02,medium_traffic,3,7
D3,2026-01-07,2,L21,Monginis Bakery Hazratganj,26.74843,80.944946,12:36,12,24,9.3,1.03,medium_traffic,4,7
D3,2026-01-07,2,L23,Bread Talk Aliganj,26.783983,80.988456,13:09,13,34,13.6,1.13,low_traffic,5,7
D3,2026-01-07,2,L27,Third Wave Coffee Mahanagar,26.96097,81.048855,13:56,13,19,29.8,1.19,low_traffic,6,7
D3,2026-01-07,2,L28,Tea Trunk Chinhat,26.872154,81.055887,14:44,14,41,25.0,1.19,low_traffic,7,7
D3,2026-01-08,3,L28,Tea Trunk Chinhat,26.872154,81.055887,09:04,9,30,28.5,1.78,low_traffic,1,5
D3,2026-01-08,3,L24,French Loaf Saharaganj,26.797745,80.951418,10:02,10,37,29.4,1.47,medium_traffic,2,5
D3,2026-01-08,3,L23,Bread Talk Aliganj,26.783983,80.988456,11:08,11,33,12.5,0.96,low_traffic,3,5
D3,2026-01-08,3,L22,Cake Hub Gomti Nagar,26.725641,81.052623,11:53,11,24,12.6,0.97,low_traffic,4,5
D3,2026-01-08,3,L21,Monginis Bakery Hazratganj,26.74843,80.944946,12:29,12,25,14.8,0.87,medium_traffic,5,5
D3,2026-01-09,4,L28,Tea Trunk Chinhat,26.872154,81.055887,08:33,8,35,15.9,1.45,low_traffic,1,7
D3,2026-01-09,4,L26,Cafe Coffee Day Rajajipuram,26.968792,81.017735,09:23,9,26,23.7,1.69,low_traffic,2,7
D3,2026-01-09,4,L29,Restaurant Depot Golf City,26.739708,80.867156,10:12,10,40,12.2,1.52,low_traffic,3,7
D3,2026-01-09,4,L23,Bread Talk Aliganj,26.783983,80.988456,11:04,11,26,22.8,0.95,low_traffic,4,7
D3,2026-01-09,4,L22,Cake Hub Gomti Nagar,26.725641,81.052623,11:52,11,26,20.5,0.89,low_traffic,5,7
D3,2026-01-09,4,L24,French Loaf Saharaganj,26.797745,80.951418,12:38,12,39,17.3,1.02,medium_traffic,6,7
D3,2026-01-09,4,L30,FoodHub Faizabad Road,26.728459,80.900786,13:34,13,38,12.9,1.17,low_traffic,7,7
D3,2026-01-10,5,L30,FoodHub Faizabad Road,26.728459,80.900786,08:43,8,35,17.2,1.72,low_traffic,1,5
D3,2026-01-10,5,L22,Cake Hub Gomti Nagar,26.725641,81.052623,09:35,9,16,13.8,1.53,low_traffic,2,5
D3,2026-01-10,5,L26,Cafe Coffee Day Rajajipuram,26.968792,81.017735,10:04,10,36,45.2,1.56,low_traffic,3,5
D3,2026-01-10,5,L28,Tea Trunk Chinhat,26.872154,81.055887,11:25,11,42,23.7,0.91,low_traffic,4,5
D3,2026-01-10,5,L25,Barista Indiranagar,26.858845,80.864262,12:30,12,13,12.7,0.91,medium_traffic,5,5
D3,2026-01-12,0,L26,Cafe Coffee Day Rajajipuram,26.968792,81.017735,08:17,8,33,36.7,1.36,low_traffic,1,6
D3,2026-01-12,0,L27,Third Wave Coffee Mahanagar,26.96097,81.048855,09:26,9,22,21.8,1.56,low_traffic,2,6
D3,2026-01-12,0,L22,Cake Hub Gomti Nagar,26.725641,81.052623,10:09,10,19,26.6,1.48,low_traffic,3,6
D3,2026-01-12,0,L21,Monginis Bakery Hazratganj,26.74843,80.944946,10:54,10,26,41.1,1.37,medium_traffic,4,6
D3,2026-01-12,0,L30,FoodHub Faizabad Road,26.728459,80.900786,12:01,12,32,13.7,0.91,low_traffic,5,6
D3,2026-01-12,0,L23,Bread Talk Aliganj,26.783983,80.988456,12:46,12,29,23.2,0.86,low_traffic,6,6
D3,2026-01-13,1,L29,Restaurant Depot Golf City,26.739708,80.867156,08:27,8,37,45.0,1.5,low_traffic,1,8
D3,2026-01-13,1,L27,Third Wave Coffee Mahanagar,26.96097,81.048855,09:49,9,25,49.0,1.75,low_traffic,2,8
D3,2026-01-13,1,L22,Cake Hub Gomti Nagar,26.725641,81.052623,11:03,11,20,26.7,0.99,low_traffic,3,8
D3,2026-01-13,1,L25,Barista Indiranagar,26.858845,80.864262,11:49,11,19,12.7,0.91,medium_traffic,4,8
D3,2026-01-13,1,L28,Tea Trunk Chinhat,26.872154,81.055887,12:20,12,31,25.0,1.0,low_traffic,5,8
D3,2026-01-13,1,L26,Cafe Coffee Day Rajajipuram,26.968792,81.017735,13:16,13,34,28.4,1.29,low_traffic,6,8
D3,2026-01-13,1,L24,French Loaf Saharaganj,26.797745,80.951418,14:18,14,34,33.9,1.13,medium_traffic,7,8
D3,2026-01-13,1,L30,FoodHub Faizabad Road,26.728459,80.900786,15:25,15,40,14.8,0.87,low_traffic,8,8
D3,2026-01-14,2,L30,FoodHub Faizabad Road,26.728459,80.900786,09:20,9,31,12.2,1.53,low_traffic,1,8
D3,2026-01-14,2,L21,Monginis Bakery Hazratganj,26.74843,80.944946,10:03,10,21,29.3,1.54,medium_traffic,2,8
D3,2026-01-14,2,L27,Third Wave Coffee Mahanagar,26.96097,81.048855,10:53,10,18,19.9,1.53,low_traffic,3,8
D3,2026-01-14,2,L26,Cafe Coffee Day Rajajipuram,26.968792,81.017735,11:30,11,34,27.0,1.0,low_traffic,4,8
D3,2026-01-14,2,L23,Bread Talk Aliganj,26.783983,80.988456,12:31,12,30,9.7,0.88,low_traffic,5,8
D3,2026-01-14,2,L25,Barista Indiranagar,26.858845,80.864262,13:10,13,13,13.9,1.26,medium_traffic,6,8
D3,2026-01-14,2,L22,Cake Hub Gomti Nagar,26.725641,81.052623,13:36,13,27,12.1,1.21,low_traffic,7,8
D3,2026-01-14,2,L29,Restaurant Depot Golf City,26.739708,80.867156,14:15,14,34,25.5,1.16,low_traffic,8,8
D3,2026-01-15,3,L26,Cafe Coffee Day Rajajipuram,26.968792,81.017735,09:36,9,36,42.2,1.69,low_traffic,1,8
D3,2026-01-15,3,L22,Cake Hub Gomti Nagar,26.725641,81.052623,10:54,10,25,41.2,1.42,low_traffic,2,8
D3,2026-01-15,3,L25,Barista Indiranagar,26.858845,80.864262,12:00,12,17,26.1,0.87,medium_traffic,3,8
D3,2026-01-15,3,L28,Tea Trunk Chinhat,26.872154,81.055887,12:43,12,39,11.2,1.02,low_traffic,4,8
D3,2026-01-15,3,L21,Monginis Bakery Hazratganj,26.74843,80.944946,13:33,13,22,22.0,1.22,medium_traffic,5,8
D3,2026-01-15,3,L27,Third Wave Coffee Mahanagar,26.96097,81.048855,14:17,14,16,24.6,1.12,low_traffic,6,8
D3,2026-01-15,3,L29,Restaurant Depot Golf City,26.739708,80.867156,14:57,14,29,23.2,1.16,low_traffic,7,8
D3,2026-01-15,3,L23,Bread Talk Aliganj,26.783983,80.988456,15:49,15,33,28.1,0.97,low_traffic,8,8
D3,2026-01-16,4,L25,Barista Indiranagar,26.858845,80.864262,09:34,9,17,39.1,1.45,medium_traffic,1,8
D3,2026-01-16,4,L23,Bread Talk Aliganj,26.783983,80.988456,10:30,10,34,21.3,1.52,low_traffic,2,8
D3,2026-01-16,4,L24,French Loaf Saharaganj,26.797745,80.951418,11:25,11,36,17.5,1.03,medium_traffic,3,8
D3,2026-01-16,4,L27,Third Wave Coffee Mahanagar,26.96097,81.048855,12:18,12,18,29.3,1.01,low_traffic,4,8
D3,2026-01-16,4,L30,FoodHub Faizabad Road,26.728459,80.900786,13:05,13,41,26.9,1.28,low_traffic,5,8
D3,2026-01-16,4,L22,Cake Hub Gomti Nagar,26.725641,81.052623,14:12,14,16,24.7,1.3,low_traffic,6,8
D3,2026-01-16,4,L29,Restaurant Depot Golf City,26.739708,80.867156,14:52,14,36,32.9,1.22,low_traffic,7,8
D3,2026-01-16,4,L21,Monginis Bakery Hazratganj,26.74843,80.944946,16:00,16,18,11.2,0.93,medium_traffic,8,8
D3,2026-01-17,5,L24,French Loaf Saharaganj,26.797745,80.951418,08:15,8,33,39.5,1.52,medium_traffic,1,3
D3,2026-01-17,5,L22,Cake Hub Gomti Nagar,26.725641,81.052623,09:27,9,21,48.3,1.61,low_traffic,2,3
D3,2026-01-17,5,L27,Third Wave Coffee Mahanagar,26.96097,81.048855,10:36,10,22,31.5,1.5,low_traffic,3,3
D3,2026-01-19,0,L26,Cafe Coffee Day Rajajipuram,26.968792,81.017735,09:42,9,26,10.9,1.36,low_traffic,1,6
D3,2026-01-19,0,L21,Monginis Bakery Hazratganj,26.74843,80.944946,10:18,10,25,19.4,1.62,medium_traffic,2,6
D3,2026-01-19,0,L27,Third Wave Coffee Mahanagar,26.96097,81.048855,11:02,11,20,29.9,1.03,low_traffic,3,6
D3,2026-01-19,0,L29,Restaurant Depot Golf City,26.739708,80.867156,11:51,11,29,12.5,1.04,low_traffic,4,6
D3,2026-01-19,0,L24,French Loaf Saharaganj,26.797745,80.951418,12:32,12,34,18.5,0.88,medium_traffic,5,6
D3,2026-01-19,0,L25,Barista Indiranagar,26.858845,80.864262,13:24,13,17,38.4,1.28,medium_traffic,6,6
D3,2026-01-20,1,L21,Monginis Bakery Hazratganj,26.74843,80.944946,08:11,8,23,12.1,1.51,medium_traffic,1,8
D3,2026-01-20,1,L29,Restaurant Depot Golf City,26.739708,80.867156,08:46,8,39,23.2,1.55,low_traffic,2,8
D3,2026-01-20,1,L22,Cake Hub Gomti Nagar,26.725641,81.052623,09:48,9,23,32.6,1.55,low_traffic,3,8
D3,2026-01-20,1,L26,Cafe Coffee Day Rajajipuram,26.968792,81.017735,10:43,10,25,14.3,1.59,low_traffic,4,8
D3,2026-01-20,1,L27,Third Wave Coffee Mahanagar,26.96097,81.048855,11:22,11,19,28.8,0.96,low_traffic,5,8
D3,2026-01-20,1,L24,French Loaf Saharaganj,26.797745,80.951418,12:09,12,38,20.0,0.87,medium_traffic,6,8
D3,2026-01-20,1,L25,Barista Indiranagar,26.858845,80.864262,13:07,13,20,26.9,1.12,medium_traffic,7,8
D3,2026-01-20,1,L28,Tea Trunk Chinhat,26.872154,81.055887,13:53,13,38,27.7,1.26,low_traffic,8,8
D3,2026-01-21,2,L30,FoodHub Faizabad Road,26.728459,80.900786,09:34,9,37,38.9,1.69,low_traffic,1,5
D3,2026-01-21,2,L25,Barista Indiranagar,26.858845,80.864262,10:49,10,17,35.9,1.56,medium_traffic,2,5
D3,2026-01-21,2,L27,Third Wave Coffee Mahanagar,26.96097,81.048855,11:41,11,19,21.0,1.0,low_traffic,3,5
D3,2026-01-21,2,L23,Bread Talk Aliganj,26.783983,80.988456,12:21,12,28,17.7,1.04,low_traffic,4,5
D3,2026-01-21,2,L21,Monginis Bakery Hazratganj,26.74843,80.944946,13:06,13,23,33.9,1.13,medium_traffic,5,5
D3,2026-01-22,3,L27,Third Wave Coffee Mahanagar,26.96097,81.048855,09:39,9,15,30.1,1.31,low_traffic,1,7
D3,2026-01-22,3,L28,Tea Trunk Chinhat,26.872154,81.055887,10:24,10,42,13.6,1.36,low_traffic,2,7
D3,2026-01-22,3,L23,Bread Talk Aliganj,26.783983,80.988456,11:19,11,33,10.9,0.91,low_traffic,3,7
D3,2026-01-22,3,L22,Cake Hub Gomti Nagar,26.725641,81.052623,12:02,12,15,14.6,0.91,low_traffic,4,7
D3,2026-01-22,3,L29,Restaurant Depot Golf City,26.739708,80.867156,12:31,12,30,27.0,1.0,low_traffic,5,7
D3,2026-01-22,3,L24,French Loaf Saharaganj,26.797745,80.951418,13:28,13,37,15.4,1.28,medium_traffic,6,7
D3,2026-01-22,3,L26,Cafe Coffee Day Rajajipuram,26.968792,81.017735,14:20,14,29,15.5,1.19,low_traffic,7,7
D3,2026-01-23,4,L26,Cafe Coffee Day Rajajipuram,26.968792,81.017735,09:15,9,27,45.6,1.63,low_traffic,1,6
D3,2026-01-23,4,L27,Third Wave Coffee Mahanagar,26.96097,81.048855,10:27,10,14,26.8,1.41,low_traffic,2,6
D3,2026-01-23,4,L24,French Loaf Saharaganj,26.797745,80.951418,11:07,11,27,10.8,0.98,medium_traffic,3,6
D3,2026-01-23,4,L25,Barista Indiranagar,26.858845,80.864262,11:44,11,15,17.6,0.88,medium_traffic,4,6
D3,2026-01-23,4,L22,Cake Hub Gomti Nagar,26.725641,81.052623,12:16,12,18,22.8,0.91,low_traffic,5,6
D3,2026-01-23,4,L30,FoodHub Faizabad Road,26.728459,80.900786,12:56,12,36,27.9,0.93,low_traffic,6,6
D3,2026-01-24,5,L28,Tea Trunk Chinhat,26.872154,81.055887,08:06,8,35,49.3,1.76,low_traffic,1,4
D3,2026-01-24,5,L22,Cake Hub Gomti Nagar,26.725641,81.052623,09:30,9,24,37.4,1.78,low_traffic,2,4
D3,2026-01-24,5,L26,Cafe Coffee Day Rajajipuram,26.968792,81.017735,10:31,10,30,28.2,1.76,low_traffic,3,4
D3,2026-01-24,5,L30,FoodHub Faizabad Road,26.728459,80.900786,11:29,11,34,9.9,0.9,low_traffic,4,4
D3,2026-01-26,0,L27,Third Wave Coffee Mahanagar,26.96097,81.048855,08:04,8,22,14.4,1.31,low_traffic,1,8
D3,2026-01-26,0,L21,Monginis Bakery Hazratganj,26.74843,80.944946,08:40,8,19,29.7,1.35,medium_traffic,2,8
D3,2026-01-26,0,L30,FoodHub Faizabad Road,26.728459,80.900786,09:28,9,34,24.0,1.41,low_traffic,3,8
D3,2026-01-26,0,L26,Cafe Coffee Day Rajajipuram,26.968792,81.017735,10:26,10,34,11.2,1.4,low_traffic,4,8
D3,2026-01-26,0,L22,Cake Hub Gomti Nagar,26.725641,81.052623,11:11,11,25,23.5,0.87,low_traffic,5,8
D3,2026-01-26,0,L23,Bread Talk Aliganj,26.783983,80.988456,11:59,11,33,14.4,1.03,low_traffic,6,8
D3,2026-01-26,0,L25,Barista Indiranagar,26.858845,80.864262,12:46,12,9,29.4,0.98,medium_traffic,7,8
D3,2026-01-26,0,L29,Restaurant Depot Golf City,26.739708,80.867156,13:24,13,30,30.2,1.12,low_traffic,8,8
D3,2026-01-27,1,L24,French Loaf Saharaganj,26.797745,80.951418,09:17,9,37,50.4,1.68,medium_traffic,1,8
D3,2026-01-27,1,L21,Monginis Bakery Hazratganj,26.74843,80.944946,10:44,10,18,30.2,1.68,medium_traffic,2,8
D3,2026-01-27,1,L27,Third Wave Coffee Mahanagar,26.96097,81.048855,11:32,11,18,8.8,0.88,low_traffic,3,8
D3,2026-01-27,1,L25,Barista Indiranagar,26.858845,80.864262,11:58,11,14,20.2,1.01,medium_traffic,4,8
D3,2026-01-27,1,L29,Restaurant Depot Golf City,26.739708,80.867156,12:32,12,32,8.3,0.92,low_traffic,5,8
D3,2026-01-27,1,L28,Tea Trunk Chinhat,26.872154,81.055887,13:12,13,32,20.6,1.29,low_traffic,6,8
D3,2026-01-27,1,L26,Cafe Coffee Day Rajajipuram,26.968792,81.017735,14:04,14,28,27.4,1.19,low_traffic,7,8
D3,2026-01-27,1,L22,Cake Hub Gomti Nagar,26.725641,81.052623,14:59,14,25,15.9,1.22,low_traffic,8,8
D3,2026-01-28,2,L26,Cafe Coffee Day Rajajipuram,26.968792,81.017735,08:02,8,36,34.8,1.34,low_traffic,1,8
D3,2026-01-28,2,L28,Tea Trunk Chinhat,26.872154,81.055887,09:12,9,30,31.5,1.43,low_traffic,2,8
D3,2026-01-28,2,L29,Restaurant Depot Golf City,26.739708,80.867156,10:13,10,38,21.0,1.75,low_traffic,3,8
D3,2026-01-28,2,L24,French Loaf Saharaganj,26.797745,80.951418,11:12,11,37,8.8,0.98,medium_traffic,4,8
D3,2026-01-28,2,L21,Monginis Bakery Hazratganj,26.74843,80.944946,11:57,11,25,11.2,0.93,medium_traffic,5,8
D3,2026-01-28,2,L25,Barista Indiranagar,26.858845,80.864262,12:33,12,17,18.4,0.92,medium_traffic,6,8
D3,2026-01-28,2,L30,FoodHub Faizabad Road,26.728459,80.900786,13:08,13,42,33.0,1.1,low_traffic,7,8
D3,2026-01-28,2,L27,Third Wave Coffee Mahanagar,26.96097,81.048855,14:23,14,20,25.2,1.2,low_traffic,8,8
D3,2026-01-29,3,L25,Barista Indiranagar,26.858845,80.864262,09:43,9,18,13.0,1.45,medium_traffic,1,5
D3,2026-01-29,3,L22,Cake Hub Gomti Nagar,26.725641,81.052623,10:14,10,16,50.4,1.8,low_traffic,2,5
D3,2026-01-29,3,L23,Bread Talk Aliganj,26.783983,80.988456,11:20,11,25,16.6,0.92,low_traffic,3,5
D3,2026-01-29,3,L28,Tea Trunk Chinhat,26.872154,81.055887,12:01,12,40,17.3,1.02,low_traffic,4,5
D3,2026-01-29,3,L27,Third Wave Coffee Mahanagar,26.96097,81.048855,12:58,12,14,22.2,0.89,low_traffic,5,5
D3,2026-01-30,4,L29,Restaurant Depot Golf City,26.739708,80.867156,08:08,8,39,10.6,1.32,low_traffic,1,8
D3,2026-01-30,4,L22,Cake Hub Gomti Nagar,26.725641,81.052623,08:57,8,22,27.0,1.8,low_traffic,2,8
D3,2026-01-30,4,L28,Tea Trunk Chinhat,26.872154,81.055887,09:46,9,40,37.2,1.49,low_traffic,3,8
D3,2026-01-30,4,L30,FoodHub Faizabad Road,26.728459,80.900786,11:03,11,42,22.8,0.91,low_traffic,4,8
D3,2026-01-30,4,L23,Bread Talk Aliganj,26.783983,80.988456,12:07,12,24,7.5,0.94,low_traffic,5,8
D3,2026-01-30,4,L26,Cafe Coffee Day Rajajipuram,26.968792,81.017735,12:38,12,37,16.6,0.92,low_traffic,6,8
D3,2026-01-30,4,L21,Monginis Bakery Hazratganj,26.74843,80.944946,13:31,13,15,24.8,1.24,medium_traffic,7,8
D3,2026-01-30,4,L27,Third Wave Coffee Mahanagar,26.96097,81.048855,14:10,14,24,31.9,1.14,low_traffic,8,8
D3,2026-01-31,5,L27,Third Wave Coffee Mahanagar,26.96097,81.048855,09:41,9,14,35.4,1.31,low_traffic,1,5
D3,2026-01-31,5,L30,FoodHub Faizabad Road,26.728459,80.900786,10:30,10,32,39.8,1.42,low_traffic,2,5
D3,2026-01-31,5,L24,French Loaf Saharaganj,26.797745,80.951418,11:41,11,27,23.8,0.85,medium_traffic,3,5
D3,2026-01-31,5,L21,Monginis Bakery Hazratganj,26.74843,80.944946,12:31,12,21,11.3,1.03,medium_traffic,4,5
D3,2026-01-31,5,L22,Cake Hub Gomti Nagar,26.725641,81.052623,13:03,13,16,31.7,1.22,low_traffic,5,5
D3,2026-02-02,0,L27,Third Wave Coffee Mahanagar,26.96097,81.048855,09:07,9,22,46.5,1.79,low_traffic,1,5
D3,2026-02-02,0,L26,Cafe Coffee Day Rajajipuram,26.968792,81.017735,10:15,10,37,19.2,1.37,low_traffic,2,5
D3,2026-02-02,0,L25,Barista Indiranagar,26.858845,80.864262,11:11,11,13,11.2,0.86,medium_traffic,3,5
D3,2026-02-02,0,L23,Bread Talk Aliganj,26.783983,80.988456,11:35,11,26,13.8,0.86,low_traffic,4,5
D3,2026-02-02,0,L29,Restaurant Depot Golf City,26.739708,80.867156,12:14,12,39,13.0,1.0,low_traffic,5,5
D3,2026-02-03,1,L30,FoodHub Faizabad Road,26.728459,80.900786,08:01,8,30,17.4,1.74,low_traffic,1,7
D3,2026-02-03,1,L24,French Loaf Saharaganj,26.797745,80.951418,08:48,8,38,13.0,1.3,medium_traffic,2,7
D3,2026-02-03,1,L26,Cafe Coffee Day Rajajipuram,26.968792,81.017735,09:39,9,31,27.7,1.63,low_traffic,3,7
D3,2026-02-03,1,L27,Third Wave Coffee Mahanagar,26.96097,81.048855,10:37,10,25,37.9,1.65,low_traffic,4,7
D3,2026-02-03,1,L21,Monginis Bakery Hazratganj,26.74843,80.944946,11:39,11,24,10.6,0.88,medium_traffic,5,7
D3,2026-02-03,1,L25,Barista Indiranagar,26.858845,80.864262,12:13,12,14,19.8,0.9,medium_traffic,6,7
D3,2026-02-03,1,L22,Cake Hub Gomti Nagar,26.725641,81.052623,12:46,12,24,11.7,0.9,low_traffic,7,7
D3,2026-02-04,2,L24,French Loaf Saharaganj,26.797745,80.951418,08:12,8,28,32.6,1.36,medium_traffic,1,5
D3,2026-02-04,2,L26,Cafe Coffee Day Rajajipuram,26.968792,81.017735,09:12,9,33,40.2,1.61,low_traffic,2,5
D3,2026-02-04,2,L22,Cake Hub Gomti Nagar,26.725641,81.052623,10:25,10,25,39.5,1.41,low_traffic,3,5
D3,2026-02-04,2,L27,Third Wave Coffee Mahanagar,26.96097,81.048855,11:29,11,17,8.0,0.89,low_traffic,4,5
D3,2026-02-04,2,L29,Restaurant Depot Golf City,26.739708,80.867156,11:54,11,38,10.4,0.87,low_traffic,5,5
D3,2026-02-05,3,L24,French Loaf Saharaganj,26.797745,80.951418,09:16,9,27,32.3,1.47,medium_traffic,1,8
D3,2026-02-05,3,L25,Barista Indiranagar,26.858845,80.864262,10:15,10,16,12.2,1.35,medium_traffic,2,8
D3,2026-02-05,3,L22,Cake Hub Gomti Nagar,26.725641,81.052623,10:43,10,22,11.1,1.39,low_traffic,3,8
D3,2026-02-05,3,L30,FoodHub Faizabad Road,26.728459,80.900786,11:16,11,33,9.5,0.95,low_traffic,4,8
D3,2026-02-05,3,L27,Third Wave Coffee Mahanagar,26.96097,81.048855,11:58,11,23,25.7,0.99,low_traffic,5,8
D3,2026-02-05,3,L21,Monginis Bakery Hazratganj,26.74843,80.944946,12:46,12,25,12.9,0.92,medium_traffic,6,8
D3,2026-02-05,3,L26,Cafe Coffee Day Rajajipuram,26.968792,81.017735,13:23,13,28,22.3,1.24,low_traffic,7,8
D3,2026-02-05,3,L29,Restaurant Depot Golf City,26.739708,80.867156,14:13,14,31,22.7,1.26,low_traffic,8,8
D3,2026-02-06,4,L25,Barista Indiranagar,26.858845,80.864262,08:27,8,15,37.0,1.37,medium_traffic,1,5
D3,2026-02-06,4,L26,Cafe Coffee Day Rajajipuram,26.968792,81.017735,09:19,9,27,26.4,1.39,low_traffic,2,5
D3,2026-02-06,4,L23,Bread Talk Aliganj,26.783983,80.988456,10:12,10,34,21.4,1.53,low_traffic,3,5
D3,2026-02-06,4,L29,Restaurant Depot Golf City,26.739708,80.867156,11:07,11,31,14.7,0.92,low_traffic,4,5
D3,2026-02-06,4,L21,Monginis Bakery Hazratganj,26.74843,80.944946,11:52,11,25,8.3,0.92,medium_traffic,5,5
D3,2026-02-07,5,L28,Tea Trunk Chinhat,26.872154,81.055887,08:18,8,39,44.8,1.6,low_traffic,1,5
D3,2026-02-07,5,L22,Cake Hub Gomti Nagar,26.725641,81.052623,09:41,9,23,45.5,1.75,low_traffic,2,5
D3,2026-02-07,5,L27,Third Wave Coffee Mahanagar,26.96097,81.048855,10:49,10,20,17.3,1.73,low_traffic,3,5
D3,2026-02-07,5,L29,Restaurant Depot Golf City,26.739708,80.867156,11:26,11,31,23.5,1.02,low_traffic,4,5
D3,2026-02-07,5,L26,Cafe Coffee Day Rajajipuram,26.968792,81.017735,12:20,12,29,21.3,0.97,low_traffic,5,5
D3,2026-02-09,0,L26,Cafe Coffee Day Rajajipuram,26.968792,81.017735,08:26,8,32,16.1,1.79,low_traffic,1,5
D3,2026-02-09,0,L21,Monginis Bakery Hazratganj,26.74843,80.944946,09:14,9,14,40.1,1.67,medium_traffic,2,5
D3,2026-02-09,0,L30,FoodHub Faizabad Road,26.728459,80.900786,10:08,10,37,30.2,1.51,low_traffic,3,5
D3,2026-02-09,0,L22,Cake Hub Gomti Nagar,26.725641,81.052623,11:15,11,16,30.3,1.01,low_traffic,4,5
D3,2026-02-09,0,L25,Barista Indiranagar,26.858845,80.864262,12:01,12,9,14.1,0.94,medium_traffic,5,5
D3,2026-02-10,1,L26,Cafe Coffee Day Rajajipuram,26.968792,81.017735,09:10,9,36,42.9,1.65,low_traffic,1,5
D3,2026-02-10,1,L25,Barista Indiranagar,26.858845,80.864262,10:28,10,15,35.0,1.59,medium_traffic,2,5
D3,2026-02-10,1,L29,Restaurant Depot Golf City,26.739708,80.867156,11:18,11,34,30.0,1.0,low_traffic,3,5
D3,2026-02-10,1,L21,Monginis Bakery Hazratganj,26.74843,80.944946,12:22,12,24,16.9,0.89,medium_traffic,4,5
D3,2026-02-10,1,L22,Cake Hub Gomti Nagar,26.725641,81.052623,13:02,13,15,33.3,1.19,low_traffic,5,5
D3,2026-02-11,2,L29,Restaurant Depot Golf City,26.739708,80.867156,09:03,9,33,45.2,1.56,low_traffic,1,5
D3,2026-02-11,2,L28,Tea Trunk Chinhat,26.872154,81.055887,10:21,10,36,19.1,1.74,low_traffic,2,5
D3,2026-02-11,2,L25,Barista Indiranagar,26.858845,80.864262,11:16,11,8,24.8,0.92,medium_traffic,3,5
D3,2026-02-11,2,L22,Cake Hub Gomti Nagar,26.725641,81.052623,11:48,11,25,12.0,0.92,low_traffic,4,5
D3,2026-02-11,2,L30,FoodHub Faizabad Road,26.728459,80.900786,12:25,12,38,9.6,0.96,low_traffic,5,5
D3,2026-02-12,3,L27,Third Wave Coffee Mahanagar,26.96097,81.048855,09:22,9,24,42.0,1.75,low_traffic,1,6
D3,2026-02-12,3,L29,Restaurant Depot Golf City,26.739708,80.867156,10:28,10,29,13.6,1.51,low_traffic,2,6
D3,2026-02-12,3,L30,FoodHub Faizabad Road,26.728459,80.900786,11:10,11,37,20.2,0.92,low_traffic,3,6
D3,2026-02-12,3,L22,Cake Hub Gomti Nagar,26.725641,81.052623,12:07,12,22,10.4,0.95,low_traffic,4,6
D3,2026-02-12,3,L28,Tea Trunk Chinhat,26.872154,81.055887,12:39,12,38,28.7,0.99,low_traffic,5,6
D3,2026-02-12,3,L21,Monginis Bakery Hazratganj,26.74843,80.944946,13:45,13,23,28.2,1.28,medium_traffic,6,6
D3,2026-02-13,4,L23,Bread Talk Aliganj,26.783983,80.988456,08:10,8,26,43.2,1.44,low_traffic,1,7
D3,2026-02-13,4,L26,Cafe Coffee Day Rajajipuram,26.968792,81.017735,09:19,9,33,21.7,1.55,low_traffic,2,7
D3,2026-02-13,4,L25,Barista Indiranagar,26.858845,80.864262,10:13,10,12,14.2,1.78,medium_traffic,3,7
D3,2026-02-13,4,L30,FoodHub Faizabad Road,26.728459,80.900786,10:39,10,38,43.8,1.51,low_traffic,4,7
D3,2026-02-13,4,L29,Restaurant Depot Golf City,26.739708,80.867156,12:00,12,33,23.9,1.04,low_traffic,5,7
D3,2026-02-13,4,L27,Third Wave Coffee Mahanagar,26.96097,81.048855,12:56,12,14,26.0,0.93,low_traffic,6,7
D3,2026-02-13,4,L21,Monginis Bakery Hazratganj,26.74843,80.944946,13:36,13,14,11.6,1.16,medium_traffic,7,7
D3,2026-02-14,5,L21,Monginis Bakery Hazratganj,26.74843,80.944946,09:19,9,16,26.9,1.58,medium_traffic,1,3
D3,2026-02-14,5,L22,Cake Hub Gomti Nagar,26.725641,81.052623,10:01,10,22,25.3,1.69,low_traffic,2,3
D3,2026-02-14,5,L28,Tea Trunk Chinhat,26.872154,81.055887,10:48,10,42,25.3,1.49,low_traffic,3,3
D3,2026-02-16,0,L21,Monginis Bakery Hazratganj,26.74843,80.944946,08:11,8,24,51.6,1.72,medium_traffic,1,5
D3,2026-02-16,0,L27,Third Wave Coffee Mahanagar,26.96097,81.048855,09:26,9,17,22.1,1.7,low_traffic,2,5
D3,2026-02-16,0,L30,FoodHub Faizabad Road,26.728459,80.900786,10:05,10,39,24.5,1.36,low_traffic,3,5
D3,2026-02-16,0,L29,Restaurant Depot Golf City,26.739708,80.867156,11:08,11,33,14.1,0.88,low_traffic,4,5
D3,2026-02-16,0,L28,Tea Trunk Chinhat,26.872154,81.055887,11:55,11,41,22.2,0.89,low_traffic,5,5
D3,2026-02-17,1,L21,Monginis Bakery Hazratganj,26.74843,80.944946,08:01,8,26,34.5,1.5,medium_traffic,1,5
D3,2026-02-17,1,L29,Restaurant Depot Golf City,26.739708,80.867156,09:01,9,33,30.1,1.37,low_traffic,2,5
D3,2026-02-17,1,L27,Third Wave Coffee Mahanagar,26.96097,81.048855,10:04,10,22,34.5,1.38,low_traffic,3,5
D3,2026-02-17,1,L22,Cake Hub Gomti Nagar,26.725641,81.052623,11:00,11,19,27.6,0.92,low_traffic,4,5
D3,2026-02-17,1,L25,Barista Indiranagar,26.858845,80.864262,11:46,11,20,16.0,0.94,medium_traffic,5,5
D3,2026-02-18,2,L22,Cake Hub Gomti Nagar,26.725641,81.052623,09:01,9,22,22.5,1.5,low_traffic,1,6
D3,2026-02-18,2,L23,Bread Talk Aliganj,26.783983,80.988456,09:45,9,24,26.6,1.48,low_traffic,2,6
D3,2026-02-18,2,L25,Barista Indiranagar,26.858845,80.864262,10:35,10,17,22.4,1.6,medium_traffic,3,6
D3,2026-02-18,2,L27,Third Wave Coffee Mahanagar,26.96097,81.048855,11:14,11,17,15.4,0.96,low_traffic,4,6
D3,2026-02-18,2,L24,French Loaf Saharaganj,26.797745,80.951418,11:46,11,34,21.2,0.85,medium_traffic,5,6
D3,2026-02-18,2,L21,Monginis Bakery Hazratganj,26.74843,80.944946,12:41,12,22,9.9,0.99,medium_traffic,6,6
D3,2026-02-19,3,L30,FoodHub Faizabad Road,26.728459,80.900786,09:09,9,35,34.9,1.66,low_traffic,1,8
D3,2026-02-19,3,L22,Cake Hub Gomti Nagar,26.725641,81.052623,10:18,10,19,11.9,1.49,low_traffic,2,8
D3,2026-02-19,3,L23,Bread Talk Aliganj,26.783983,80.988456,10:48,10,31,25.0,1.47,low_traffic,3,8
D3,2026-02-19,3,L21,Monginis Bakery Hazratganj,26.74843,80.944946,11:44,11,17,10.2,1.02,medium_traffic,4,8
D3,2026-02-19,3,L29,Restaurant Depot Golf City,26.739708,80.867156,12:11,12,39,22.0,1.0,low_traffic,5,8
D3,2026-02-19,3,L27,Third Wave Coffee Mahanagar,26.96097,81.048855,13:12,13,18,28.6,1.3,low_traffic,6,8
D3,2026-02-19,3,L25,Barista Indiranagar,26.858845,80.864262,13:58,13,19,23.7,1.13,medium_traffic,7,8
D3,2026-02-19,3,L26,Cafe Coffee Day Rajajipuram,26.968792,81.017735,14:40,14,34,15.4,1.28,low_traffic,8,8
D3,2026-02-20,4,L27,Third Wave Coffee Mahanagar,26.96097,81.048855,08:00,8,20,24.0,1.5,low_traffic,1,5
D3,2026-02-20,4,L22,Cake Hub Gomti Nagar,26.725641,81.052623,08:44,8,26,30.6,1.39,low_traffic,2,5
D3,2026-02-20,4,L26,Cafe Coffee Day Rajajipuram,26.968792,81.017735,09:40,9,28,19.0,1.58,low_traffic,3,5
D3,2026-02-20,4,L21,Monginis Bakery Hazratganj,26.74843,80.944946,10:27,10,18,27.8,1.39,medium_traffic,4,5
D3,2026-02-20,4,L30,FoodHub Faizabad Road,26.728459,80.900786,11:12,11,34,8.6,0.96,low_traffic,5,5
D3,2026-02-21,5,L30,FoodHub Faizabad Road,26.728459,80.900786,09:07,9,36,27.7,1.63,low_traffic,1,5
D3,2026-02-21,5,L23,Bread Talk Aliganj,26.783983,80.988456,10:10,10,34,41.7,1.39,low_traffic,2,5
D3,2026-02-21,5,L24,French Loaf Saharaganj,26.797745,80.951418,11:25,11,39,9.9,0.9,medium_traffic,3,5
D3,2026-02-21,5,L27,Third Wave Coffee Mahanagar,26.96097,81.048855,12:13,12,23,9.1,0.91,low_traffic,4,5
D3,2026-02-21,5,L26,Cafe Coffee Day Rajajipuram,26.968792,81.017735,12:45,12,32,26.0,1.0,low_traffic,5,5
D3,2026-02-23,0,L27,Third Wave Coffee Mahanagar,26.96097,81.048855,08:09,8,16,43.8,1.46,low_traffic,1,8
D3,2026-02-23,0,L24,French Loaf Saharaganj,26.797745,80.951418,09:08,9,31,13.3,1.48,medium_traffic,2,8
D3,2026-02-23,0,L29,Restaurant Depot Golf City,26.739708,80.867156,09:52,9,33,41.4,1.48,low_traffic,3,8
D3,2026-02-23,0,L21,Monginis Bakery Hazratganj,26.74843,80.944946,11:06,11,22,14.6,0.86,medium_traffic,4,8
D3,2026-02-23,0,L26,Cafe Coffee Day Rajajipuram,26.968792,81.017735,11:42,11,33,9.8,0.98,low_traffic,5,8
D3,2026-02-23,0,L30,FoodHub Faizabad Road,26.728459,80.900786,12:24,12,32,24.9,0.89,low_traffic,6,8
D3,2026-02-23,0,L23,Bread Talk Aliganj,26.783983,80.988456,13:20,13,36,33.8,1.25,low_traffic,7,8
D3,2026-02-23,0,L22,Cake Hub Gomti Nagar,26.725641,81.052623,14:29,14,20,20.3,1.13,low_traffic,8,8
D3,2026-02-24,1,L24,French Loaf Saharaganj,26.797745,80.951418,09:23,9,32,35.5,1.69,medium_traffic,1,7
D3,2026-02-24,1,L29,Restaurant Depot Golf City,26.739708,80.867156,10:30,10,29,22.9,1.76,low_traffic,2,7
D3,2026-02-24,1,L21,Monginis Bakery Hazratganj,26.74843,80.944946,11:21,11,17,21.4,0.89,medium_traffic,3,7
D3,2026-02-24,1,L28,Tea Trunk Chinhat,26.872154,81.055887,11:59,11,39,25.5,1.02,low_traffic,4,7
D3,2026-02-24,1,L23,Bread Talk Aliganj,26.783983,80.988456,13:03,13,32,29.8,1.24,low_traffic,5,7
D3,2026-02-24,1,L27,Third Wave Coffee Mahanagar,26.96097,81.048855,14:04,14,26,37.2,1.24,low_traffic,6,7
D3,2026-02-24,1,L30,FoodHub Faizabad Road,26.728459,80.900786,15:07,15,37,21.2,1.01,low_traffic,7,7
D3,2026-02-25,2,L27,Third Wave Coffee Mahanagar,26.96097,81.048855,09:11,9,25,13.2,1.65,low_traffic,1,5
D3,2026-02-25,2,L30,FoodHub Faizabad Road,26.728459,80.900786,09:49,9,32,25.6,1.71,low_traffic,2,5
D3,2026-02-25,2,L28,Tea Trunk Chinhat,26.872154,81.055887,10:46,10,41,20.8,1.73,low_traffic,3,5
D3,2026-02-25,2,L25,Barista Indiranagar,26.858845,80.864262,11:47,11,11,10.8,0.9,medium_traffic,4,5
D3,2026-02-25,2,L26,Cafe Coffee Day Rajajipuram,26.968792,81.017735,12:08,12,31,8.8,0.88,low_traffic,5,5
D3,2026-02-26,3,L26,Cafe Coffee Day Rajajipuram,26.968792,81.017735,08:30,8,25,21.8,1.36,low_traffic,1,5
D3,2026-02-26,3,L23,Bread Talk Aliganj,26.783983,80.988456,09:16,9,24,38.6,1.33,low_traffic,2,5
D3,2026-02-26,3,L25,Barista Indiranagar,26.858845,80.864262,10:18,10,17,18.5,1.68,medium_traffic,3,5
D3,2026-02-26,3,L30,FoodHub Faizabad Road,26.728459,80.900786,10:53,10,32,19.6,1.4,low_traffic,4,5
D3,2026-02-26,3,L29,Restaurant Depot Golf City,26.739708,80.867156,11:44,11,29,7.8,0.98,low_traffic,5,5
D3,2026-02-27,4,L24,French Loaf Saharaganj,26.797745,80.951418,08:37,8,30,40.3,1.68,medium_traffic,1,6
D3,2026-02-27,4,L21,Monginis Bakery Hazratganj,26.74843,80.944946,09:47,9,16,28.2,1.66,medium_traffic,2,6
D3,2026-02-27,4,L23,Bread Talk Aliganj,26.783983,80.988456,10:31,10,24,43.8,1.75,low_traffic,3,6
D3,2026-02-27,4,L27,Third Wave Coffee Mahanagar,26.96097,81.048855,11:38,11,17,11.4,1.04,low_traffic,4,6
D3,2026-02-27,4,L28,Tea Trunk Chinhat,26.872154,81.055887,12:06,12,37,30.9,1.03,low_traffic,5,6
D3,2026-02-27,4,L30,FoodHub Faizabad Road,26.728459,80.900786,13:13,13,32,30.4,1.17,low_traffic,6,6
D3,2026-02-28,5,L29,Restaurant Depot Golf City,26.739708,80.867156,09:07,9,30,36.7,1.53,low_traffic,1,4
D3,2026-02-28,5,L21,Monginis Bakery Hazratganj,26.74843,80.944946,10:13,10,25,29.4,1.55,medium_traffic,2,4
D3,2026-02-28,5,L28,Tea Trunk Chinhat,26.872154,81.055887,11:07,11,31,8.2,0.91,low_traffic,3,4
D3,2026-02-28,5,L25,Barista Indiranagar,26.858845,80.864262,11:46,11,14,10.1,0.92,medium_traffic,4,4
D3,2026-03-02,0,L26,Cafe Coffee Day Rajajipuram,26.968792,81.017735,08:30,8,27,33.6,1.77,low_traffic,1,7
D3,2026-03-02,0,L21,Monginis Bakery Hazratganj,26.74843,80.944946,09:30,9,21,38.0,1.31,medium_traffic,2,7
D3,2026-03-02,0,L27,Third Wave Coffee Mahanagar,26.96097,81.048855,10:29,10,21,32.8,1.64,low_traffic,3,7
D3,2026-03-02,0,L23,Bread Talk Aliganj,26.783983,80.988456,11:22,11,25,27.5,0.95,low_traffic,4,7
D3,2026-03-02,0,L24,French Loaf Saharaganj,26.797745,80.951418,12:14,12,33,17.4,0.87,medium_traffic,5,7
D3,2026-03-02,0,L29,Restaurant Depot Golf City,26.739708,80.867156,13:04,13,39,13.6,1.24,low_traffic,6,7
D3,2026-03-02,0,L22,Cake Hub Gomti Nagar,26.725641,81.052623,13:56,13,16,16.8,1.29,low_traffic,7,7
D3,2026-03-03,1,L27,Third Wave Coffee Mahanagar,26.96097,81.048855,09:45,9,18,43.7,1.68,low_traffic,1,7
D3,2026-03-03,1,L23,Bread Talk Aliganj,26.783983,80.988456,10:46,10,30,47.0,1.68,low_traffic,2,7
D3,2026-03-03,1,L29,Restaurant Depot Golf City,26.739708,80.867156,12:03,12,37,26.7,0.92,low_traffic,3,7
D3,2026-03-03,1,L22,Cake Hub Gomti Nagar,26.725641,81.052623,13:06,13,23,29.7,1.29,low_traffic,4,7
D3,2026-03-03,1,L21,Monginis Bakery Hazratganj,26.74843,80.944946,13:58,13,15,25.5,1.16,medium_traffic,5,7
D3,2026-03-03,1,L28,Tea Trunk Chinhat,26.872154,81.055887,14:38,14,37,25.8,1.12,low_traffic,6,7
D3,2026-03-03,1,L25,Barista Indiranagar,26.858845,80.864262,15:40,15,8,10.8,0.9,medium_traffic,7,7
D3,2026-03-04,2,L27,Third Wave Coffee Mahanagar,26.96097,81.048855,08:19,8,26,17.7,1.61,low_traffic,1,5
D3,2026-03-04,2,L25,Barista Indiranagar,26.858845,80.864262,09:02,9,20,32.2,1.34,medium_traffic,2,5
D3,2026-03-04,2,L23,Bread Talk Aliganj,26.783983,80.988456,09:54,9,27,34.1,1.55,low_traffic,3,5
D3,2026-03-04,2,L24,French Loaf Saharaganj,26.797745,80.951418,10:55,10,34,33.4,1.45,medium_traffic,4,5
D3,2026-03-04,2,L29,Restaurant Depot Golf City,26.739708,80.867156,12:02,12,33,23.8,0.95,low_traffic,5,5
D3,2026-03-05,3,L30,FoodHub Faizabad Road,26.728459,80.900786,08:02,8,42,40.3,1.39,low_traffic,1,5
D3,2026-03-05,3,L25,Barista Indiranagar,26.858845,80.864262,09:24,9,10,43.5,1.45,medium_traffic,2,5
D3,2026-03-05,3,L28,Tea Trunk Chinhat,26.872154,81.055887,10:17,10,34,18.6,1.55,low_traffic,3,5
D3,2026-03-05,3,L26,Cafe Coffee Day Rajajipuram,26.968792,81.017735,11:09,11,37,22.8,0.99,low_traffic,4,5
D3,2026-03-05,3,L23,Bread Talk Aliganj,26.783983,80.988456,12:08,12,31,25.2,0.87,low_traffic,5,5
D3,2026-03-06,4,L26,Cafe Coffee Day Rajajipuram,26.968792,81.017735,09:18,9,34,11.7,1.46,low_traffic,1,8
D3,2026-03-06,4,L27,Third Wave Coffee Mahanagar,26.96097,81.048855,10:03,10,19,25.1,1.32,low_traffic,2,8
D3,2026-03-06,4,L22,Cake Hub Gomti Nagar,26.725641,81.052623,10:47,10,15,44.2,1.7,low_traffic,3,8
D3,2026-03-06,4,L30,FoodHub Faizabad Road,26.728459,80.900786,11:46,11,35,28.0,1.0,low_traffic,4,8
D3,2026-03-06,4,L24,French Loaf Saharaganj,26.797745,80.951418,12:49,12,32,19.5,0.93,medium_traffic,5,8
D3,2026-03-06,4,L21,Monginis Bakery Hazratganj,26.74843,80.944946,13:40,13,19,27.3,1.3,medium_traffic,6,8
D3,2026-03-06,4,L25,Barista Indiranagar,26.858845,80.864262,14:26,14,11,16.7,1.11,medium_traffic,7,8
D3,2026-03-06,4,L23,Bread Talk Aliganj,26.783983,80.988456,14:53,14,33,19.5,1.15,low_traffic,8,8
D3,2026-03-07,5,L24,French Loaf Saharaganj,26.797745,80.951418,09:36,9,31,32.8,1.56,medium_traffic,1,3
D3,2026-03-07,5,L26,Cafe Coffee Day Rajajipuram,26.968792,81.017735,10:39,10,34,30.1,1.31,low_traffic,2,3
D3,2026-03-07,5,L29,Restaurant Depot Golf City,26.739708,80.867156,11:43,11,34,15.3,0.85,low_traffic,3,3
D3,2026-03-09,0,L27,Third Wave Coffee Mahanagar,26.96097,81.048855,08:39,8,17,30.4,1.45,low_traffic,1,8
D3,2026-03-09,0,L24,French Loaf Saharaganj,26.797745,80.951418,09:26,9,35,15.5,1.55,medium_traffic,2,8
D3,2026-03-09,0,L25,Barista Indiranagar,26.858845,80.864262,10:16,10,8,22.6,1.41,medium_traffic,3,8
D3,2026-03-09,0,L23,Bread Talk Aliganj,26.783983,80.988456,10:46,10,30,37.7,1.45,low_traffic,4,8
D3,2026-03-09,0,L29,Restaurant Depot Golf City,26.739708,80.867156,11:53,11,39,27.3,1.01,low_traffic,5,8
D3,2026-03-09,0,L30,FoodHub Faizabad Road,26.728459,80.900786,12:59,12,39,31.2,1.04,low_traffic,6,8
D3,2026-03-09,0,L21,Monginis Bakery Hazratganj,26.74843,80.944946,14:09,14,18,20.2,1.12,medium_traffic,7,8
D3,2026-03-09,0,L28,Tea Trunk Chinhat,26.872154,81.055887,14:47,14,37,26.6,1.11,low_traffic,8,8
D3,2026-03-10,1,L21,Monginis Bakery Hazratganj,26.74843,80.944946,08:26,8,22,40.5,1.5,medium_traffic,1,8
D3,2026-03-10,1,L30,FoodHub Faizabad Road,26.728459,80.900786,09:28,9,32,38.2,1.53,low_traffic,2,8
D3,2026-03-10,1,L28,Tea Trunk Chinhat,26.872154,81.055887,10:38,10,41,48.7,1.74,low_traffic,3,8
D3,2026-03-10,1,L27,Third Wave Coffee Mahanagar,26.96097,81.048855,12:07,12,23,12.3,0.95,low_traffic,4,8
D3,2026-03-10,1,L25,Barista Indiranagar,26.858845,80.864262,12:42,12,19,27.5,0.95,medium_traffic,5,8
D3,2026-03-10,1,L23,Bread Talk Aliganj,26.783983,80.988456,13:28,13,34,20.6,1.29,low_traffic,6,8
D3,2026-03-10,1,L29,Restaurant Depot Golf City,26.739708,80.867156,14:22,14,40,32.7,1.21,low_traffic,7,8
D3,2026-03-10,1,L22,Cake Hub Gomti Nagar,26.725641,81.052623,15:34,15,26,26.8,1.03,low_traffic,8,8
D3,2026-03-11,2,L21,Monginis Bakery Hazratganj,26.74843,80.944946,09:26,9,24,14.6,1.46,medium_traffic,1,5
D3,2026-03-11,2,L27,Third Wave Coffee Mahanagar,26.96097,81.048855,10:04,10,18,29.4,1.4,low_traffic,2,5
D3,2026-03-11,2,L23,Bread Talk Aliganj,26.783983,80.988456,10:51,10,26,47.9,1.71,low_traffic,3,5
D3,2026-03-11,2,L25,Barista Indiranagar,26.858845,80.864262,12:04,12,11,24.3,0.9,medium_traffic,4,5
D3,2026-03-11,2,L28,Tea Trunk Chinhat,26.872154,81.055887,12:39,12,32,10.2,0.93,low_traffic,5,5
D3,2026-03-12,3,L23,Bread Talk Aliganj,26.783983,80.988456,08:10,8,28,11.5,1.44,low_traffic,1,6
D3,2026-03-12,3,L30,FoodHub Faizabad Road,26.728459,80.900786,08:49,8,40,27.0,1.69,low_traffic,2,6
D3,2026-03-12,3,L22,Cake Hub Gomti Nagar,26.725641,81.052623,09:56,9,15,44.2,1.58,low_traffic,3,6
D3,2026-03-12,3,L26,Cafe Coffee Day Rajajipuram,26.968792,81.017735,10:55,10,37,40.9,1.78,low_traffic,4,6
D3,2026-03-12,3,L28,Tea Trunk Chinhat,26.872154,81.055887,12:12,12,35,8.5,0.85,low_traffic,5,6
D3,2026-03-12,3,L27,Third Wave Coffee Mahanagar,26.96097,81.048855,12:55,12,20,9.7,0.97,low_traffic,6,6
D3,2026-03-13,4,L24,French Loaf Saharaganj,26.797745,80.951418,09:05,9,39,15.6,1.42,medium_traffic,1,7
D3,2026-03-13,4,L29,Restaurant Depot Golf City,26.739708,80.867156,09:59,9,37,30.6,1.7,low_traffic,2,7
D3,2026-03-13,4,L28,Tea Trunk Chinhat,26.872154,81.055887,11:06,11,36,15.0,1.0,low_traffic,3,7
D3,2026-03-13,4,L26,Cafe Coffee Day Rajajipuram,26.968792,81.017735,11:57,11,27,9.8,0.89,low_traffic,4,7
D3,2026-03-13,4,L25,Barista Indiranagar,26.858845,80.864262,12:33,12,15,14.2,0.89,medium_traffic,5,7
D3,2026-03-13,4,L21,Monginis Bakery Hazratganj,26.74843,80.944946,13:02,13,14,30.7,1.18,medium_traffic,6,7
D3,2026-03-13,4,L30,FoodHub Faizabad Road,26.728459,80.900786,13:46,13,41,22.8,1.2,low_traffic,7,7
D3,2026-03-14,5,L28,Tea Trunk Chinhat,26.872154,81.055887,09:45,9,30,25.2,1.48,low_traffic,1,3
D3,2026-03-14,5,L25,Barista Indiranagar,26.858845,80.864262,10:40,10,8,43.7,1.62,medium_traffic,2,3
D3,2026-03-14,5,L21,Monginis Bakery Hazratganj,26.74843,80.944946,11:31,11,26,29.6,1.02,medium_traffic,3,3
D3,2026-03-16,0,L22,Cake Hub Gomti Nagar,26.725641,81.052623,09:24,9,19,26.0,1.3,low_traffic,1,5
D3,2026-03-16,0,L30,FoodHub Faizabad Road,26.728459,80.900786,10:09,10,34,21.8,1.45,low_traffic,2,5
D3,2026-03-16,0,L29,Restaurant Depot Golf City,26.739708,80.867156,11:04,11,35,11.6,0.89,low_traffic,3,5
D3,2026-03-16,0,L21,Monginis Bakery Hazratganj,26.74843,80.944946,11:50,11,20,27.4,0.98,medium_traffic,4,5
D3,2026-03-16,0,L28,Tea Trunk Chinhat,26.872154,81.055887,12:37,12,31,16.2,1.01,low_traffic,5,5
D3,2026-03-17,1,L25,Barista Indiranagar,26.858845,80.864262,08:22,8,19,37.8,1.51,medium_traffic,1,8
D3,2026-03-17,1,L29,Restaurant Depot Golf City,26.739708,80.867156,09:18,9,28,43.8,1.46,low_traffic,2,8
D3,2026-03-17,1,L23,Bread Talk Aliganj,26.783983,80.988456,10:29,10,34,47.0,1.68,low_traffic,3,8
D3,2026-03-17,1,L22,Cake Hub Gomti Nagar,26.725641,81.052623,11:50,11,27,19.6,0.89,low_traffic,4,8
D3,2026-03-17,1,L21,Monginis Bakery Hazratganj,26.74843,80.944946,12:36,12,20,7.8,0.98,medium_traffic,5,8
D3,2026-03-17,1,L24,French Loaf Saharaganj,26.797745,80.951418,13:03,13,32,19.4,1.14,medium_traffic,6,8
D3,2026-03-17,1,L30,FoodHub Faizabad Road,26.728459,80.900786,13:54,13,32,13.4,1.22,low_traffic,7,8
D3,2026-03-17,1,L26,Cafe Coffee Day Rajajipuram,26.968792,81.017735,14:39,14,37,34.5,1.15,low_traffic,8,8
D3,2026-03-18,2,L28,Tea Trunk Chinhat,26.872154,81.055887,09:12,9,32,25.5,1.34,low_traffic,1,6
D3,2026-03-18,2,L25,Barista Indiranagar,26.858845,80.864262,10:09,10,17,30.0,1.5,medium_traffic,2,6
D3,2026-03-18,2,L21,Monginis Bakery Hazratganj,26.74843,80.944946,10:56,10,22,11.3,1.41,medium_traffic,3,6
D3,2026-03-18,2,L23,Bread Talk Aliganj,26.783983,80.988456,11:29,11,27,27.4,0.98,low_traffic,4,6
D3,2026-03-18,2,L22,Cake Hub Gomti Nagar,26.725641,81.052623,12:23,12,18,22.7,1.03,low_traffic,5,6
D3,2026-03-18,2,L29,Restaurant Depot Golf City,26.739708,80.867156,13:03,13,28,14.9,1.15,low_traffic,6,6
D3,2026-03-19,3,L24,French Loaf Saharaganj,26.797745,80.951418,08:45,8,37,34.3,1.56,medium_traffic,1,8
D3,2026-03-19,3,L26,Cafe Coffee Day Rajajipuram,26.968792,81.017735,09:56,9,36,23.2,1.55,low_traffic,2,8
D3,2026-03-19,3,L28,Tea Trunk Chinhat,26.872154,81.055887,10:55,10,34,22.4,1.4,low_traffic,3,8
D3,2026-03-19,3,L29,Restaurant Depot Golf City,26.739708,80.867156,11:51,11,30,20.0,1.0,low_traffic,4,8
D3,2026-03-19,3,L23,Bread Talk Aliganj,26.783983,80.988456,12:41,12,33,13.2,0.94,low_traffic,5,8
D3,2026-03-19,3,L21,Monginis Bakery Hazratganj,26.74843,80.944946,13:27,13,25,19.4,1.14,medium_traffic,6,8
D3,2026-03-19,3,L22,Cake Hub Gomti Nagar,26.725641,81.052623,14:11,14,17,26.0,1.24,low_traffic,7,8
D3,2026-03-19,3,L25,Barista Indiranagar,26.858845,80.864262,14:54,14,8,14.2,1.18,medium_traffic,8,8
D3,2026-03-20,4,L27,Third Wave Coffee Mahanagar,26.96097,81.048855,09:08,9,20,52.2,1.74,low_traffic,1,7
D3,2026-03-20,4,L26,Cafe Coffee Day Rajajipuram,26.968792,81.017735,10:20,10,31,49.2,1.64,low_traffic,2,7
D3,2026-03-20,4,L21,Monginis Bakery Hazratganj,26.74843,80.944946,11:40,11,18,26.7,0.99,medium_traffic,3,7
D3,2026-03-20,4,L29,Restaurant Depot Golf City,26.739708,80.867156,12:24,12,28,21.5,0.86,low_traffic,4,7
D3,2026-03-20,4,L30,FoodHub Faizabad Road,26.728459,80.900786,13:13,13,37,16.7,1.11,low_traffic,5,7
D3,2026-03-20,4,L23,Bread Talk Aliganj,26.783983,80.988456,14:06,14,34,34.6,1.28,low_traffic,6,7
D3,2026-03-20,4,L22,Cake Hub Gomti Nagar,26.725641,81.052623,15:14,15,26,28.1,1.04,low_traffic,7,7
D3,2026-03-21,5,L29,Restaurant Depot Golf City,26.739708,80.867156,08:35,8,32,17.2,1.32,low_traffic,1,5
D3,2026-03-21,5,L26,Cafe Coffee Day Rajajipuram,26.968792,81.017735,09:24,9,30,31.7,1.38,low_traffic,2,5
D3,2026-03-21,5,L22,Cake Hub Gomti Nagar,26.725641,81.052623,10:25,10,16,20.9,1.74,low_traffic,3,5
D3,2026-03-21,5,L23,Bread Talk Aliganj,26.783983,80.988456,11:01,11,30,21.8,0.91,low_traffic,4,5
D3,2026-03-21,5,L24,French Loaf Saharaganj,26.797745,80.951418,11:52,11,32,9.7,0.88,medium_traffic,5,5
D3,2026-03-23,0,L21,Monginis Bakery Hazratganj,26.74843,80.944946,09:27,9,25,31.5,1.75,medium_traffic,1,5
D3,2026-03-23,0,L29,Restaurant Depot Golf City,26.739708,80.867156,10:23,10,36,21.6,1.8,low_traffic,2,5
D3,2026-03-23,0,L22,Cake Hub Gomti Nagar,26.725641,81.052623,11:20,11,25,29.6,1.02,low_traffic,3,5
D3,2026-03-23,0,L27,Third Wave Coffee Mahanagar,26.96097,81.048855,12:14,12,17,9.1,1.01,low_traffic,4,5
D3,2026-03-23,0,L24,French Loaf Saharaganj,26.797745,80.951418,12:40,12,29,13.2,0.88,medium_traffic,5,5
D3,2026-03-24,1,L30,FoodHub Faizabad Road,26.728459,80.900786,09:22,9,37,44.8,1.79,low_traffic,1,5
D3,2026-03-24,1,L29,Restaurant Depot Golf City,26.739708,80.867156,10:43,10,39,16.8,1.53,low_traffic,2,5
D3,2026-03-24,1,L22,Cake Hub Gomti Nagar,26.725641,81.052623,11:38,11,20,11.2,1.02,low_traffic,3,5
D3,2026-03-24,1,L21,Monginis Bakery Hazratganj,26.74843,80.944946,12:09,12,16,14.8,0.87,medium_traffic,4,5
D3,2026-03-24,1,L27,Third Wave Coffee Mahanagar,26.96097,81.048855,12:39,12,18,24.5,1.02,low_traffic,5,5
D3,2026-03-25,2,L25,Barista Indiranagar,26.858845,80.864262,09:01,9,9,41.8,1.44,medium_traffic,1,6
D3,2026-03-25,2,L26,Cafe Coffee Day Rajajipuram,26.968792,81.017735,09:51,9,26,39.0,1.5,low_traffic,2,6
D3,2026-03-25,2,L28,Tea Trunk Chinhat,26.872154,81.055887,10:56,10,30,20.6,1.72,low_traffic,3,6
D3,2026-03-25,2,L27,Third Wave Coffee Mahanagar,26.96097,81.048855,11:46,11,24,26.1,0.87,low_traffic,4,6
D3,2026-03-25,2,L22,Cake Hub Gomti Nagar,26.725641,81.052623,12:36,12,19,26.6,0.95,low_traffic,5,6
D3,2026-03-25,2,L29,Restaurant Depot Golf City,26.739708,80.867156,13:21,13,33,9.8,1.22,low_traffic,6,6
D3,2026-03-26,3,L24,French Loaf Saharaganj,26.797745,80.951418,09:20,9,35,17.0,1.7,medium_traffic,1,5
D3,2026-03-26,3,L23,Bread Talk Aliganj,26.783983,80.988456,10:12,10,25,35.6,1.78,low_traffic,2,5
D3,2026-03-26,3,L21,Monginis Bakery Hazratganj,26.74843,80.944946,11:12,11,17,12.1,0.93,medium_traffic,3,5
D3,2026-03-26,3,L22,Cake Hub Gomti Nagar,26.725641,81.052623,11:41,11,16,20.8,1.04,low_traffic,4,5
D3,2026-03-26,3,L25,Barista Indiranagar,26.858845,80.864262,12:17,12,10,11.9,0.85,medium_traffic,5,5
D3,2026-03-27,4,L30,FoodHub Faizabad Road,26.728459,80.900786,08:22,8,38,31.0,1.63,low_traffic,1,8
D3,2026-03-27,4,L22,Cake Hub Gomti Nagar,26.725641,81.052623,09:31,9,21,30.8,1.4,low_traffic,2,8
D3,2026-03-27,4,L26,Cafe Coffee Day Rajajipuram,26.968792,81.017735,10:22,10,34,40.0,1.54,low_traffic,3,8
D3,2026-03-27,4,L29,Restaurant Depot Golf City,26.739708,80.867156,11:36,11,40,19.5,0.93,low_traffic,4,8
D3,2026-03-27,4,L24,French Loaf Saharaganj,26.797745,80.951418,12:35,12,33,12.0,0.92,medium_traffic,5,8
D3,2026-03-27,4,L28,Tea Trunk Chinhat,26.872154,81.055887,13:20,13,30,12.3,1.23,low_traffic,6,8
D3,2026-03-27,4,L21,Monginis Bakery Hazratganj,26.74843,80.944946,14:02,14,24,26.4,1.2,medium_traffic,7,8
D3,2026-03-27,4,L23,Bread Talk Aliganj,26.783983,80.988456,14:52,14,35,33.1,1.14,low_traffic,8,8
D3,2026-03-28,5,L25,Barista Indiranagar,26.858845,80.864262,08:08,8,11,27.9,1.64,medium_traffic,1,3
D3,2026-03-28,5,L27,Third Wave Coffee Mahanagar,26.96097,81.048855,08:46,8,23,26.5,1.56,low_traffic,2,3
D3,2026-03-28,5,L30,FoodHub Faizabad Road,26.728459,80.900786,09:35,9,30,13.2,1.32,low_traffic,3,3
D3,2026-03-30,0,L28,Tea Trunk Chinhat,26.872154,81.055887,08:32,8,37,38.0,1.31,low_traffic,1,5
D3,2026-03-30,0,L26,Cafe Coffee Day Rajajipuram,26.968792,81.017735,09:47,9,31,18.1,1.39,low_traffic,2,5
D3,2026-03-30,0,L22,Cake Hub Gomti Nagar,26.725641,81.052623,10:36,10,26,27.7,1.32,low_traffic,3,5
D3,2026-03-30,0,L23,Bread Talk Aliganj,26.783983,80.988456,11:29,11,35,23.7,0.91,low_traffic,4,5
D3,2026-03-30,0,L25,Barista Indiranagar,26.858845,80.864262,12:27,12,15,27.3,0.94,medium_traffic,5,5
D3,2026-03-31,1,L27,Third Wave Coffee Mahanagar,26.96097,81.048855,09:34,9,15,26.2,1.31,low_traffic,1,7
D3,2026-03-31,1,L30,FoodHub Faizabad Road,26.728459,80.900786,10:15,10,37,36.7,1.31,low_traffic,2,7
D3,2026-03-31,1,L28,Tea Trunk Chinhat,26.872154,81.055887,11:28,11,40,18.8,0.94,low_traffic,3,7
D3,2026-03-31,1,L29,Restaurant Depot Golf City,26.739708,80.867156,12:26,12,39,28.1,1.04,low_traffic,4,7
D3,2026-03-31,1,L25,Barista Indiranagar,26.858845,80.864262,13:33,13,17,32.4,1.2,medium_traffic,5,7
D3,2026-03-31,1,L21,Monginis Bakery Hazratganj,26.74843,80.944946,14:22,14,25,33.9,1.17,medium_traffic,6,7
D3,2026-03-31,1,L22,Cake Hub Gomti Nagar,26.725641,81.052623,15:20,15,16,16.8,0.99,low_traffic,7,7
D3,2026-04-01,2,L30,FoodHub Faizabad Road,26.728459,80.900786,08:41,8,42,39.8,1.42,low_traffic,1,6
D3,2026-04-01,2,L25,Barista Indiranagar,26.858845,80.864262,10:02,10,12,15.7,1.57,medium_traffic,2,6
D3,2026-04-01,2,L28,Tea Trunk Chinhat,26.872154,81.055887,10:29,10,37,20.2,1.68,low_traffic,3,6
D3,2026-04-01,2,L26,Cafe Coffee Day Rajajipuram,26.968792,81.017735,11:26,11,27,10.2,0.93,low_traffic,4,6
D3,2026-04-01,2,L22,Cake Hub Gomti Nagar,26.725641,81.052623,12:03,12,22,30.9,1.03,low_traffic,5,6
D3,2026-04-01,2,L27,Third Wave Coffee Mahanagar,26.96097,81.048855,12:55,12,14,23.9,1.04,low_traffic,6,6
D3,2026-04-02,3,L27,Third Wave Coffee Mahanagar,26.96097,81.048855,08:40,8,20,36.1,1.72,low_traffic,1,8
D3,2026-04-02,3,L26,Cafe Coffee Day Rajajipuram,26.968792,81.017735,09:36,9,34,44.7,1.72,low_traffic,2,8
D3,2026-04-02,3,L22,Cake Hub Gomti Nagar,26.725641,81.052623,10:54,10,15,28.4,1.67,low_traffic,3,8
D3,2026-04-02,3,L21,Monginis Bakery Hazratganj,26.74843,80.944946,11:37,11,22,21.8,0.95,medium_traffic,4,8
D3,2026-04-02,3,L28,Tea Trunk Chinhat,26.872154,81.055887,12:20,12,40,26.2,0.97,low_traffic,5,8
D3,2026-04-02,3,L25,Barista Indiranagar,26.858845,80.864262,13:26,13,11,29.4,1.28,medium_traffic,6,8
D3,2026-04-02,3,L23,Bread Talk Aliganj,26.783983,80.988456,14:06,14,24,29.8,1.24,low_traffic,7,8
D3,2026-04-02,3,L29,Restaurant Depot Golf City,26.739708,80.867156,14:59,14,36,21.2,1.18,low_traffic,8,8
D3,2026-04-03,4,L29,Restaurant Depot Golf City,26.739708,80.867156,08:10,8,35,20.2,1.44,low_traffic,1,5
D3,2026-04-03,4,L26,Cafe Coffee Day Rajajipuram,26.968792,81.017735,09:05,9,33,22.1,1.47,low_traffic,2,5
D3,2026-04-03,4,L22,Cake Hub Gomti Nagar,26.725641,81.052623,10:00,10,20,40.9,1.41,low_traffic,3,5
D3,2026-04-03,4,L23,Bread Talk Aliganj,26.783983,80.988456,11:00,11,34,30.9,1.03,low_traffic,4,5
D3,2026-04-03,4,L30,FoodHub Faizabad Road,26.728459,80.900786,12:04,12,41,16.0,0.94,low_traffic,5,5
D3,2026-04-04,5,L23,Bread Talk Aliganj,26.783983,80.988456,09:08,9,33,18.1,1.39,low_traffic,1,5
D3,2026-04-04,5,L21,Monginis Bakery Hazratganj,26.74843,80.944946,09:59,9,21,32.6,1.55,medium_traffic,2,5
D3,2026-04-04,5,L28,Tea Trunk Chinhat,26.872154,81.055887,10:52,10,38,20.3,1.45,low_traffic,3,5
D3,2026-04-04,5,L25,Barista Indiranagar,26.858845,80.864262,11:50,11,13,6.9,0.86,medium_traffic,4,5
D3,2026-04-04,5,L22,Cake Hub Gomti Nagar,26.725641,81.052623,12:09,12,25,19.6,1.03,low_traffic,5,5
D3,2026-04-06,0,L22,Cake Hub Gomti Nagar,26.725641,81.052623,08:35,8,20,22.6,1.41,low_traffic,1,6
D3,2026-04-06,0,L25,Barista Indiranagar,26.858845,80.864262,09:17,9,20,15.2,1.69,medium_traffic,2,6
D3,2026-04-06,0,L26,Cafe Coffee Day Rajajipuram,26.968792,81.017735,09:52,9,27,27.8,1.74,low_traffic,3,6
D3,2026-04-06,0,L24,French Loaf Saharaganj,26.797745,80.951418,10:46,10,36,41.5,1.73,medium_traffic,4,6
D3,2026-04-06,0,L30,FoodHub Faizabad Road,26.728459,80.900786,12:03,12,30,29.4,0.98,low_traffic,5,6
D3,2026-04-06,0,L28,Tea Trunk Chinhat,26.872154,81.055887,13:02,13,42,28.4,1.29,low_traffic,6,6
D3,2026-04-07,1,L28,Tea Trunk Chinhat,26.872154,81.055887,08:23,8,41,23.5,1.38,low_traffic,1,8
D3,2026-04-07,1,L23,Bread Talk Aliganj,26.783983,80.988456,09:27,9,31,36.5,1.52,low_traffic,2,8
D3,2026-04-07,1,L24,French Loaf Saharaganj,26.797745,80.951418,10:34,10,29,18.4,1.67,medium_traffic,3,8
D3,2026-04-07,1,L26,Cafe Coffee Day Rajajipuram,26.968792,81.017735,11:21,11,27,17.6,0.98,low_traffic,4,8
D3,2026-04-07,1,L21,Monginis Bakery Hazratganj,26.74843,80.944946,12:05,12,21,12.2,0.87,medium_traffic,5,8
D3,2026-04-07,1,L25,Barista Indiranagar,26.858845,80.864262,12:38,12,11,8.3,1.04,medium_traffic,6,8
D3,2026-04-07,1,L27,Third Wave Coffee Mahanagar,26.96097,81.048855,12:57,12,19,23.5,1.02,low_traffic,7,8
D3,2026-04-07,1,L29,Restaurant Depot Golf City,26.739708,80.867156,13:39,13,29,15.1,1.16,low_traffic,8,8
D3,2026-04-08,2,L21,Monginis Bakery Hazratganj,26.74843,80.944946,08:08,8,20,35.7,1.7,medium_traffic,1,7
D3,2026-04-08,2,L24,French Loaf Saharaganj,26.797745,80.951418,09:03,9,39,42.0,1.75,medium_traffic,2,7
D3,2026-04-08,2,L23,Bread Talk Aliganj,26.783983,80.988456,10:24,10,31,13.1,1.64,low_traffic,3,7
D3,2026-04-08,2,L25,Barista Indiranagar,26.858845,80.864262,11:08,11,19,7.0,0.88,medium_traffic,4,7
D3,2026-04-08,2,L22,Cake Hub Gomti Nagar,26.725641,81.052623,11:34,11,16,10.1,1.01,low_traffic,5,7
D3,2026-04-08,2,L29,Restaurant Depot Golf City,26.739708,80.867156,12:00,12,40,18.4,0.92,low_traffic,6,7
D3,2026-04-08,2,L28,Tea Trunk Chinhat,26.872154,81.055887,12:58,12,36,7.9,0.88,low_traffic,7,7
D3,2026-04-09,3,L29,Restaurant Depot Golf City,26.739708,80.867156,09:00,9,37,41.0,1.71,low_traffic,1,5
D3,2026-04-09,3,L22,Cake Hub Gomti Nagar,26.725641,81.052623,10:18,10,21,52.8,1.76,low_traffic,2,5
D3,2026-04-09,3,L26,Cafe Coffee Day Rajajipuram,26.968792,81.017735,11:31,11,33,13.2,0.94,low_traffic,3,5
D3,2026-04-09,3,L30,FoodHub Faizabad Road,26.728459,80.900786,12:17,12,40,26.2,0.97,low_traffic,4,5
D3,2026-04-09,3,L28,Tea Trunk Chinhat,26.872154,81.055887,13:23,13,42,22.6,1.19,low_traffic,5,5
D3,2026-04-10,4,L28,Tea Trunk Chinhat,26.872154,81.055887,09:13,9,34,33.8,1.35,low_traffic,1,8
D3,2026-04-10,4,L27,Third Wave Coffee Mahanagar,26.96097,81.048855,10:20,10,16,43.7,1.56,low_traffic,2,8
D3,2026-04-10,4,L26,Cafe Coffee Day Rajajipuram,26.968792,81.017735,11:19,11,34,21.2,0.85,low_traffic,3,8
D3,2026-04-10,4,L30,FoodHub Faizabad Road,26.728459,80.900786,12:14,12,41,15.3,0.9,low_traffic,4,8
D3,2026-04-10,4,L23,Bread Talk Aliganj,26.783983,80.988456,13:10,13,25,28.3,1.18,low_traffic,5,8
D3,2026-04-10,4,L29,Restaurant Depot Golf City,26.739708,80.867156,14:03,14,32,23.8,1.25,low_traffic,6,8
D3,2026-04-10,4,L21,Monginis Bakery Hazratganj,26.74843,80.944946,14:58,14,15,23.4,1.23,medium_traffic,7,8
D3,2026-04-10,4,L22,Cake Hub Gomti Nagar,26.725641,81.052623,15:36,15,16,24.1,0.86,low_traffic,8,8
D3,2026-04-11,5,L29,Restaurant Depot Golf City,26.739708,80.867156,09:42,9,37,50.7,1.69,low_traffic,1,4
D3,2026-04-11,5,L27,Third Wave Coffee Mahanagar,26.96097,81.048855,11:09,11,20,29.4,0.98,low_traffic,2,4
D3,2026-04-11,5,L24,French Loaf Saharaganj,26.797745,80.951418,11:58,11,28,14.2,0.95,medium_traffic,3,4
D3,2026-04-11,5,L26,Cafe Coffee Day Rajajipuram,26.968792,81.017735,12:40,12,28,23.9,0.92,low_traffic,4,4
D3,2026-04-13,0,L29,Restaurant Depot Golf City,26.739708,80.867156,09:08,9,29,33.9,1.54,low_traffic,1,7
D3,2026-04-13,0,L30,FoodHub Faizabad Road,26.728459,80.900786,10:10,10,36,35.5,1.48,low_traffic,2,7
D3,2026-04-13,0,L25,Barista Indiranagar,26.858845,80.864262,11:21,11,20,23.3,0.97,medium_traffic,3,7
D3,2026-04-13,0,L21,Monginis Bakery Hazratganj,26.74843,80.944946,12:04,12,23,14.9,0.93,medium_traffic,4,7
D3,2026-04-13,0,L27,Third Wave Coffee Mahanagar,26.96097,81.048855,12:41,12,21,19.9,0.95,low_traffic,5,7
D3,2026-04-13,0,L24,French Loaf Saharaganj,26.797745,80.951418,13:21,13,38,28.5,1.24,medium_traffic,6,7
D3,2026-04-13,0,L26,Cafe Coffee Day Rajajipuram,26.968792,81.017735,14:27,14,27,16.8,1.29,low_traffic,7,7
D3,2026-04-14,1,L22,Cake Hub Gomti Nagar,26.725641,81.052623,09:30,9,23,17.2,1.32,low_traffic,1,6
D3,2026-04-14,1,L24,French Loaf Saharaganj,26.797745,80.951418,10:10,10,36,16.3,1.48,medium_traffic,2,6
D3,2026-04-14,1,L29,Restaurant Depot Golf City,26.739708,80.867156,11:02,11,29,11.2,1.02,low_traffic,3,6
D3,2026-04-14,1,L21,Monginis Bakery Hazratganj,26.74843,80.944946,11:42,11,14,15.6,0.92,medium_traffic,4,6
D3,2026-04-14,1,L27,Third Wave Coffee Mahanagar,26.96097,81.048855,12:11,12,19,10.4,0.95,low_traffic,5,6
D3,2026-04-14,1,L25,Barista Indiranagar,26.858845,80.864262,12:40,12,12,17.3,0.91,medium_traffic,6,6
D3,2026-04-15,2,L26,Cafe Coffee Day Rajajipuram,26.968792,81.017735,08:11,8,25,39.3,1.71,low_traffic,1,7
D3,2026-04-15,2,L30,FoodHub Faizabad Road,26.728459,80.900786,09:15,9,31,25.8,1.36,low_traffic,2,7
D3,2026-04-15,2,L27,Third Wave Coffee Mahanagar,26.96097,81.048855,10:11,10,21,36.5,1.74,low_traffic,3,7
D3,2026-04-15,2,L29,Restaurant Depot Golf City,26.739708,80.867156,11:08,11,35,25.0,0.96,low_traffic,4,7
D3,2026-04-15,2,L24,French Loaf Saharaganj,26.797745,80.951418,12:08,12,34,20.6,1.03,medium_traffic,5,7
D3,2026-04-15,2,L25,Barista Indiranagar,26.858845,80.864262,13:02,13,10,34.3,1.27,medium_traffic,6,7
D3,2026-04-15,2,L22,Cake Hub Gomti Nagar,26.725641,81.052623,13:46,13,25,30.0,1.25,low_traffic,7,7
D3,2026-04-16,3,L24,French Loaf Saharaganj,26.797745,80.951418,09:14,9,35,31.5,1.75,medium_traffic,1,8
D3,2026-04-16,3,L22,Cake Hub Gomti Nagar,26.725641,81.052623,10:20,10,22,38.3,1.32,low_traffic,2,8
D3,2026-04-16,3,L25,Barista Indiranagar,26.858845,80.864262,11:20,11,9,28.0,1.0,medium_traffic,3,8
D3,2026-04-16,3,L21,Monginis Bakery Hazratganj,26.74843,80.944946,11:57,11,14,30.6,1.02,medium_traffic,4,8
D3,2026-04-16,3,L29,Restaurant Depot Golf City,26.739708,80.867156,12:41,12,32,28.8,0.96,low_traffic,5,8
D3,2026-04-16,3,L26,Cafe Coffee Day Rajajipuram,26.968792,81.017735,13:41,13,35,13.3,1.21,low_traffic,6,8
D3,2026-04-16,3,L27,Third Wave Coffee Mahanagar,26.96097,81.048855,14:29,14,23,16.9,1.21,low_traffic,7,8
D3,2026-04-16,3,L23,Bread Talk Aliganj,26.783983,80.988456,15:08,15,33,8.6,0.96,low_traffic,8,8
D3,2026-04-17,4,L23,Bread Talk Aliganj,26.783983,80.988456,08:15,8,31,44.5,1.71,low_traffic,1,6
D3,2026-04-17,4,L24,French Loaf Saharaganj,26.797745,80.951418,09:30,9,36,33.5,1.34,medium_traffic,2,6
D3,2026-04-17,4,L27,Third Wave Coffee Mahanagar,26.96097,81.048855,10:39,10,14,38.0,1.46,low_traffic,3,6
D3,2026-04-17,4,L22,Cake Hub Gomti Nagar,26.725641,81.052623,11:31,11,20,7.6,0.95,low_traffic,4,6
D3,2026-04-17,4,L25,Barista Indiranagar,26.858845,80.864262,11:58,11,8,19.7,0.94,medium_traffic,5,6
D3,2026-04-17,4,L26,Cafe Coffee Day Rajajipuram,26.968792,81.017735,12:25,12,31,18.4,1.02,low_traffic,6,6
D3,2026-04-18,5,L27,Third Wave Coffee Mahanagar,26.96097,81.048855,08:09,8,24,30.4,1.45,low_traffic,1,4
D3,2026-04-18,5,L24,French Loaf Saharaganj,26.797745,80.951418,09:03,9,32,37.3,1.38,medium_traffic,2,4
D3,2026-04-18,5,L21,Monginis Bakery Hazratganj,26.74843,80.944946,10:12,10,14,41.7,1.39,medium_traffic,3,4
D3,2026-04-18,5,L26,Cafe Coffee Day Rajajipuram,26.968792,81.017735,11:07,11,30,10.0,0.91,low_traffic,4,4
D3,2026-04-20,0,L30,FoodHub Faizabad Road,26.728459,80.900786,09:32,9,31,33.6,1.68,low_traffic,1,6
D3,2026-04-20,0,L23,Bread Talk Aliganj,26.783983,80.988456,10:36,10,31,25.7,1.43,low_traffic,2,6
D3,2026-04-20,0,L28,Tea Trunk Chinhat,26.872154,81.055887,11:32,11,37,9.6,0.96,low_traffic,3,6
D3,2026-04-20,0,L22,Cake Hub Gomti Nagar,26.725641,81.052623,12:18,12,18,24.1,0.86,low_traffic,4,6
D3,2026-04-20,0,L29,Restaurant Depot Golf City,26.739708,80.867156,13:00,13,32,10.2,1.28,low_traffic,5,6
D3,2026-04-20,0,L21,Monginis Bakery Hazratganj,26.74843,80.944946,13:42,13,24,31.5,1.21,medium_traffic,6,6
D3,2026-04-21,1,L22,Cake Hub Gomti Nagar,26.725641,81.052623,08:23,8,27,20.4,1.57,low_traffic,1,5
D3,2026-04-21,1,L27,Third Wave Coffee Mahanagar,26.96097,81.048855,09:10,9,22,29.8,1.42,low_traffic,2,5
D3,2026-04-21,1,L21,Monginis Bakery Hazratganj,26.74843,80.944946,10:01,10,21,12.2,1.53,medium_traffic,3,5
D3,2026-04-21,1,L26,Cafe Coffee Day Rajajipuram,26.968792,81.017735,10:34,10,29,48.1,1.78,low_traffic,4,5
D3,2026-04-21,1,L30,FoodHub Faizabad Road,26.728459,80.900786,11:51,11,30,12.7,0.98,low_traffic,5,5
D3,2026-04-22,2,L22,Cake Hub Gomti Nagar,26.725641,81.052623,09:02,9,24,34.5,1.38,low_traffic,1,5
D3,2026-04-22,2,L21,Monginis Bakery Hazratganj,26.74843,80.944946,10:00,10,20,13.3,1.33,medium_traffic,2,5
D3,2026-04-22,2,L30,FoodHub Faizabad Road,26.728459,80.900786,10:33,10,41,19.8,1.65,low_traffic,3,5
D3,2026-04-22,2,L23,Bread Talk Aliganj,26.783983,80.988456,11:33,11,30,15.4,0.96,low_traffic,4,5
D3,2026-04-22,2,L24,French Loaf Saharaganj,26.797745,80.951418,12:18,12,39,21.4,0.89,medium_traffic,5,5
D3,2026-04-23,3,L24,French Loaf Saharaganj,26.797745,80.951418,09:01,9,37,21.1,1.76,medium_traffic,1,7
D3,2026-04-23,3,L30,FoodHub Faizabad Road,26.728459,80.900786,09:59,9,37,47.5,1.76,low_traffic,2,7
D3,2026-04-23,3,L21,Monginis Bakery Hazratganj,26.74843,80.944946,11:23,11,24,6.8,0.85,medium_traffic,3,7
D3,2026-04-23,3,L29,Restaurant Depot Golf City,26.739708,80.867156,11:53,11,39,22.0,0.88,low_traffic,4,7
D3,2026-04-23,3,L27,Third Wave Coffee Mahanagar,26.96097,81.048855,12:54,12,22,19.8,0.99,low_traffic,5,7
D3,2026-04-23,3,L22,Cake Hub Gomti Nagar,26.725641,81.052623,13:35,13,25,31.4,1.12,low_traffic,6,7
D3,2026-04-23,3,L23,Bread Talk Aliganj,26.783983,80.988456,14:31,14,34,9.0,1.12,low_traffic,7,7
D3,2026-04-24,4,L30,FoodHub Faizabad Road,26.728459,80.900786,08:29,8,37,20.9,1.49,low_traffic,1,8
D3,2026-04-24,4,L29,Restaurant Depot Golf City,26.739708,80.867156,09:26,9,40,10.4,1.3,low_traffic,2,8
D3,2026-04-24,4,L21,Monginis Bakery Hazratganj,26.74843,80.944946,10:16,10,19,43.2,1.44,medium_traffic,3,8
D3,2026-04-24,4,L24,French Loaf Saharaganj,26.797745,80.951418,11:18,11,37,24.0,0.89,medium_traffic,4,8
D3,2026-04-24,4,L23,Bread Talk Aliganj,26.783983,80.988456,12:19,12,27,27.3,0.91,low_traffic,5,8
D3,2026-04-24,4,L25,Barista Indiranagar,26.858845,80.864262,13:13,13,13,26.4,1.15,medium_traffic,6,8
D3,2026-04-24,4,L28,Tea Trunk Chinhat,26.872154,81.055887,13:52,13,41,25.5,1.11,low_traffic,7,8
D3,2026-04-24,4,L27,Third Wave Coffee Mahanagar,26.96097,81.048855,14:58,14,14,17.4,1.24,low_traffic,8,8
D3,2026-04-25,5,L26,Cafe Coffee Day Rajajipuram,26.968792,81.017735,08:04,8,27,15.9,1.59,low_traffic,1,3
D3,2026-04-25,5,L21,Monginis Bakery Hazratganj,26.74843,80.944946,08:46,8,17,37.2,1.43,medium_traffic,2,3
D3,2026-04-25,5,L23,Bread Talk Aliganj,26.783983,80.988456,09:40,9,27,27.8,1.74,low_traffic,3,3
D3,2026-04-27,0,L30,FoodHub Faizabad Road,26.728459,80.900786,09:07,9,37,36.1,1.64,low_traffic,1,5
D3,2026-04-27,0,L26,Cafe Coffee Day Rajajipuram,26.968792,81.017735,10:20,10,36,13.3,1.48,low_traffic,2,5
D3,2026-04-27,0,L22,Cake Hub Gomti Nagar,26.725641,81.052623,11:09,11,21,14.2,0.89,low_traffic,3,5
D3,2026-04-27,0,L23,Bread Talk Aliganj,26.783983,80.988456,11:44,11,24,17.3,0.96,low_traffic,4,5
D3,2026-04-27,0,L27,Third Wave Coffee Mahanagar,26.96097,81.048855,12:25,12,15,16.7,0.93,low_traffic,5,5
D3,2026-04-28,1,L30,FoodHub Faizabad Road,26.728459,80.900786,08:01,8,39,12.3,1.54,low_traffic,1,5
D3,2026-04-28,1,L21,Monginis Bakery Hazratganj,26.74843,80.944946,08:52,8,18,30.6,1.7,medium_traffic,2,5
D3,2026-04-28,1,L25,Barista Indiranagar,26.858845,80.864262,09:40,9,11,32.7,1.42,medium_traffic,3,5
D3,2026-04-28,1,L23,Bread Talk Aliganj,26.783983,80.988456,10:23,10,29,16.0,1.78,low_traffic,4,5
D3,2026-04-28,1,L26,Cafe Coffee Day Rajajipuram,26.968792,81.017735,11:08,11,26,14.2,0.95,low_traffic,5,5
D3,2026-04-29,2,L23,Bread Talk Aliganj,26.783983,80.988456,08:03,8,24,38.7,1.76,low_traffic,1,8
D3,2026-04-29,2,L25,Barista Indiranagar,26.858845,80.864262,09:05,9,14,40.6,1.45,medium_traffic,2,8
D3,2026-04-29,2,L29,Restaurant Depot Golf City,26.739708,80.867156,09:59,9,28,38.6,1.33,low_traffic,3,8
D3,2026-04-29,2,L24,French Loaf Saharaganj,26.797745,80.951418,11:05,11,33,16.3,0.96,medium_traffic,4,8
D3,2026-04-29,2,L26,Cafe Coffee Day Rajajipuram,26.968792,81.017735,11:54,11,37,25.1,0.93,low_traffic,5,8
D3,2026-04-29,2,L27,Third Wave Coffee Mahanagar,26.96097,81.048855,12:56,12,26,25.1,0.93,low_traffic,6,8
D3,2026-04-29,2,L21,Monginis Bakery Hazratganj,26.74843,80.944946,13:47,13,21,9.8,1.23,medium_traffic,7,8
D3,2026-04-29,2,L30,FoodHub Faizabad Road,26.728459,80.900786,14:17,14,39,24.8,1.18,low_traffic,8,8
D3,2026-04-30,3,L24,French Loaf Saharaganj,26.797745,80.951418,08:38,8,39,43.2,1.66,medium_traffic,1,5
D3,2026-04-30,3,L30,FoodHub Faizabad Road,26.728459,80.900786,10:00,10,32,44.7,1.72,low_traffic,2,5
D3,2026-04-30,3,L29,Restaurant Depot Golf City,26.739708,80.867156,11:16,11,33,15.7,0.98,low_traffic,3,5
D3,2026-04-30,3,L22,Cake Hub Gomti Nagar,26.725641,81.052623,12:04,12,22,25.1,0.93,low_traffic,4,5
D3,2026-04-30,3,L27,Third Wave Coffee Mahanagar,26.96097,81.048855,12:51,12,26,10.7,0.89,low_traffic,5,5
D4,2026-01-02,4,L36,Lenovo Hub Rajajipuram,26.917484,80.867866,08:30,8,20,26.1,1.45,low_traffic,1,5
D4,2026-01-02,4,L40,Cables & More Faizabad Road,26.809901,80.846326,09:16,9,40,11.8,1.48,low_traffic,2,5
D4,2026-01-02,4,L32,Vijay Sales Gomti Nagar,26.932172,80.908956,10:07,10,23,46.1,1.59,low_traffic,3,5
D4,2026-01-02,4,L39,Noise Hub Golf City,26.91723,80.835452,11:16,11,16,20.6,0.86,low_traffic,4,5
D4,2026-01-02,4,L37,HP Store Mahanagar,26.718136,81.02822,11:52,11,38,21.4,1.02,low_traffic,5,5
D4,2026-01-03,5,L31,Croma Hazratganj,26.817756,80.886751,09:39,9,27,26.1,1.45,medium_traffic,1,3
D4,2026-01-03,5,L36,Lenovo Hub Rajajipuram,26.917484,80.867866,10:32,10,23,12.2,1.35,low_traffic,2,3
D4,2026-01-03,5,L37,HP Store Mahanagar,26.718136,81.02822,11:07,11,43,7.1,0.89,low_traffic,3,3
D4,2026-01-05,0,L35,Apple Reseller Indiranagar,26.736083,81.072791,08:00,8,31,14.8,1.48,low_traffic,1,6
D4,2026-01-05,0,L37,HP Store Mahanagar,26.718136,81.02822,08:45,8,35,14.5,1.32,low_traffic,2,6
D4,2026-01-05,0,L31,Croma Hazratganj,26.817756,80.886751,09:34,9,35,20.3,1.45,medium_traffic,3,6
D4,2026-01-05,0,L36,Lenovo Hub Rajajipuram,26.917484,80.867866,10:29,10,16,30.2,1.59,low_traffic,4,6
D4,2026-01-05,0,L33,Reliance Digital Aliganj,26.789743,80.957301,11:15,11,18,14.7,1.05,medium_traffic,5,6
D4,2026-01-05,0,L39,Noise Hub Golf City,26.91723,80.835452,11:47,11,12,13.7,0.91,low_traffic,6,6
D4,2026-01-06,1,L33,Reliance Digital Aliganj,26.789743,80.957301,08:43,8,27,38.4,1.37,medium_traffic,1,6
D4,2026-01-06,1,L35,Apple Reseller Indiranagar,26.736083,81.072791,09:48,9,29,31.3,1.74,low_traffic,2,6
D4,2026-01-06,1,L38,Boat Service Chinhat,26.900483,81.005742,10:48,10,40,21.8,1.45,low_traffic,3,6
D4,2026-01-06,1,L40,Cables & More Faizabad Road,26.809901,80.846326,11:49,11,34,29.3,1.01,low_traffic,4,6
D4,2026-01-06,1,L31,Croma Hazratganj,26.817756,80.886751,12:52,12,31,28.1,1.04,medium_traffic,5,6
D4,2026-01-06,1,L37,HP Store Mahanagar,26.718136,81.02822,13:51,13,34,12.8,1.28,low_traffic,6,6
D4,2026-01-07,2,L31,Croma Hazratganj,26.817756,80.886751,08:02,8,28,43.7,1.68,medium_traffic,1,6
D4,2026-01-07,2,L32,Vijay Sales Gomti Nagar,26.932172,80.908956,09:13,9,33,29.4,1.73,low_traffic,2,6
D4,2026-01-07,2,L36,Lenovo Hub Rajajipuram,26.917484,80.867866,10:15,10,16,20.6,1.37,low_traffic,3,6
D4,2026-01-07,2,L37,HP Store Mahanagar,26.718136,81.02822,10:51,10,35,25.8,1.61,low_traffic,4,6
D4,2026-01-07,2,L40,Cables & More Faizabad Road,26.809901,80.846326,11:51,11,39,26.5,1.02,low_traffic,5,6
D4,2026-01-07,2,L38,Boat Service Chinhat,26.900483,81.005742,12:56,12,47,8.9,0.89,low_traffic,6,6
D4,2026-01-08,3,L31,Croma Hazratganj,26.817756,80.886751,08:20,8,36,39.8,1.66,medium_traffic,1,8
D4,2026-01-08,3,L36,Lenovo Hub Rajajipuram,26.917484,80.867866,09:35,9,23,35.4,1.54,low_traffic,2,8
D4,2026-01-08,3,L39,Noise Hub Golf City,26.91723,80.835452,10:33,10,18,28.6,1.43,low_traffic,3,8
D4,2026-01-08,3,L38,Boat Service Chinhat,26.900483,81.005742,11:19,11,45,26.8,1.03,low_traffic,4,8
D4,2026-01-08,3,L37,HP Store Mahanagar,26.718136,81.02822,12:30,12,36,12.9,0.86,low_traffic,5,8
D4,2026-01-08,3,L34,Samsung Plaza Saharaganj,26.75334,81.024771,13:18,13,28,17.8,1.19,low_traffic,6,8
D4,2026-01-08,3,L35,Apple Reseller Indiranagar,26.736083,81.072791,14:03,14,32,23.9,1.14,low_traffic,7,8
D4,2026-01-08,3,L33,Reliance Digital Aliganj,26.789743,80.957301,14:58,14,19,23.0,1.21,medium_traffic,8,8
D4,2026-01-09,4,L37,HP Store Mahanagar,26.718136,81.02822,09:32,9,40,33.8,1.61,low_traffic,1,5
D4,2026-01-09,4,L31,Croma Hazratganj,26.817756,80.886751,10:45,10,30,32.1,1.53,medium_traffic,2,5
D4,2026-01-09,4,L36,Lenovo Hub Rajajipuram,26.917484,80.867866,11:47,11,20,18.2,1.01,low_traffic,3,5
D4,2026-01-09,4,L39,Noise Hub Golf City,26.91723,80.835452,12:25,12,15,12.1,0.93,low_traffic,4,5
D4,2026-01-09,4,L40,Cables & More Faizabad Road,26.809901,80.846326,12:52,12,33,25.2,0.9,low_traffic,5,5
D4,2026-01-10,5,L39,Noise Hub Golf City,26.91723,80.835452,09:02,9,11,28.3,1.57,low_traffic,1,4
D4,2026-01-10,5,L36,Lenovo Hub Rajajipuram,26.917484,80.867866,09:41,9,20,26.2,1.64,low_traffic,2,4
D4,2026-01-10,5,L34,Samsung Plaza Saharaganj,26.75334,81.024771,10:27,10,26,48.4,1.67,low_traffic,3,4
D4,2026-01-10,5,L31,Croma Hazratganj,26.817756,80.886751,11:41,11,27,24.0,0.89,medium_traffic,4,4
D4,2026-01-12,0,L32,Vijay Sales Gomti Nagar,26.932172,80.908956,09:41,9,27,18.7,1.56,low_traffic,1,7
D4,2026-01-12,0,L40,Cables & More Faizabad Road,26.809901,80.846326,10:26,10,39,19.7,1.41,low_traffic,2,7
D4,2026-01-12,0,L36,Lenovo Hub Rajajipuram,26.917484,80.867866,11:24,11,28,23.4,0.9,low_traffic,3,7
D4,2026-01-12,0,L38,Boat Service Chinhat,26.900483,81.005742,12:15,12,46,21.1,0.96,low_traffic,4,7
D4,2026-01-12,0,L34,Samsung Plaza Saharaganj,26.75334,81.024771,13:22,13,34,22.7,1.26,low_traffic,5,7
D4,2026-01-12,0,L33,Reliance Digital Aliganj,26.789743,80.957301,14:18,14,21,15.7,1.12,medium_traffic,6,7
D4,2026-01-12,0,L37,HP Store Mahanagar,26.718136,81.02822,14:54,14,39,37.5,1.25,low_traffic,7,7
D4,2026-01-13,1,L37,HP Store Mahanagar,26.718136,81.02822,09:42,9,36,31.0,1.72,low_traffic,1,6
D4,2026-01-13,1,L39,Noise Hub Golf City,26.91723,80.835452,10:49,10,20,43.8,1.51,low_traffic,2,6
D4,2026-01-13,1,L34,Samsung Plaza Saharaganj,26.75334,81.024771,11:52,11,30,27.9,0.93,low_traffic,3,6
D4,2026-01-13,1,L36,Lenovo Hub Rajajipuram,26.917484,80.867866,12:49,12,16,23.7,0.91,low_traffic,4,6
D4,2026-01-13,1,L35,Apple Reseller Indiranagar,26.736083,81.072791,13:28,13,28,10.9,1.21,low_traffic,5,6
D4,2026-01-13,1,L32,Vijay Sales Gomti Nagar,26.932172,80.908956,14:06,14,30,20.3,1.13,low_traffic,6,6
D4,2026-01-14,2,L33,Reliance Digital Aliganj,26.789743,80.957301,09:36,9,19,49.8,1.78,medium_traffic,1,8
D4,2026-01-14,2,L38,Boat Service Chinhat,26.900483,81.005742,10:44,10,45,14.9,1.35,low_traffic,2,8
D4,2026-01-14,2,L36,Lenovo Hub Rajajipuram,26.917484,80.867866,11:43,11,27,8.6,0.96,low_traffic,3,8
D4,2026-01-14,2,L32,Vijay Sales Gomti Nagar,26.932172,80.908956,12:18,12,23,7.8,0.97,low_traffic,4,8
D4,2026-01-14,2,L39,Noise Hub Golf City,26.91723,80.835452,12:48,12,12,17.8,0.89,low_traffic,5,8
D4,2026-01-14,2,L35,Apple Reseller Indiranagar,26.736083,81.072791,13:17,13,36,19.4,1.14,low_traffic,6,8
D4,2026-01-14,2,L31,Croma Hazratganj,26.817756,80.886751,14:12,14,25,26.4,1.2,medium_traffic,7,8
D4,2026-01-14,2,L40,Cables & More Faizabad Road,26.809901,80.846326,15:03,15,34,7.4,0.92,low_traffic,8,8
D4,2026-01-15,3,L38,Boat Service Chinhat,26.900483,81.005742,09:13,9,39,19.0,1.36,low_traffic,1,7
D4,2026-01-15,3,L39,Noise Hub Golf City,26.91723,80.835452,10:11,10,18,45.6,1.52,low_traffic,2,7
D4,2026-01-15,3,L36,Lenovo Hub Rajajipuram,26.917484,80.867866,11:14,11,25,25.4,0.94,low_traffic,3,7
D4,2026-01-15,3,L34,Samsung Plaza Saharaganj,26.75334,81.024771,12:04,12,25,27.0,1.04,low_traffic,4,7
D4,2026-01-15,3,L35,Apple Reseller Indiranagar,26.736083,81.072791,12:56,12,33,27.5,0.95,low_traffic,5,7
D4,2026-01-15,3,L32,Vijay Sales Gomti Nagar,26.932172,80.908956,13:56,13,23,9.3,1.16,low_traffic,6,7
D4,2026-01-15,3,L31,Croma Hazratganj,26.817756,80.886751,14:28,14,34,23.8,1.19,medium_traffic,7,7
D4,2026-01-16,4,L32,Vijay Sales Gomti Nagar,26.932172,80.908956,09:41,9,26,38.3,1.74,low_traffic,1,6
D4,2026-01-16,4,L40,Cables & More Faizabad Road,26.809901,80.846326,10:45,10,44,49.5,1.65,low_traffic,2,6
D4,2026-01-16,4,L33,Reliance Digital Aliganj,26.789743,80.957301,12:18,12,27,24.6,0.91,medium_traffic,3,6
D4,2026-01-16,4,L31,Croma Hazratganj,26.817756,80.886751,13:09,13,28,26.7,1.27,medium_traffic,4,6
D4,2026-01-16,4,L35,Apple Reseller Indiranagar,26.736083,81.072791,14:03,14,37,30.8,1.14,low_traffic,5,6
D4,2026-01-16,4,L37,HP Store Mahanagar,26.718136,81.02822,15:10,15,43,18.8,0.94,low_traffic,6,6
D4,2026-01-17,5,L38,Boat Service Chinhat,26.900483,81.005742,08:44,8,42,23.2,1.66,low_traffic,1,3
D4,2026-01-17,5,L33,Reliance Digital Aliganj,26.789743,80.957301,09:49,9,16,37.8,1.51,medium_traffic,2,3
D4,2026-01-17,5,L34,Samsung Plaza Saharaganj,26.75334,81.024771,10:42,10,34,18.0,1.8,low_traffic,3,3
D4,2026-01-19,0,L38,Boat Service Chinhat,26.900483,81.005742,09:01,9,45,40.2,1.34,low_traffic,1,5
D4,2026-01-19,0,L31,Croma Hazratganj,26.817756,80.886751,10:26,10,30,33.4,1.67,medium_traffic,2,5
D4,2026-01-19,0,L35,Apple Reseller Indiranagar,26.736083,81.072791,11:29,11,32,14.0,1.0,low_traffic,3,5
D4,2026-01-19,0,L40,Cables & More Faizabad Road,26.809901,80.846326,12:15,12,33,13.8,0.86,low_traffic,4,5
D4,2026-01-19,0,L33,Reliance Digital Aliganj,26.789743,80.957301,13:01,13,20,14.9,1.24,medium_traffic,5,5
D4,2026-01-20,1,L33,Reliance Digital Aliganj,26.789743,80.957301,09:10,9,24,11.1,1.39,medium_traffic,1,8
D4,2026-01-20,1,L36,Lenovo Hub Rajajipuram,26.917484,80.867866,09:45,9,17,23.0,1.35,low_traffic,2,8
D4,2026-01-20,1,L37,HP Store Mahanagar,26.718136,81.02822,10:25,10,35,31.4,1.57,low_traffic,3,8
D4,2026-01-20,1,L34,Samsung Plaza Saharaganj,26.75334,81.024771,11:31,11,32,7.0,0.87,low_traffic,4,8
D4,2026-01-20,1,L39,Noise Hub Golf City,26.91723,80.835452,12:10,12,13,19.8,0.9,low_traffic,5,8
D4,2026-01-20,1,L35,Apple Reseller Indiranagar,26.736083,81.072791,12:42,12,26,26.7,0.89,low_traffic,6,8
D4,2026-01-20,1,L31,Croma Hazratganj,26.817756,80.886751,13:34,13,28,32.0,1.28,medium_traffic,7,8
D4,2026-01-20,1,L32,Vijay Sales Gomti Nagar,26.932172,80.908956,14:34,14,31,10.7,1.19,low_traffic,8,8
D4,2026-01-21,2,L33,Reliance Digital Aliganj,26.789743,80.957301,08:23,8,16,24.5,1.75,medium_traffic,1,5
D4,2026-01-21,2,L34,Samsung Plaza Saharaganj,26.75334,81.024771,09:03,9,22,10.5,1.31,low_traffic,2,5
D4,2026-01-21,2,L32,Vijay Sales Gomti Nagar,26.932172,80.908956,09:35,9,31,20.6,1.47,low_traffic,3,5
D4,2026-01-21,2,L36,Lenovo Hub Rajajipuram,26.917484,80.867866,10:26,10,17,24.4,1.63,low_traffic,4,5
D4,2026-01-21,2,L40,Cables & More Faizabad Road,26.809901,80.846326,11:07,11,34,29.3,1.01,low_traffic,5,5
D4,2026-01-22,3,L34,Samsung Plaza Saharaganj,26.75334,81.024771,09:27,9,23,19.0,1.36,low_traffic,1,6
D4,2026-01-22,3,L40,Cables & More Faizabad Road,26.809901,80.846326,10:09,10,32,19.2,1.48,low_traffic,2,6
D4,2026-01-22,3,L35,Apple Reseller Indiranagar,26.736083,81.072791,11:00,11,26,16.7,0.93,low_traffic,3,6
D4,2026-01-22,3,L38,Boat Service Chinhat,26.900483,81.005742,11:42,11,38,20.5,0.93,low_traffic,4,6
D4,2026-01-22,3,L36,Lenovo Hub Rajajipuram,26.917484,80.867866,12:40,12,26,13.8,0.86,low_traffic,5,6
D4,2026-01-22,3,L33,Reliance Digital Aliganj,26.789743,80.957301,13:19,13,16,11.0,1.22,medium_traffic,6,6
D4,2026-01-23,4,L33,Reliance Digital Aliganj,26.789743,80.957301,09:40,9,27,47.8,1.65,medium_traffic,1,6
D4,2026-01-23,4,L40,Cables & More Faizabad Road,26.809901,80.846326,10:54,10,34,29.7,1.65,low_traffic,2,6
D4,2026-01-23,4,L34,Samsung Plaza Saharaganj,26.75334,81.024771,11:57,11,27,29.4,0.98,low_traffic,3,6
D4,2026-01-23,4,L32,Vijay Sales Gomti Nagar,26.932172,80.908956,12:53,12,28,30.5,1.05,low_traffic,4,6
D4,2026-01-23,4,L39,Noise Hub Golf City,26.91723,80.835452,13:51,13,17,8.9,1.11,low_traffic,5,6
D4,2026-01-23,4,L36,Lenovo Hub Rajajipuram,26.917484,80.867866,14:16,14,22,28.2,1.28,low_traffic,6,6
D4,2026-01-24,5,L33,Reliance Digital Aliganj,26.789743,80.957301,09:15,9,17,14.5,1.61,medium_traffic,1,5
D4,2026-01-24,5,L40,Cables & More Faizabad Road,26.809901,80.846326,09:46,9,35,25.3,1.49,low_traffic,2,5
D4,2026-01-24,5,L37,HP Store Mahanagar,26.718136,81.02822,10:46,10,43,19.3,1.38,low_traffic,3,5
D4,2026-01-24,5,L36,Lenovo Hub Rajajipuram,26.917484,80.867866,11:48,11,23,23.2,0.86,low_traffic,4,5
D4,2026-01-24,5,L35,Apple Reseller Indiranagar,26.736083,81.072791,12:34,12,28,18.0,1.0,low_traffic,5,5
D4,2026-01-26,0,L35,Apple Reseller Indiranagar,26.736083,81.072791,09:15,9,36,12.6,1.4,low_traffic,1,7
D4,2026-01-26,0,L34,Samsung Plaza Saharaganj,26.75334,81.024771,10:03,10,33,51.9,1.79,low_traffic,2,7
D4,2026-01-26,0,L38,Boat Service Chinhat,26.900483,81.005742,11:27,11,41,26.7,0.99,low_traffic,3,7
D4,2026-01-26,0,L32,Vijay Sales Gomti Nagar,26.932172,80.908956,12:34,12,28,12.3,0.95,low_traffic,4,7
D4,2026-01-26,0,L39,Noise Hub Golf City,26.91723,80.835452,13:14,13,15,12.3,1.23,low_traffic,5,7
D4,2026-01-26,0,L33,Reliance Digital Aliganj,26.789743,80.957301,13:41,13,15,15.5,1.11,medium_traffic,6,7
D4,2026-01-26,0,L40,Cables & More Faizabad Road,26.809901,80.846326,14:11,14,35,14.8,1.23,low_traffic,7,7
D4,2026-01-27,1,L36,Lenovo Hub Rajajipuram,26.917484,80.867866,09:10,9,22,24.9,1.66,low_traffic,1,6
D4,2026-01-27,1,L37,HP Store Mahanagar,26.718136,81.02822,09:56,9,37,20.8,1.39,low_traffic,2,6
D4,2026-01-27,1,L39,Noise Hub Golf City,26.91723,80.835452,10:53,10,18,31.7,1.44,low_traffic,3,6
D4,2026-01-27,1,L38,Boat Service Chinhat,26.900483,81.005742,11:42,11,36,20.5,0.89,low_traffic,4,6
D4,2026-01-27,1,L31,Croma Hazratganj,26.817756,80.886751,12:38,12,31,19.8,1.04,medium_traffic,5,6
D4,2026-01-27,1,L35,Apple Reseller Indiranagar,26.736083,81.072791,13:28,13,33,27.1,1.18,low_traffic,6,6
D4,2026-01-28,2,L38,Boat Service Chinhat,26.900483,81.005742,09:38,9,46,39.2,1.57,low_traffic,1,8
D4,2026-01-28,2,L35,Apple Reseller Indiranagar,26.736083,81.072791,11:03,11,33,17.8,0.89,low_traffic,2,8
D4,2026-01-28,2,L32,Vijay Sales Gomti Nagar,26.932172,80.908956,11:53,11,27,15.5,0.91,low_traffic,3,8
D4,2026-01-28,2,L36,Lenovo Hub Rajajipuram,26.917484,80.867866,12:35,12,17,22.1,0.96,low_traffic,4,8
D4,2026-01-28,2,L31,Croma Hazratganj,26.817756,80.886751,13:14,13,32,35.1,1.17,medium_traffic,5,8
D4,2026-01-28,2,L34,Samsung Plaza Saharaganj,26.75334,81.024771,14:21,14,22,16.0,1.14,low_traffic,6,8
D4,2026-01-28,2,L40,Cables & More Faizabad Road,26.809901,80.846326,14:59,14,43,26.4,1.1,low_traffic,7,8
D4,2026-01-28,2,L33,Reliance Digital Aliganj,26.789743,80.957301,16:08,16,21,23.0,1.0,medium_traffic,8,8
D4,2026-01-29,3,L39,Noise Hub Golf City,26.91723,80.835452,08:24,8,11,23.0,1.77,low_traffic,1,8
D4,2026-01-29,3,L38,Boat Service Chinhat,26.900483,81.005742,08:58,8,47,26.9,1.68,low_traffic,2,8
D4,2026-01-29,3,L32,Vijay Sales Gomti Nagar,26.932172,80.908956,10:11,10,29,33.4,1.76,low_traffic,3,8
D4,2026-01-29,3,L31,Croma Hazratganj,26.817756,80.886751,11:13,11,36,27.7,0.99,medium_traffic,4,8
D4,2026-01-29,3,L35,Apple Reseller Indiranagar,26.736083,81.072791,12:16,12,36,8.3,0.92,low_traffic,5,8
D4,2026-01-29,3,L33,Reliance Digital Aliganj,26.789743,80.957301,13:00,13,26,24.8,1.18,medium_traffic,6,8
D4,2026-01-29,3,L34,Samsung Plaza Saharaganj,26.75334,81.024771,13:50,13,22,26.4,1.15,low_traffic,7,8
D4,2026-01-29,3,L40,Cables & More Faizabad Road,26.809901,80.846326,14:38,14,42,24.3,1.28,low_traffic,8,8
D4,2026-01-30,4,L34,Samsung Plaza Saharaganj,26.75334,81.024771,08:07,8,33,47.3,1.69,low_traffic,1,5
D4,2026-01-30,4,L31,Croma Hazratganj,26.817756,80.886751,09:27,9,36,35.2,1.76,medium_traffic,2,5
D4,2026-01-30,4,L39,Noise Hub Golf City,26.91723,80.835452,10:38,10,16,15.9,1.59,low_traffic,3,5
D4,2026-01-30,4,L37,HP Store Mahanagar,26.718136,81.02822,11:09,11,35,21.6,1.03,low_traffic,4,5
D4,2026-01-30,4,L40,Cables & More Faizabad Road,26.809901,80.846326,12:05,12,43,16.3,1.02,low_traffic,5,5
D4,2026-01-31,5,L36,Lenovo Hub Rajajipuram,26.917484,80.867866,08:17,8,27,33.4,1.67,low_traffic,1,4
D4,2026-01-31,5,L32,Vijay Sales Gomti Nagar,26.932172,80.908956,09:17,9,28,18.8,1.45,low_traffic,2,4
D4,2026-01-31,5,L38,Boat Service Chinhat,26.900483,81.005742,10:03,10,47,13.0,1.3,low_traffic,3,4
D4,2026-01-31,5,L31,Croma Hazratganj,26.817756,80.886751,11:03,11,31,23.8,0.99,medium_traffic,4,4
D4,2026-02-02,0,L40,Cables & More Faizabad Road,26.809901,80.846326,08:28,8,34,22.1,1.58,low_traffic,1,7
D4,2026-02-02,0,L31,Croma Hazratganj,26.817756,80.886751,09:24,9,37,18.2,1.4,medium_traffic,2,7
D4,2026-02-02,0,L34,Samsung Plaza Saharaganj,26.75334,81.024771,10:19,10,28,26.9,1.68,low_traffic,3,7
D4,2026-02-02,0,L35,Apple Reseller Indiranagar,26.736083,81.072791,11:13,11,27,25.4,0.94,low_traffic,4,7
D4,2026-02-02,0,L36,Lenovo Hub Rajajipuram,26.917484,80.867866,12:05,12,17,13.3,1.02,low_traffic,5,7
D4,2026-02-02,0,L32,Vijay Sales Gomti Nagar,26.932172,80.908956,12:35,12,22,18.2,0.91,low_traffic,6,7
D4,2026-02-02,0,L38,Boat Service Chinhat,26.900483,81.005742,13:15,13,35,20.9,1.16,low_traffic,7,7
D4,2026-02-03,1,L39,Noise Hub Golf City,26.91723,80.835452,08:13,8,14,12.5,1.56,low_traffic,1,6
D4,2026-02-03,1,L34,Samsung Plaza Saharaganj,26.75334,81.024771,08:39,8,29,25.6,1.6,low_traffic,2,6
D4,2026-02-03,1,L35,Apple Reseller Indiranagar,26.736083,81.072791,09:33,9,35,27.7,1.54,low_traffic,3,6
D4,2026-02-03,1,L36,Lenovo Hub Rajajipuram,26.917484,80.867866,10:35,10,26,28.7,1.51,low_traffic,4,6
D4,2026-02-03,1,L33,Reliance Digital Aliganj,26.789743,80.957301,11:29,11,18,18.5,1.03,medium_traffic,5,6
D4,2026-02-03,1,L37,HP Store Mahanagar,26.718136,81.02822,12:05,12,39,30.2,1.04,low_traffic,6,6
D4,2026-02-04,2,L34,Samsung Plaza Saharaganj,26.75334,81.024771,08:01,8,26,38.4,1.6,low_traffic,1,8
D4,2026-02-04,2,L38,Boat Service Chinhat,26.900483,81.005742,09:05,9,40,26.7,1.78,low_traffic,2,8
D4,2026-02-04,2,L32,Vijay Sales Gomti Nagar,26.932172,80.908956,10:11,10,31,44.4,1.53,low_traffic,3,8
D4,2026-02-04,2,L35,Apple Reseller Indiranagar,26.736083,81.072791,11:26,11,32,24.5,1.02,low_traffic,4,8
D4,2026-02-04,2,L39,Noise Hub Golf City,26.91723,80.835452,12:22,12,18,7.8,0.98,low_traffic,5,8
D4,2026-02-04,2,L33,Reliance Digital Aliganj,26.789743,80.957301,12:47,12,15,18.7,1.04,medium_traffic,6,8
D4,2026-02-04,2,L37,HP Store Mahanagar,26.718136,81.02822,13:20,13,45,11.1,1.23,low_traffic,7,8
D4,2026-02-04,2,L36,Lenovo Hub Rajajipuram,26.917484,80.867866,14:16,14,23,36.2,1.25,low_traffic,8,8
D4,2026-02-05,3,L39,Noise Hub Golf City,26.91723,80.835452,08:24,8,19,20.3,1.45,low_traffic,1,6
D4,2026-02-05,3,L34,Samsung Plaza Saharaganj,26.75334,81.024771,09:03,9,31,32.9,1.37,low_traffic,2,6
D4,2026-02-05,3,L32,Vijay Sales Gomti Nagar,26.932172,80.908956,10:06,10,29,50.7,1.69,low_traffic,3,6
D4,2026-02-05,3,L33,Reliance Digital Aliganj,26.789743,80.957301,11:25,11,27,19.8,0.86,medium_traffic,4,6
D4,2026-02-05,3,L31,Croma Hazratganj,26.817756,80.886751,12:11,12,33,25.2,0.87,medium_traffic,5,6
D4,2026-02-05,3,L35,Apple Reseller Indiranagar,26.736083,81.072791,13:09,13,28,28.6,1.3,low_traffic,6,6
D4,2026-02-06,4,L33,Reliance Digital Aliganj,26.789743,80.957301,08:10,8,21,31.7,1.76,medium_traffic,1,8
D4,2026-02-06,4,L35,Apple Reseller Indiranagar,26.736083,81.072791,09:02,9,37,25.2,1.68,low_traffic,2,8
D4,2026-02-06,4,L39,Noise Hub Golf City,26.91723,80.835452,10:04,10,18,32.9,1.43,low_traffic,3,8
D4,2026-02-06,4,L31,Croma Hazratganj,26.817756,80.886751,10:54,10,33,16.3,1.36,medium_traffic,4,8
D4,2026-02-06,4,L36,Lenovo Hub Rajajipuram,26.917484,80.867866,11:43,11,17,22.5,0.98,low_traffic,5,8
D4,2026-02-06,4,L37,HP Store Mahanagar,26.718136,81.02822,12:22,12,36,18.2,1.01,low_traffic,6,8
D4,2026-02-06,4,L40,Cables & More Faizabad Road,26.809901,80.846326,13:16,13,33,34.8,1.29,low_traffic,7,8
D4,2026-02-06,4,L34,Samsung Plaza Saharaganj,26.75334,81.024771,14:23,14,33,24.6,1.23,low_traffic,8,8
D4,2026-02-07,5,L34,Samsung Plaza Saharaganj,26.75334,81.024771,08:07,8,25,34.8,1.34,low_traffic,1,5
D4,2026-02-07,5,L35,Apple Reseller Indiranagar,26.736083,81.072791,09:06,9,35,18.4,1.67,low_traffic,2,5
D4,2026-02-07,5,L31,Croma Hazratganj,26.817756,80.886751,09:59,9,31,26.6,1.48,medium_traffic,3,5
D4,2026-02-07,5,L33,Reliance Digital Aliganj,26.789743,80.957301,10:56,10,19,12.7,1.59,medium_traffic,4,5
D4,2026-02-07,5,L36,Lenovo Hub Rajajipuram,26.917484,80.867866,11:27,11,19,21.5,0.86,low_traffic,5,5
D4,2026-02-09,0,L33,Reliance Digital Aliganj,26.789743,80.957301,08:34,8,17,31.1,1.73,medium_traffic,1,8
D4,2026-02-09,0,L34,Samsung Plaza Saharaganj,26.75334,81.024771,09:22,9,25,29.1,1.71,low_traffic,2,8
D4,2026-02-09,0,L31,Croma Hazratganj,26.817756,80.886751,10:16,10,27,34.1,1.55,medium_traffic,3,8
D4,2026-02-09,0,L35,Apple Reseller Indiranagar,26.736083,81.072791,11:17,11,37,11.6,0.97,low_traffic,4,8
D4,2026-02-09,0,L32,Vijay Sales Gomti Nagar,26.932172,80.908956,12:05,12,21,29.4,0.98,low_traffic,5,8
D4,2026-02-09,0,L38,Boat Service Chinhat,26.900483,81.005742,12:55,12,43,16.5,0.97,low_traffic,6,8
D4,2026-02-09,0,L40,Cables & More Faizabad Road,26.809901,80.846326,13:54,13,36,14.3,1.3,low_traffic,7,8
D4,2026-02-09,0,L39,Noise Hub Golf City,26.91723,80.835452,14:44,14,17,39.0,1.3,low_traffic,8,8
D4,2026-02-10,1,L32,Vijay Sales Gomti Nagar,26.932172,80.908956,08:44,8,28,21.7,1.67,low_traffic,1,8
D4,2026-02-10,1,L37,HP Store Mahanagar,26.718136,81.02822,09:33,9,43,28.2,1.66,low_traffic,2,8
D4,2026-02-10,1,L39,Noise Hub Golf City,26.91723,80.835452,10:44,10,8,22.9,1.76,low_traffic,3,8
D4,2026-02-10,1,L33,Reliance Digital Aliganj,26.789743,80.957301,11:14,11,21,17.3,0.96,medium_traffic,4,8
D4,2026-02-10,1,L31,Croma Hazratganj,26.817756,80.886751,11:52,11,37,18.8,0.99,medium_traffic,5,8
D4,2026-02-10,1,L40,Cables & More Faizabad Road,26.809901,80.846326,12:47,12,40,9.3,0.93,low_traffic,6,8
D4,2026-02-10,1,L36,Lenovo Hub Rajajipuram,26.917484,80.867866,13:36,13,27,21.2,1.25,low_traffic,7,8
D4,2026-02-10,1,L35,Apple Reseller Indiranagar,26.736083,81.072791,14:24,14,34,38.4,1.28,low_traffic,8,8
D4,2026-02-11,2,L34,Samsung Plaza Saharaganj,26.75334,81.024771,08:28,8,24,28.0,1.65,low_traffic,1,8
D4,2026-02-11,2,L38,Boat Service Chinhat,26.900483,81.005742,09:20,9,46,19.6,1.4,low_traffic,2,8
D4,2026-02-11,2,L40,Cables & More Faizabad Road,26.809901,80.846326,10:25,10,43,31.0,1.63,low_traffic,3,8
D4,2026-02-11,2,L39,Noise Hub Golf City,26.91723,80.835452,11:39,11,18,11.2,1.02,low_traffic,4,8
D4,2026-02-11,2,L31,Croma Hazratganj,26.817756,80.886751,12:08,12,31,12.1,1.01,medium_traffic,5,8
D4,2026-02-11,2,L35,Apple Reseller Indiranagar,26.736083,81.072791,12:51,12,36,21.8,1.04,low_traffic,6,8
D4,2026-02-11,2,L37,HP Store Mahanagar,26.718136,81.02822,13:48,13,34,11.4,1.27,low_traffic,7,8
D4,2026-02-11,2,L36,Lenovo Hub Rajajipuram,26.917484,80.867866,14:33,14,18,26.9,1.17,low_traffic,8,8
D4,2026-02-12,3,L37,HP Store Mahanagar,26.718136,81.02822,08:15,8,44,25.5,1.5,low_traffic,1,5
D4,2026-02-12,3,L33,Reliance Digital Aliganj,26.789743,80.957301,09:24,9,25,20.8,1.6,medium_traffic,2,5
D4,2026-02-12,3,L31,Croma Hazratganj,26.817756,80.886751,10:09,10,37,50.1,1.67,medium_traffic,3,5
D4,2026-02-12,3,L38,Boat Service Chinhat,26.900483,81.005742,11:36,11,47,9.8,0.98,low_traffic,4,5
D4,2026-02-12,3,L40,Cables & More Faizabad Road,26.809901,80.846326,12:32,12,38,26.3,0.94,low_traffic,5,5
D4,2026-02-13,4,L33,Reliance Digital Aliganj,26.789743,80.957301,08:37,8,22,41.3,1.59,medium_traffic,1,7
D4,2026-02-13,4,L34,Samsung Plaza Saharaganj,26.75334,81.024771,09:40,9,34,15.8,1.44,low_traffic,2,7
D4,2026-02-13,4,L32,Vijay Sales Gomti Nagar,26.932172,80.908956,10:29,10,28,32.0,1.6,low_traffic,3,7
D4,2026-02-13,4,L35,Apple Reseller Indiranagar,26.736083,81.072791,11:29,11,32,31.5,1.05,low_traffic,4,7
D4,2026-02-13,4,L39,Noise Hub Golf City,26.91723,80.835452,12:32,12,9,10.9,0.91,low_traffic,5,7
D4,2026-02-13,4,L37,HP Store Mahanagar,26.718136,81.02822,12:51,12,45,27.6,0.92,low_traffic,6,7
D4,2026-02-13,4,L40,Cables & More Faizabad Road,26.809901,80.846326,14:03,14,43,24.2,1.21,low_traffic,7,7
D4,2026-02-14,5,L32,Vijay Sales Gomti Nagar,26.932172,80.908956,08:38,8,29,13.2,1.65,low_traffic,1,3
D4,2026-02-14,5,L33,Reliance Digital Aliganj,26.789743,80.957301,09:20,9,16,27.4,1.52,medium_traffic,2,3
D4,2026-02-14,5,L34,Samsung Plaza Saharaganj,26.75334,81.024771,10:03,10,25,34.3,1.32,low_traffic,3,3
D4,2026-02-16,0,L34,Samsung Plaza Saharaganj,26.75334,81.024771,09:34,9,22,40.3,1.39,low_traffic,1,6
D4,2026-02-16,0,L40,Cables & More Faizabad Road,26.809901,80.846326,10:36,10,40,12.8,1.42,low_traffic,2,6
D4,2026-02-16,0,L33,Reliance Digital Aliganj,26.789743,80.957301,11:28,11,25,17.5,1.03,medium_traffic,3,6
D4,2026-02-16,0,L38,Boat Service Chinhat,26.900483,81.005742,12:10,12,44,11.5,0.96,low_traffic,4,6
D4,2026-02-16,0,L36,Lenovo Hub Rajajipuram,26.917484,80.867866,13:05,13,24,21.6,1.2,low_traffic,5,6
D4,2026-02-16,0,L31,Croma Hazratganj,26.817756,80.886751,13:50,13,34,24.3,1.28,medium_traffic,6,6
D4,2026-02-17,1,L35,Apple Reseller Indiranagar,26.736083,81.072791,08:37,8,37,17.8,1.48,low_traffic,1,6
D4,2026-02-17,1,L38,Boat Service Chinhat,26.900483,81.005742,09:31,9,43,16.1,1.61,low_traffic,2,6
D4,2026-02-17,1,L37,HP Store Mahanagar,26.718136,81.02822,10:30,10,43,28.6,1.43,low_traffic,3,6
D4,2026-02-17,1,L33,Reliance Digital Aliganj,26.789743,80.957301,11:41,11,22,20.6,1.03,medium_traffic,4,6
D4,2026-02-17,1,L36,Lenovo Hub Rajajipuram,26.917484,80.867866,12:23,12,26,13.9,0.87,low_traffic,5,6
D4,2026-02-17,1,L40,Cables & More Faizabad Road,26.809901,80.846326,13:02,13,34,35.7,1.19,low_traffic,6,6
D4,2026-02-18,2,L37,HP Store Mahanagar,26.718136,81.02822,09:27,9,36,40.2,1.49,low_traffic,1,6
D4,2026-02-18,2,L31,Croma Hazratganj,26.817756,80.886751,10:43,10,33,14.7,1.34,medium_traffic,2,6
D4,2026-02-18,2,L38,Boat Service Chinhat,26.900483,81.005742,11:30,11,41,21.8,0.87,low_traffic,3,6
D4,2026-02-18,2,L40,Cables & More Faizabad Road,26.809901,80.846326,12:32,12,33,24.1,0.86,low_traffic,4,6
D4,2026-02-18,2,L39,Noise Hub Golf City,26.91723,80.835452,13:29,13,20,21.1,1.17,low_traffic,5,6
D4,2026-02-18,2,L33,Reliance Digital Aliganj,26.789743,80.957301,14:10,14,19,17.2,1.15,medium_traffic,6,6
D4,2026-02-19,3,L35,Apple Reseller Indiranagar,26.736083,81.072791,09:06,9,35,46.8,1.56,low_traffic,1,5
D4,2026-02-19,3,L39,Noise Hub Golf City,26.91723,80.835452,10:27,10,12,43.2,1.73,low_traffic,2,5
D4,2026-02-19,3,L33,Reliance Digital Aliganj,26.789743,80.957301,11:22,11,17,8.7,0.97,medium_traffic,3,5
D4,2026-02-19,3,L40,Cables & More Faizabad Road,26.809901,80.846326,11:47,11,34,18.2,0.91,low_traffic,4,5
D4,2026-02-19,3,L36,Lenovo Hub Rajajipuram,26.917484,80.867866,12:39,12,28,26.7,0.92,low_traffic,5,5
D4,2026-02-20,4,L34,Samsung Plaza Saharaganj,26.75334,81.024771,08:24,8,22,25.3,1.58,low_traffic,1,8
D4,2026-02-20,4,L37,HP Store Mahanagar,26.718136,81.02822,09:11,9,38,49.3,1.76,low_traffic,2,8
D4,2026-02-20,4,L39,Noise Hub Golf City,26.91723,80.835452,10:38,10,18,24.8,1.65,low_traffic,3,8
D4,2026-02-20,4,L32,Vijay Sales Gomti Nagar,26.932172,80.908956,11:20,11,28,29.1,0.97,low_traffic,4,8
D4,2026-02-20,4,L40,Cables & More Faizabad Road,26.809901,80.846326,12:17,12,44,16.9,0.89,low_traffic,5,8
D4,2026-02-20,4,L36,Lenovo Hub Rajajipuram,26.917484,80.867866,13:17,13,20,20.2,1.19,low_traffic,6,8
D4,2026-02-20,4,L31,Croma Hazratganj,26.817756,80.886751,13:57,13,36,31.0,1.29,medium_traffic,7,8
D4,2026-02-20,4,L35,Apple Reseller Indiranagar,26.736083,81.072791,15:04,15,30,15.5,1.03,low_traffic,8,8
D4,2026-02-21,5,L40,Cables & More Faizabad Road,26.809901,80.846326,08:10,8,43,15.9,1.59,low_traffic,1,5
D4,2026-02-21,5,L36,Lenovo Hub Rajajipuram,26.917484,80.867866,09:08,9,28,33.1,1.44,low_traffic,2,5
D4,2026-02-21,5,L34,Samsung Plaza Saharaganj,26.75334,81.024771,10:09,10,32,36.5,1.74,low_traffic,3,5
D4,2026-02-21,5,L39,Noise Hub Golf City,26.91723,80.835452,11:17,11,15,11.4,0.95,low_traffic,4,5
D4,2026-02-21,5,L31,Croma Hazratganj,26.817756,80.886751,11:43,11,35,27.5,0.95,medium_traffic,5,5
D4,2026-02-23,0,L35,Apple Reseller Indiranagar,26.736083,81.072791,08:42,8,36,42.7,1.78,low_traffic,1,5
D4,2026-02-23,0,L32,Vijay Sales Gomti Nagar,26.932172,80.908956,10:00,10,28,43.2,1.6,low_traffic,2,5
D4,2026-02-23,0,L33,Reliance Digital Aliganj,26.789743,80.957301,11:11,11,27,30.2,1.04,medium_traffic,3,5
D4,2026-02-23,0,L38,Boat Service Chinhat,26.900483,81.005742,12:08,12,37,14.2,0.95,low_traffic,4,5
D4,2026-02-23,0,L39,Noise Hub Golf City,26.91723,80.835452,12:59,12,16,10.4,0.87,low_traffic,5,5
D4,2026-02-24,1,L35,Apple Reseller Indiranagar,26.736083,81.072791,08:18,8,30,24.6,1.45,low_traffic,1,7
D4,2026-02-24,1,L39,Noise Hub Golf City,26.91723,80.835452,09:12,9,17,39.5,1.41,low_traffic,2,7
D4,2026-02-24,1,L36,Lenovo Hub Rajajipuram,26.917484,80.867866,10:08,10,26,25.5,1.5,low_traffic,3,7
D4,2026-02-24,1,L40,Cables & More Faizabad Road,26.809901,80.846326,10:59,10,39,14.0,1.56,low_traffic,4,7
D4,2026-02-24,1,L33,Reliance Digital Aliganj,26.789743,80.957301,11:52,11,15,23.7,1.03,medium_traffic,5,7
D4,2026-02-24,1,L32,Vijay Sales Gomti Nagar,26.932172,80.908956,12:30,12,28,24.8,0.92,low_traffic,6,7
D4,2026-02-24,1,L34,Samsung Plaza Saharaganj,26.75334,81.024771,13:22,13,23,22.2,1.17,low_traffic,7,7
D4,2026-02-25,2,L38,Boat Service Chinhat,26.900483,81.005742,08:33,8,41,18.7,1.56,low_traffic,1,5
D4,2026-02-25,2,L35,Apple Reseller Indiranagar,26.736083,81.072791,09:32,9,26,31.3,1.36,low_traffic,2,5
D4,2026-02-25,2,L32,Vijay Sales Gomti Nagar,26.932172,80.908956,10:29,10,25,40.0,1.38,low_traffic,3,5
D4,2026-02-25,2,L34,Samsung Plaza Saharaganj,26.75334,81.024771,11:34,11,27,18.0,0.9,low_traffic,4,5
D4,2026-02-25,2,L40,Cables & More Faizabad Road,26.809901,80.846326,12:19,12,34,19.1,0.91,low_traffic,5,5
D4,2026-02-26,3,L35,Apple Reseller Indiranagar,26.736083,81.072791,08:07,8,28,12.5,1.39,low_traffic,1,7
D4,2026-02-26,3,L36,Lenovo Hub Rajajipuram,26.917484,80.867866,08:47,8,16,27.0,1.5,low_traffic,2,7
D4,2026-02-26,3,L31,Croma Hazratganj,26.817756,80.886751,09:30,9,32,19.3,1.38,medium_traffic,3,7
D4,2026-02-26,3,L34,Samsung Plaza Saharaganj,26.75334,81.024771,10:21,10,23,28.5,1.78,low_traffic,4,7
D4,2026-02-26,3,L33,Reliance Digital Aliganj,26.789743,80.957301,11:12,11,22,23.2,0.93,medium_traffic,5,7
D4,2026-02-26,3,L37,HP Store Mahanagar,26.718136,81.02822,11:57,11,35,30.3,1.01,low_traffic,6,7
D4,2026-02-26,3,L40,Cables & More Faizabad Road,26.809901,80.846326,13:02,13,40,23.2,1.16,low_traffic,7,7
D4,2026-02-27,4,L40,Cables & More Faizabad Road,26.809901,80.846326,08:03,8,38,29.5,1.64,low_traffic,1,8
D4,2026-02-27,4,L36,Lenovo Hub Rajajipuram,26.917484,80.867866,09:10,9,22,14.3,1.79,low_traffic,2,8
D4,2026-02-27,4,L34,Samsung Plaza Saharaganj,26.75334,81.024771,09:46,9,29,26.2,1.54,low_traffic,3,8
D4,2026-02-27,4,L35,Apple Reseller Indiranagar,26.736083,81.072791,10:41,10,29,28.1,1.34,low_traffic,4,8
D4,2026-02-27,4,L38,Boat Service Chinhat,26.900483,81.005742,11:38,11,37,23.3,0.97,low_traffic,5,8
D4,2026-02-27,4,L31,Croma Hazratganj,26.817756,80.886751,12:38,12,29,9.9,0.9,medium_traffic,6,8
D4,2026-02-27,4,L37,HP Store Mahanagar,26.718136,81.02822,13:16,13,43,19.5,1.3,low_traffic,7,8
D4,2026-02-27,4,L39,Noise Hub Golf City,26.91723,80.835452,14:18,14,15,17.6,1.26,low_traffic,8,8
D4,2026-02-28,5,L34,Samsung Plaza Saharaganj,26.75334,81.024771,09:02,9,24,20.2,1.44,low_traffic,1,5
D4,2026-02-28,5,L38,Boat Service Chinhat,26.900483,81.005742,09:46,9,38,40.8,1.51,low_traffic,2,5
D4,2026-02-28,5,L31,Croma Hazratganj,26.817756,80.886751,11:04,11,31,7.8,0.87,medium_traffic,3,5
D4,2026-02-28,5,L36,Lenovo Hub Rajajipuram,26.917484,80.867866,11:42,11,27,15.8,0.93,low_traffic,4,5
D4,2026-02-28,5,L37,HP Store Mahanagar,26.718136,81.02822,12:24,12,36,14.7,0.98,low_traffic,5,5
D4,2026-03-02,0,L36,Lenovo Hub Rajajipuram,26.917484,80.867866,09:17,9,22,53.1,1.77,low_traffic,1,7
D4,2026-03-02,0,L32,Vijay Sales Gomti Nagar,26.932172,80.908956,10:32,10,23,12.8,1.42,low_traffic,2,7
D4,2026-03-02,0,L40,Cables & More Faizabad Road,26.809901,80.846326,11:07,11,42,7.7,0.86,low_traffic,3,7
D4,2026-03-02,0,L33,Reliance Digital Aliganj,26.789743,80.957301,11:56,11,19,14.0,1.0,medium_traffic,4,7
D4,2026-03-02,0,L39,Noise Hub Golf City,26.91723,80.835452,12:29,12,9,25.4,0.94,low_traffic,5,7
D4,2026-03-02,0,L34,Samsung Plaza Saharaganj,26.75334,81.024771,13:03,13,29,19.0,1.19,low_traffic,6,7
D4,2026-03-02,0,L35,Apple Reseller Indiranagar,26.736083,81.072791,13:51,13,27,19.9,1.17,low_traffic,7,7
D4,2026-03-03,1,L34,Samsung Plaza Saharaganj,26.75334,81.024771,08:37,8,24,16.4,1.49,low_traffic,1,5
D4,2026-03-03,1,L32,Vijay Sales Gomti Nagar,26.932172,80.908956,09:17,9,22,43.5,1.61,low_traffic,2,5
D4,2026-03-03,1,L40,Cables & More Faizabad Road,26.809901,80.846326,10:22,10,35,37.0,1.32,low_traffic,3,5
D4,2026-03-03,1,L35,Apple Reseller Indiranagar,26.736083,81.072791,11:34,11,27,19.6,0.89,low_traffic,4,5
D4,2026-03-03,1,L36,Lenovo Hub Rajajipuram,26.917484,80.867866,12:20,12,25,21.5,0.86,low_traffic,5,5
D4,2026-03-04,2,L37,HP Store Mahanagar,26.718136,81.02822,09:35,9,38,41.5,1.66,low_traffic,1,7
D4,2026-03-04,2,L33,Reliance Digital Aliganj,26.789743,80.957301,10:54,10,25,38.5,1.75,medium_traffic,2,7
D4,2026-03-04,2,L39,Noise Hub Golf City,26.91723,80.835452,11:57,11,9,20.8,0.99,low_traffic,3,7
D4,2026-03-04,2,L31,Croma Hazratganj,26.817756,80.886751,12:26,12,33,22.8,0.95,medium_traffic,4,7
D4,2026-03-04,2,L32,Vijay Sales Gomti Nagar,26.932172,80.908956,13:21,13,30,16.4,1.26,low_traffic,5,7
D4,2026-03-04,2,L36,Lenovo Hub Rajajipuram,26.917484,80.867866,14:07,14,20,13.8,1.15,low_traffic,6,7
D4,2026-03-04,2,L40,Cables & More Faizabad Road,26.809901,80.846326,14:40,14,32,28.9,1.11,low_traffic,7,7
D4,2026-03-05,3,L31,Croma Hazratganj,26.817756,80.886751,09:38,9,25,18.7,1.44,medium_traffic,1,6
D4,2026-03-05,3,L40,Cables & More Faizabad Road,26.809901,80.846326,10:21,10,41,19.3,1.38,low_traffic,2,6
D4,2026-03-05,3,L33,Reliance Digital Aliganj,26.789743,80.957301,11:21,11,22,23.8,0.99,medium_traffic,3,6
D4,2026-03-05,3,L36,Lenovo Hub Rajajipuram,26.917484,80.867866,12:06,12,20,22.8,0.95,low_traffic,4,6
D4,2026-03-05,3,L35,Apple Reseller Indiranagar,26.736083,81.072791,12:48,12,30,13.7,0.91,low_traffic,5,6
D4,2026-03-05,3,L34,Samsung Plaza Saharaganj,26.75334,81.024771,13:31,13,23,31.0,1.24,low_traffic,6,6
D4,2026-03-06,4,L38,Boat Service Chinhat,26.900483,81.005742,08:41,8,43,25.1,1.79,low_traffic,1,6
D4,2026-03-06,4,L35,Apple Reseller Indiranagar,26.736083,81.072791,09:49,9,31,38.1,1.36,low_traffic,2,6
D4,2026-03-06,4,L36,Lenovo Hub Rajajipuram,26.917484,80.867866,10:58,10,21,30.8,1.62,low_traffic,3,6
D4,2026-03-06,4,L37,HP Store Mahanagar,26.718136,81.02822,11:49,11,41,26.1,0.87,low_traffic,4,6
D4,2026-03-06,4,L32,Vijay Sales Gomti Nagar,26.932172,80.908956,12:56,12,27,10.8,0.9,low_traffic,5,6
D4,2026-03-06,4,L39,Noise Hub Golf City,26.91723,80.835452,13:33,13,13,21.8,1.28,low_traffic,6,6
D4,2026-03-07,5,L35,Apple Reseller Indiranagar,26.736083,81.072791,09:41,9,36,40.0,1.43,low_traffic,1,3
D4,2026-03-07,5,L38,Boat Service Chinhat,26.900483,81.005742,10:57,10,42,22.4,1.6,low_traffic,2,3
D4,2026-03-07,5,L40,Cables & More Faizabad Road,26.809901,80.846326,12:01,12,35,14.2,0.89,low_traffic,3,3
D4,2026-03-09,0,L35,Apple Reseller Indiranagar,26.736083,81.072791,08:31,8,28,18.1,1.39,low_traffic,1,8
D4,2026-03-09,0,L32,Vijay Sales Gomti Nagar,26.932172,80.908956,09:17,9,32,32.0,1.39,low_traffic,2,8
D4,2026-03-09,0,L31,Croma Hazratganj,26.817756,80.886751,10:21,10,25,23.6,1.39,medium_traffic,3,8
D4,2026-03-09,0,L40,Cables & More Faizabad Road,26.809901,80.846326,11:09,11,38,11.8,0.91,low_traffic,4,8
D4,2026-03-09,0,L39,Noise Hub Golf City,26.91723,80.835452,11:58,11,9,13.9,0.99,low_traffic,5,8
D4,2026-03-09,0,L37,HP Store Mahanagar,26.718136,81.02822,12:20,12,36,18.5,0.88,low_traffic,6,8
D4,2026-03-09,0,L36,Lenovo Hub Rajajipuram,26.917484,80.867866,13:14,13,22,33.3,1.19,low_traffic,7,8
D4,2026-03-09,0,L34,Samsung Plaza Saharaganj,26.75334,81.024771,14:09,14,24,26.9,1.12,low_traffic,8,8
D4,2026-03-10,1,L39,Noise Hub Golf City,26.91723,80.835452,08:15,8,10,27.0,1.69,low_traffic,1,5
D4,2026-03-10,1,L38,Boat Service Chinhat,26.900483,81.005742,08:52,8,35,47.8,1.77,low_traffic,2,5
D4,2026-03-10,1,L33,Reliance Digital Aliganj,26.789743,80.957301,10:14,10,27,13.6,1.7,medium_traffic,3,5
D4,2026-03-10,1,L35,Apple Reseller Indiranagar,26.736083,81.072791,10:54,10,37,24.3,1.35,low_traffic,4,5
D4,2026-03-10,1,L36,Lenovo Hub Rajajipuram,26.917484,80.867866,11:55,11,23,10.4,0.87,low_traffic,5,5
D4,2026-03-11,2,L37,HP Store Mahanagar,26.718136,81.02822,08:01,8,41,18.8,1.71,low_traffic,1,8
D4,2026-03-11,2,L39,Noise Hub Golf City,26.91723,80.835452,09:00,9,14,34.8,1.45,low_traffic,2,8
D4,2026-03-11,2,L40,Cables & More Faizabad Road,26.809901,80.846326,09:48,9,32,20.6,1.37,low_traffic,3,8
D4,2026-03-11,2,L31,Croma Hazratganj,26.817756,80.886751,10:40,10,27,28.2,1.41,medium_traffic,4,8
D4,2026-03-11,2,L38,Boat Service Chinhat,26.900483,81.005742,11:35,11,38,15.6,0.92,low_traffic,5,8
D4,2026-03-11,2,L32,Vijay Sales Gomti Nagar,26.932172,80.908956,12:28,12,27,29.9,1.03,low_traffic,6,8
D4,2026-03-11,2,L34,Samsung Plaza Saharaganj,26.75334,81.024771,13:24,13,23,37.2,1.24,low_traffic,7,8
D4,2026-03-11,2,L36,Lenovo Hub Rajajipuram,26.917484,80.867866,14:24,14,19,13.2,1.2,low_traffic,8,8
D4,2026-03-12,3,L38,Boat Service Chinhat,26.900483,81.005742,08:11,8,44,27.2,1.51,low_traffic,1,5
D4,2026-03-12,3,L34,Samsung Plaza Saharaganj,26.75334,81.024771,09:22,9,24,29.2,1.39,low_traffic,2,5
D4,2026-03-12,3,L37,HP Store Mahanagar,26.718136,81.02822,10:15,10,37,50.8,1.75,low_traffic,3,5
D4,2026-03-12,3,L39,Noise Hub Golf City,26.91723,80.835452,11:42,11,13,16.5,0.97,low_traffic,4,5
D4,2026-03-12,3,L31,Croma Hazratganj,26.817756,80.886751,12:11,12,32,16.5,1.03,medium_traffic,5,5
D4,2026-03-13,4,L34,Samsung Plaza Saharaganj,26.75334,81.024771,09:30,9,31,18.8,1.71,low_traffic,1,7
D4,2026-03-13,4,L40,Cables & More Faizabad Road,26.809901,80.846326,10:19,10,34,24.2,1.51,low_traffic,2,7
D4,2026-03-13,4,L38,Boat Service Chinhat,26.900483,81.005742,11:17,11,37,10.4,0.87,low_traffic,3,7
D4,2026-03-13,4,L33,Reliance Digital Aliganj,26.789743,80.957301,12:04,12,20,19.0,1.0,medium_traffic,4,7
D4,2026-03-13,4,L36,Lenovo Hub Rajajipuram,26.917484,80.867866,12:43,12,27,21.8,0.95,low_traffic,5,7
D4,2026-03-13,4,L39,Noise Hub Golf City,26.91723,80.835452,13:31,13,20,34.8,1.29,low_traffic,6,7
D4,2026-03-13,4,L37,HP Store Mahanagar,26.718136,81.02822,14:25,14,45,14.8,1.23,low_traffic,7,7
D4,2026-03-14,5,L32,Vijay Sales Gomti Nagar,26.932172,80.908956,09:05,9,29,33.4,1.59,low_traffic,1,5
D4,2026-03-14,5,L31,Croma Hazratganj,26.817756,80.886751,10:07,10,37,47.7,1.59,medium_traffic,2,5
D4,2026-03-14,5,L33,Reliance Digital Aliganj,26.789743,80.957301,11:31,11,16,30.0,1.0,medium_traffic,3,5
D4,2026-03-14,5,L36,Lenovo Hub Rajajipuram,26.917484,80.867866,12:17,12,19,7.2,0.9,low_traffic,4,5
D4,2026-03-14,5,L38,Boat Service Chinhat,26.900483,81.005742,12:43,12,40,8.4,1.05,low_traffic,5,5
D4,2026-03-16,0,L34,Samsung Plaza Saharaganj,26.75334,81.024771,09:15,9,22,21.1,1.41,low_traffic,1,8
D4,2026-03-16,0,L38,Boat Service Chinhat,26.900483,81.005742,09:58,9,46,18.4,1.67,low_traffic,2,8
D4,2026-03-16,0,L35,Apple Reseller Indiranagar,26.736083,81.072791,11:02,11,37,19.8,0.99,low_traffic,3,8
D4,2026-03-16,0,L36,Lenovo Hub Rajajipuram,26.917484,80.867866,11:58,11,21,18.1,0.86,low_traffic,4,8
D4,2026-03-16,0,L39,Noise Hub Golf City,26.91723,80.835452,12:37,12,18,9.5,0.86,low_traffic,5,8
D4,2026-03-16,0,L37,HP Store Mahanagar,26.718136,81.02822,13:04,13,42,28.1,1.22,low_traffic,6,8
D4,2026-03-16,0,L40,Cables & More Faizabad Road,26.809901,80.846326,14:14,14,34,10.2,1.27,low_traffic,7,8
D4,2026-03-16,0,L31,Croma Hazratganj,26.817756,80.886751,14:58,14,28,11.7,1.17,medium_traffic,8,8
D4,2026-03-17,1,L40,Cables & More Faizabad Road,26.809901,80.846326,09:26,9,44,36.5,1.66,low_traffic,1,5
D4,2026-03-17,1,L35,Apple Reseller Indiranagar,26.736083,81.072791,10:46,10,30,13.0,1.62,low_traffic,2,5
D4,2026-03-17,1,L38,Boat Service Chinhat,26.900483,81.005742,11:29,11,45,7.8,0.87,low_traffic,3,5
D4,2026-03-17,1,L36,Lenovo Hub Rajajipuram,26.917484,80.867866,12:21,12,24,11.2,0.86,low_traffic,4,5
D4,2026-03-17,1,L34,Samsung Plaza Saharaganj,26.75334,81.024771,12:56,12,28,17.6,0.88,low_traffic,5,5
D4,2026-03-18,2,L33,Reliance Digital Aliganj,26.789743,80.957301,09:08,9,24,33.4,1.67,medium_traffic,1,8
D4,2026-03-18,2,L31,Croma Hazratganj,26.817756,80.886751,10:05,10,27,26.6,1.33,medium_traffic,2,8
D4,2026-03-18,2,L38,Boat Service Chinhat,26.900483,81.005742,10:58,10,44,42.8,1.71,low_traffic,3,8
D4,2026-03-18,2,L37,HP Store Mahanagar,26.718136,81.02822,12:24,12,40,30.6,1.02,low_traffic,4,8
D4,2026-03-18,2,L34,Samsung Plaza Saharaganj,26.75334,81.024771,13:34,13,32,33.6,1.2,low_traffic,5,8
D4,2026-03-18,2,L32,Vijay Sales Gomti Nagar,26.932172,80.908956,14:39,14,23,23.6,1.18,low_traffic,6,8
D4,2026-03-18,2,L36,Lenovo Hub Rajajipuram,26.917484,80.867866,15:25,15,26,16.3,0.86,low_traffic,7,8
D4,2026-03-18,2,L40,Cables & More Faizabad Road,26.809901,80.846326,16:07,16,33,14.9,0.93,low_traffic,8,8
D4,2026-03-19,3,L34,Samsung Plaza Saharaganj,26.75334,81.024771,08:13,8,25,27.2,1.6,low_traffic,1,5
D4,2026-03-19,3,L37,HP Store Mahanagar,26.718136,81.02822,09:05,9,33,44.2,1.58,low_traffic,2,5
D4,2026-03-19,3,L35,Apple Reseller Indiranagar,26.736083,81.072791,10:22,10,35,14.2,1.42,low_traffic,3,5
D4,2026-03-19,3,L38,Boat Service Chinhat,26.900483,81.005742,11:11,11,47,25.0,0.96,low_traffic,4,5
D4,2026-03-19,3,L33,Reliance Digital Aliganj,26.789743,80.957301,12:23,12,20,8.5,0.95,medium_traffic,5,5
D4,2026-03-20,4,L39,Noise Hub Golf City,26.91723,80.835452,09:08,9,13,18.1,1.65,low_traffic,1,5
D4,2026-03-20,4,L38,Boat Service Chinhat,26.900483,81.005742,09:39,9,36,36.0,1.5,low_traffic,2,5
D4,2026-03-20,4,L40,Cables & More Faizabad Road,26.809901,80.846326,10:51,10,32,18.6,1.55,low_traffic,3,5
D4,2026-03-20,4,L32,Vijay Sales Gomti Nagar,26.932172,80.908956,11:41,11,28,19.4,0.97,low_traffic,4,5
D4,2026-03-20,4,L34,Samsung Plaza Saharaganj,26.75334,81.024771,12:28,12,26,8.7,0.97,low_traffic,5,5
D4,2026-03-21,5,L34,Samsung Plaza Saharaganj,26.75334,81.024771,08:32,8,32,42.1,1.56,low_traffic,1,3
D4,2026-03-21,5,L37,HP Store Mahanagar,26.718136,81.02822,09:46,9,40,28.1,1.56,low_traffic,2,3
D4,2026-03-21,5,L40,Cables & More Faizabad Road,26.809901,80.846326,10:54,10,36,30.4,1.69,low_traffic,3,3
D4,2026-03-23,0,L35,Apple Reseller Indiranagar,26.736083,81.072791,08:36,8,27,37.0,1.61,low_traffic,1,7
D4,2026-03-23,0,L33,Reliance Digital Aliganj,26.789743,80.957301,09:40,9,27,20.4,1.7,medium_traffic,2,7
D4,2026-03-23,0,L38,Boat Service Chinhat,26.900483,81.005742,10:27,10,47,43.5,1.74,low_traffic,3,7
D4,2026-03-23,0,L32,Vijay Sales Gomti Nagar,26.932172,80.908956,11:57,11,28,10.1,1.01,low_traffic,4,7
D4,2026-03-23,0,L34,Samsung Plaza Saharaganj,26.75334,81.024771,12:35,12,24,15.7,0.87,low_traffic,5,7
D4,2026-03-23,0,L39,Noise Hub Golf City,26.91723,80.835452,13:14,13,9,16.8,1.29,low_traffic,6,7
D4,2026-03-23,0,L36,Lenovo Hub Rajajipuram,26.917484,80.867866,13:39,13,21,22.0,1.16,low_traffic,7,7
D4,2026-03-24,1,L40,Cables & More Faizabad Road,26.809901,80.846326,08:36,8,36,29.3,1.54,low_traffic,1,5
D4,2026-03-24,1,L31,Croma Hazratganj,26.817756,80.886751,09:41,9,35,40.5,1.5,medium_traffic,2,5
D4,2026-03-24,1,L35,Apple Reseller Indiranagar,26.736083,81.072791,10:56,10,34,25.8,1.36,low_traffic,3,5
D4,2026-03-24,1,L36,Lenovo Hub Rajajipuram,26.917484,80.867866,11:55,11,21,18.4,1.02,low_traffic,4,5
D4,2026-03-24,1,L37,HP Store Mahanagar,26.718136,81.02822,12:34,12,41,18.3,0.87,low_traffic,5,5
D4,2026-03-25,2,L37,HP Store Mahanagar,26.718136,81.02822,09:24,9,34,27.6,1.38,low_traffic,1,8
D4,2026-03-25,2,L33,Reliance Digital Aliganj,26.789743,80.957301,10:25,10,25,31.0,1.41,medium_traffic,2,8
D4,2026-03-25,2,L34,Samsung Plaza Saharaganj,26.75334,81.024771,11:21,11,29,19.1,0.87,low_traffic,3,8
D4,2026-03-25,2,L38,Boat Service Chinhat,26.900483,81.005742,12:09,12,36,21.6,0.98,low_traffic,4,8
D4,2026-03-25,2,L40,Cables & More Faizabad Road,26.809901,80.846326,13:06,13,38,12.3,1.12,low_traffic,5,8
D4,2026-03-25,2,L32,Vijay Sales Gomti Nagar,26.932172,80.908956,13:56,13,27,17.5,1.25,low_traffic,6,8
D4,2026-03-25,2,L36,Lenovo Hub Rajajipuram,26.917484,80.867866,14:40,14,21,21.1,1.17,low_traffic,7,8
D4,2026-03-25,2,L39,Noise Hub Golf City,26.91723,80.835452,15:22,15,11,24.2,1.05,low_traffic,8,8
D4,2026-03-26,3,L36,Lenovo Hub Rajajipuram,26.917484,80.867866,09:36,9,28,35.6,1.32,low_traffic,1,8
D4,2026-03-26,3,L33,Reliance Digital Aliganj,26.789743,80.957301,10:39,10,27,28.3,1.49,medium_traffic,2,8
D4,2026-03-26,3,L37,HP Store Mahanagar,26.718136,81.02822,11:34,11,36,21.6,0.94,low_traffic,3,8
D4,2026-03-26,3,L34,Samsung Plaza Saharaganj,26.75334,81.024771,12:31,12,34,6.9,0.86,low_traffic,4,8
D4,2026-03-26,3,L40,Cables & More Faizabad Road,26.809901,80.846326,13:11,13,36,19.8,1.24,low_traffic,5,8
D4,2026-03-26,3,L39,Noise Hub Golf City,26.91723,80.835452,14:06,14,10,12.3,1.23,low_traffic,6,8
D4,2026-03-26,3,L31,Croma Hazratganj,26.817756,80.886751,14:28,14,26,22.2,1.11,medium_traffic,7,8
D4,2026-03-26,3,L38,Boat Service Chinhat,26.900483,81.005742,15:16,15,42,27.3,0.91,low_traffic,8,8
D4,2026-03-27,4,L38,Boat Service Chinhat,26.900483,81.005742,08:12,8,42,30.9,1.47,low_traffic,1,8
D4,2026-03-27,4,L33,Reliance Digital Aliganj,26.789743,80.957301,09:24,9,27,46.2,1.54,medium_traffic,2,8
D4,2026-03-27,4,L37,HP Store Mahanagar,26.718136,81.02822,10:37,10,39,41.4,1.38,low_traffic,3,8
D4,2026-03-27,4,L40,Cables & More Faizabad Road,26.809901,80.846326,11:57,11,41,27.6,0.92,low_traffic,4,8
D4,2026-03-27,4,L36,Lenovo Hub Rajajipuram,26.917484,80.867866,13:05,13,24,9.4,1.18,low_traffic,5,8
D4,2026-03-27,4,L31,Croma Hazratganj,26.817756,80.886751,13:38,13,28,34.0,1.26,medium_traffic,6,8
D4,2026-03-27,4,L32,Vijay Sales Gomti Nagar,26.932172,80.908956,14:40,14,30,32.5,1.12,low_traffic,7,8
D4,2026-03-27,4,L35,Apple Reseller Indiranagar,26.736083,81.072791,15:42,15,36,17.5,0.97,low_traffic,8,8
D4,2026-03-28,5,L35,Apple Reseller Indiranagar,26.736083,81.072791,09:33,9,28,36.5,1.66,low_traffic,1,5
D4,2026-03-28,5,L40,Cables & More Faizabad Road,26.809901,80.846326,10:37,10,41,45.4,1.62,low_traffic,2,5
D4,2026-03-28,5,L39,Noise Hub Golf City,26.91723,80.835452,12:03,12,19,12.2,0.87,low_traffic,3,5
D4,2026-03-28,5,L38,Boat Service Chinhat,26.900483,81.005742,12:34,12,46,22.1,1.05,low_traffic,4,5
D4,2026-03-28,5,L37,HP Store Mahanagar,26.718136,81.02822,13:42,13,42,15.7,1.21,low_traffic,5,5
D4,2026-03-30,0,L38,Boat Service Chinhat,26.900483,81.005742,08:19,8,36,42.0,1.75,low_traffic,1,8
D4,2026-03-30,0,L33,Reliance Digital Aliganj,26.789743,80.957301,09:37,9,22,46.2,1.65,medium_traffic,2,8
D4,2026-03-30,0,L37,HP Store Mahanagar,26.718136,81.02822,10:45,10,38,28.7,1.51,low_traffic,3,8
D4,2026-03-30,0,L31,Croma Hazratganj,26.817756,80.886751,11:51,11,33,21.4,1.02,medium_traffic,4,8
D4,2026-03-30,0,L35,Apple Reseller Indiranagar,26.736083,81.072791,12:45,12,27,18.7,1.04,low_traffic,5,8
D4,2026-03-30,0,L39,Noise Hub Golf City,26.91723,80.835452,13:30,13,14,28.4,1.29,low_traffic,6,8
D4,2026-03-30,0,L32,Vijay Sales Gomti Nagar,26.932172,80.908956,14:12,14,30,29.2,1.17,low_traffic,7,8
D4,2026-03-30,0,L40,Cables & More Faizabad Road,26.809901,80.846326,15:11,15,38,18.5,0.88,low_traffic,8,8
D4,2026-03-31,1,L34,Samsung Plaza Saharaganj,26.75334,81.024771,08:31,8,30,45.1,1.67,low_traffic,1,7
D4,2026-03-31,1,L38,Boat Service Chinhat,26.900483,81.005742,09:46,9,43,29.7,1.35,low_traffic,2,7
D4,2026-03-31,1,L33,Reliance Digital Aliganj,26.789743,80.957301,10:58,10,25,14.3,1.59,medium_traffic,3,7
D4,2026-03-31,1,L39,Noise Hub Golf City,26.91723,80.835452,11:37,11,11,19.1,0.91,low_traffic,4,7
D4,2026-03-31,1,L36,Lenovo Hub Rajajipuram,26.917484,80.867866,12:07,12,24,19.6,0.89,low_traffic,5,7
D4,2026-03-31,1,L40,Cables & More Faizabad Road,26.809901,80.846326,12:50,12,39,13.0,0.93,low_traffic,6,7
D4,2026-03-31,1,L31,Croma Hazratganj,26.817756,80.886751,13:42,13,37,24.5,1.29,medium_traffic,7,7
D4,2026-04-01,2,L38,Boat Service Chinhat,26.900483,81.005742,09:26,9,41,13.1,1.64,low_traffic,1,8
D4,2026-04-01,2,L34,Samsung Plaza Saharaganj,26.75334,81.024771,10:20,10,24,10.6,1.32,low_traffic,2,8
D4,2026-04-01,2,L36,Lenovo Hub Rajajipuram,26.917484,80.867866,10:54,10,27,40.8,1.7,low_traffic,3,8
D4,2026-04-01,2,L39,Noise Hub Golf City,26.91723,80.835452,12:01,12,10,17.5,0.97,low_traffic,4,8
D4,2026-04-01,2,L35,Apple Reseller Indiranagar,26.736083,81.072791,12:28,12,29,21.8,1.04,low_traffic,5,8
D4,2026-04-01,2,L32,Vijay Sales Gomti Nagar,26.932172,80.908956,13:18,13,24,24.2,1.21,low_traffic,6,8
D4,2026-04-01,2,L33,Reliance Digital Aliganj,26.789743,80.957301,14:06,14,15,24.4,1.22,medium_traffic,7,8
D4,2026-04-01,2,L31,Croma Hazratganj,26.817756,80.886751,14:45,14,31,32.8,1.26,medium_traffic,8,8
D4,2026-04-02,3,L36,Lenovo Hub Rajajipuram,26.917484,80.867866,08:32,8,28,35.4,1.36,low_traffic,1,6
D4,2026-04-02,3,L38,Boat Service Chinhat,26.900483,81.005742,09:35,9,39,42.0,1.5,low_traffic,2,6
D4,2026-04-02,3,L31,Croma Hazratganj,26.817756,80.886751,10:56,10,30,22.4,1.72,medium_traffic,3,6
D4,2026-04-02,3,L34,Samsung Plaza Saharaganj,26.75334,81.024771,11:48,11,22,8.9,0.89,low_traffic,4,6
D4,2026-04-02,3,L32,Vijay Sales Gomti Nagar,26.932172,80.908956,12:18,12,33,26.3,0.94,low_traffic,5,6
D4,2026-04-02,3,L35,Apple Reseller Indiranagar,26.736083,81.072791,13:17,13,35,9.8,1.22,low_traffic,6,6
D4,2026-04-03,4,L38,Boat Service Chinhat,26.900483,81.005742,08:15,8,39,24.4,1.63,low_traffic,1,5
D4,2026-04-03,4,L35,Apple Reseller Indiranagar,26.736083,81.072791,09:18,9,37,21.0,1.4,low_traffic,2,5
D4,2026-04-03,4,L33,Reliance Digital Aliganj,26.789743,80.957301,10:16,10,27,33.8,1.69,medium_traffic,3,5
D4,2026-04-03,4,L34,Samsung Plaza Saharaganj,26.75334,81.024771,11:16,11,26,8.1,0.9,low_traffic,4,5
D4,2026-04-03,4,L32,Vijay Sales Gomti Nagar,26.932172,80.908956,11:50,11,31,10.4,0.87,low_traffic,5,5
D4,2026-04-04,5,L33,Reliance Digital Aliganj,26.789743,80.957301,09:11,9,20,31.1,1.35,medium_traffic,1,3
D4,2026-04-04,5,L38,Boat Service Chinhat,26.900483,81.005742,10:02,10,41,24.6,1.76,low_traffic,2,3
D4,2026-04-04,5,L37,HP Store Mahanagar,26.718136,81.02822,11:07,11,39,7.0,0.87,low_traffic,3,3
D4,2026-04-06,0,L31,Croma Hazratganj,26.817756,80.886751,08:11,8,35,18.8,1.45,medium_traffic,1,5
D4,2026-04-06,0,L39,Noise Hub Golf City,26.91723,80.835452,09:04,9,8,42.7,1.58,low_traffic,2,5
D4,2026-04-06,0,L35,Apple Reseller Indiranagar,26.736083,81.072791,09:54,9,31,24.5,1.36,low_traffic,3,5
D4,2026-04-06,0,L33,Reliance Digital Aliganj,26.789743,80.957301,10:49,10,24,41.6,1.54,medium_traffic,4,5
D4,2026-04-06,0,L37,HP Store Mahanagar,26.718136,81.02822,11:54,11,41,12.5,0.96,low_traffic,5,5
D4,2026-04-07,1,L33,Reliance Digital Aliganj,26.789743,80.957301,08:13,8,18,15.7,1.31,medium_traffic,1,7
D4,2026-04-07,1,L39,Noise Hub Golf City,26.91723,80.835452,08:46,8,10,40.2,1.34,low_traffic,2,7
D4,2026-04-07,1,L36,Lenovo Hub Rajajipuram,26.917484,80.867866,09:36,9,19,32.9,1.43,low_traffic,3,7
D4,2026-04-07,1,L40,Cables & More Faizabad Road,26.809901,80.846326,10:27,10,43,33.8,1.78,low_traffic,4,7
D4,2026-04-07,1,L37,HP Store Mahanagar,26.718136,81.02822,11:43,11,40,16.3,0.96,low_traffic,5,7
D4,2026-04-07,1,L38,Boat Service Chinhat,26.900483,81.005742,12:39,12,41,23.0,1.0,low_traffic,6,7
D4,2026-04-07,1,L35,Apple Reseller Indiranagar,26.736083,81.072791,13:43,13,29,24.0,1.2,low_traffic,7,7
D4,2026-04-08,2,L32,Vijay Sales Gomti Nagar,26.932172,80.908956,09:27,9,30,36.5,1.74,low_traffic,1,7
D4,2026-04-08,2,L37,HP Store Mahanagar,26.718136,81.02822,10:33,10,42,30.1,1.67,low_traffic,2,7
D4,2026-04-08,2,L36,Lenovo Hub Rajajipuram,26.917484,80.867866,11:45,11,22,17.4,0.87,low_traffic,3,7
D4,2026-04-08,2,L40,Cables & More Faizabad Road,26.809901,80.846326,12:24,12,37,16.9,0.89,low_traffic,4,7
D4,2026-04-08,2,L38,Boat Service Chinhat,26.900483,81.005742,13:17,13,42,12.8,1.28,low_traffic,5,7
D4,2026-04-08,2,L31,Croma Hazratganj,26.817756,80.886751,14:11,14,33,10.2,1.13,medium_traffic,6,7
D4,2026-04-08,2,L39,Noise Hub Golf City,26.91723,80.835452,14:54,14,12,24.1,1.15,low_traffic,7,7
D4,2026-04-09,3,L36,Lenovo Hub Rajajipuram,26.917484,80.867866,08:13,8,18,31.0,1.63,low_traffic,1,7
D4,2026-04-09,3,L39,Noise Hub Golf City,26.91723,80.835452,09:02,9,8,18.6,1.69,low_traffic,2,7
D4,2026-04-09,3,L35,Apple Reseller Indiranagar,26.736083,81.072791,09:28,9,37,11.7,1.46,low_traffic,3,7
D4,2026-04-09,3,L40,Cables & More Faizabad Road,26.809901,80.846326,10:16,10,41,32.1,1.46,low_traffic,4,7
D4,2026-04-09,3,L34,Samsung Plaza Saharaganj,26.75334,81.024771,11:29,11,30,15.2,1.01,low_traffic,5,7
D4,2026-04-09,3,L33,Reliance Digital Aliganj,26.789743,80.957301,12:14,12,24,14.6,0.86,medium_traffic,6,7
D4,2026-04-09,3,L38,Boat Service Chinhat,26.900483,81.005742,12:52,12,36,12.5,0.89,low_traffic,7,7
D4,2026-04-10,4,L39,Noise Hub Golf City,26.91723,80.835452,08:31,8,14,24.8,1.55,low_traffic,1,7
D4,2026-04-10,4,L38,Boat Service Chinhat,26.900483,81.005742,09:09,9,37,29.9,1.36,low_traffic,2,7
D4,2026-04-10,4,L31,Croma Hazratganj,26.817756,80.886751,10:15,10,31,41.6,1.6,medium_traffic,3,7
D4,2026-04-10,4,L35,Apple Reseller Indiranagar,26.736083,81.072791,11:27,11,30,7.2,0.9,low_traffic,4,7
D4,2026-04-10,4,L33,Reliance Digital Aliganj,26.789743,80.957301,12:04,12,15,22.1,0.85,medium_traffic,5,7
D4,2026-04-10,4,L34,Samsung Plaza Saharaganj,26.75334,81.024771,12:41,12,24,17.5,1.03,low_traffic,6,7
D4,2026-04-10,4,L36,Lenovo Hub Rajajipuram,26.917484,80.867866,13:22,13,16,25.4,1.27,low_traffic,7,7
D4,2026-04-11,5,L33,Reliance Digital Aliganj,26.789743,80.957301,09:17,9,21,27.7,1.46,medium_traffic,1,5
D4,2026-04-11,5,L32,Vijay Sales Gomti Nagar,26.932172,80.908956,10:05,10,28,24.1,1.34,low_traffic,2,5
D4,2026-04-11,5,L35,Apple Reseller Indiranagar,26.736083,81.072791,10:57,10,30,32.2,1.61,low_traffic,3,5
D4,2026-04-11,5,L34,Samsung Plaza Saharaganj,26.75334,81.024771,11:59,11,29,21.8,0.99,low_traffic,4,5
D4,2026-04-11,5,L37,HP Store Mahanagar,26.718136,81.02822,12:49,12,38,11.2,1.02,low_traffic,5,5
D4,2026-04-13,0,L39,Noise Hub Golf City,26.91723,80.835452,08:10,8,16,25.5,1.34,low_traffic,1,5
D4,2026-04-13,0,L33,Reliance Digital Aliganj,26.789743,80.957301,08:51,8,15,53.7,1.79,medium_traffic,2,5
D4,2026-04-13,0,L35,Apple Reseller Indiranagar,26.736083,81.072791,09:59,9,27,12.9,1.43,low_traffic,3,5
D4,2026-04-13,0,L36,Lenovo Hub Rajajipuram,26.917484,80.867866,10:38,10,17,22.4,1.32,low_traffic,4,5
D4,2026-04-13,0,L32,Vijay Sales Gomti Nagar,26.932172,80.908956,11:17,11,30,27.0,0.9,low_traffic,5,5
D4,2026-04-14,1,L38,Boat Service Chinhat,26.900483,81.005742,09:40,9,43,16.7,1.52,low_traffic,1,8
D4,2026-04-14,1,L37,HP Store Mahanagar,26.718136,81.02822,10:39,10,40,40.6,1.56,low_traffic,2,8
D4,2026-04-14,1,L36,Lenovo Hub Rajajipuram,26.917484,80.867866,11:59,11,21,15.7,0.98,low_traffic,3,8
D4,2026-04-14,1,L32,Vijay Sales Gomti Nagar,26.932172,80.908956,12:35,12,24,23.0,1.0,low_traffic,4,8
D4,2026-04-14,1,L31,Croma Hazratganj,26.817756,80.886751,13:22,13,36,19.0,1.12,medium_traffic,5,8
D4,2026-04-14,1,L34,Samsung Plaza Saharaganj,26.75334,81.024771,14:17,14,25,28.0,1.12,low_traffic,6,8
D4,2026-04-14,1,L40,Cables & More Faizabad Road,26.809901,80.846326,15:10,15,43,13.7,0.98,low_traffic,7,8
D4,2026-04-14,1,L39,Noise Hub Golf City,26.91723,80.835452,16:06,16,8,20.0,0.87,low_traffic,8,8
D4,2026-04-15,2,L33,Reliance Digital Aliganj,26.789743,80.957301,08:37,8,20,40.3,1.68,medium_traffic,1,6
D4,2026-04-15,2,L35,Apple Reseller Indiranagar,26.736083,81.072791,09:37,9,37,28.6,1.68,low_traffic,2,6
D4,2026-04-15,2,L40,Cables & More Faizabad Road,26.809901,80.846326,10:42,10,40,18.4,1.53,low_traffic,3,6
D4,2026-04-15,2,L36,Lenovo Hub Rajajipuram,26.917484,80.867866,11:40,11,19,10.4,0.87,low_traffic,4,6
D4,2026-04-15,2,L32,Vijay Sales Gomti Nagar,26.932172,80.908956,12:09,12,28,20.6,1.03,low_traffic,5,6
D4,2026-04-15,2,L39,Noise Hub Golf City,26.91723,80.835452,12:57,12,11,24.5,1.02,low_traffic,6,6
D4,2026-04-16,3,L38,Boat Service Chinhat,26.900483,81.005742,08:07,8,37,31.2,1.42,low_traffic,1,8
D4,2026-04-16,3,L36,Lenovo Hub Rajajipuram,26.917484,80.867866,09:15,9,26,32.9,1.43,low_traffic,2,8
D4,2026-04-16,3,L37,HP Store Mahanagar,26.718136,81.02822,10:13,10,37,29.8,1.57,low_traffic,3,8
D4,2026-04-16,3,L31,Croma Hazratganj,26.817756,80.886751,11:19,11,26,21.8,0.87,medium_traffic,4,8
D4,2026-04-16,3,L33,Reliance Digital Aliganj,26.789743,80.957301,12:06,12,17,12.9,0.92,medium_traffic,5,8
D4,2026-04-16,3,L39,Noise Hub Golf City,26.91723,80.835452,12:35,12,16,19.5,0.93,low_traffic,6,8
D4,2026-04-16,3,L40,Cables & More Faizabad Road,26.809901,80.846326,13:10,13,36,25.7,1.17,low_traffic,7,8
D4,2026-04-16,3,L35,Apple Reseller Indiranagar,26.736083,81.072791,14:11,14,36,10.5,1.17,low_traffic,8,8
D4,2026-04-17,4,L31,Croma Hazratganj,26.817756,80.886751,09:06,9,28,45.9,1.64,medium_traffic,1,8
D4,2026-04-17,4,L38,Boat Service Chinhat,26.900483,81.005742,10:19,10,36,26.7,1.78,low_traffic,2,8
D4,2026-04-17,4,L36,Lenovo Hub Rajajipuram,26.917484,80.867866,11:21,11,25,7.7,0.86,low_traffic,3,8
D4,2026-04-17,4,L33,Reliance Digital Aliganj,26.789743,80.957301,11:53,11,23,9.0,0.9,medium_traffic,4,8
D4,2026-04-17,4,L40,Cables & More Faizabad Road,26.809901,80.846326,12:25,12,41,13.1,0.87,low_traffic,5,8
D4,2026-04-17,4,L39,Noise Hub Golf City,26.91723,80.835452,13:19,13,14,24.8,1.24,low_traffic,6,8
D4,2026-04-17,4,L32,Vijay Sales Gomti Nagar,26.932172,80.908956,13:57,13,32,17.7,1.18,low_traffic,7,8
D4,2026-04-17,4,L35,Apple Reseller Indiranagar,26.736083,81.072791,14:46,14,30,37.8,1.26,low_traffic,8,8
D4,2026-04-18,5,L32,Vijay Sales Gomti Nagar,26.932172,80.908956,08:11,8,30,46.5,1.55,low_traffic,1,4
D4,2026-04-18,5,L31,Croma Hazratganj,26.817756,80.886751,09:27,9,36,26.2,1.54,medium_traffic,2,4
D4,2026-04-18,5,L38,Boat Service Chinhat,26.900483,81.005742,10:29,10,45,25.6,1.42,low_traffic,3,4
D4,2026-04-18,5,L35,Apple Reseller Indiranagar,26.736083,81.072791,11:39,11,31,11.2,0.86,low_traffic,4,4
D4,2026-04-20,0,L36,Lenovo Hub Rajajipuram,26.917484,80.867866,08:43,8,25,13.4,1.68,low_traffic,1,8
D4,2026-04-20,0,L35,Apple Reseller Indiranagar,26.736083,81.072791,09:21,9,35,34.0,1.48,low_traffic,2,8
D4,2026-04-20,0,L37,HP Store Mahanagar,26.718136,81.02822,10:30,10,40,19.5,1.3,low_traffic,3,8
D4,2026-04-20,0,L32,Vijay Sales Gomti Nagar,26.932172,80.908956,11:29,11,30,7.0,0.87,low_traffic,4,8
D4,2026-04-20,0,L39,Noise Hub Golf City,26.91723,80.835452,12:06,12,11,16.8,0.99,low_traffic,5,8
D4,2026-04-20,0,L40,Cables & More Faizabad Road,26.809901,80.846326,12:33,12,44,12.5,0.96,low_traffic,6,8
D4,2026-04-20,0,L34,Samsung Plaza Saharaganj,26.75334,81.024771,13:29,13,23,12.4,1.13,low_traffic,7,8
D4,2026-04-20,0,L38,Boat Service Chinhat,26.900483,81.005742,14:04,14,42,20.9,1.16,low_traffic,8,8
D4,2026-04-21,1,L37,HP Store Mahanagar,26.718136,81.02822,09:19,9,45,39.8,1.66,low_traffic,1,8
D4,2026-04-21,1,L31,Croma Hazratganj,26.817756,80.886751,10:43,10,32,44.0,1.63,medium_traffic,2,8
D4,2026-04-21,1,L32,Vijay Sales Gomti Nagar,26.932172,80.908956,11:59,11,29,25.2,0.87,low_traffic,3,8
D4,2026-04-21,1,L38,Boat Service Chinhat,26.900483,81.005742,12:53,12,37,8.0,1.0,low_traffic,4,8
D4,2026-04-21,1,L33,Reliance Digital Aliganj,26.789743,80.957301,13:38,13,25,19.5,1.3,medium_traffic,5,8
D4,2026-04-21,1,L34,Samsung Plaza Saharaganj,26.75334,81.024771,14:22,14,29,24.7,1.3,low_traffic,6,8
D4,2026-04-21,1,L40,Cables & More Faizabad Road,26.809901,80.846326,15:15,15,43,22.4,0.86,low_traffic,7,8
D4,2026-04-21,1,L35,Apple Reseller Indiranagar,26.736083,81.072791,16:20,16,31,20.8,0.99,low_traffic,8,8
D4,2026-04-22,2,L40,Cables & More Faizabad Road,26.809901,80.846326,09:43,9,38,26.5,1.47,low_traffic,1,6
D4,2026-04-22,2,L38,Boat Service Chinhat,26.900483,81.005742,10:47,10,39,25.4,1.59,low_traffic,2,6
D4,2026-04-22,2,L35,Apple Reseller Indiranagar,26.736083,81.072791,11:51,11,34,23.1,0.89,low_traffic,3,6
D4,2026-04-22,2,L39,Noise Hub Golf City,26.91723,80.835452,12:48,12,9,26.7,0.99,low_traffic,4,6
D4,2026-04-22,2,L33,Reliance Digital Aliganj,26.789743,80.957301,13:23,13,24,26.2,1.19,medium_traffic,5,6
D4,2026-04-22,2,L31,Croma Hazratganj,26.817756,80.886751,14:13,14,29,24.5,1.29,medium_traffic,6,6
D4,2026-04-23,3,L35,Apple Reseller Indiranagar,26.736083,81.072791,09:31,9,26,24.5,1.44,low_traffic,1,5
D4,2026-04-23,3,L40,Cables & More Faizabad Road,26.809901,80.846326,10:21,10,36,21.4,1.53,low_traffic,2,5
D4,2026-04-23,3,L37,HP Store Mahanagar,26.718136,81.02822,11:18,11,33,11.2,1.02,low_traffic,3,5
D4,2026-04-23,3,L39,Noise Hub Golf City,26.91723,80.835452,12:02,12,14,7.6,0.95,low_traffic,4,5
D4,2026-04-23,3,L32,Vijay Sales Gomti Nagar,26.932172,80.908956,12:23,12,21,7.4,0.92,low_traffic,5,5
D4,2026-04-24,4,L40,Cables & More Faizabad Road,26.809901,80.846326,08:12,8,36,15.2,1.52,low_traffic,1,7
D4,2026-04-24,4,L34,Samsung Plaza Saharaganj,26.75334,81.024771,09:03,9,27,32.4,1.41,low_traffic,2,7
D4,2026-04-24,4,L31,Croma Hazratganj,26.817756,80.886751,10:02,10,35,41.2,1.42,medium_traffic,3,7
D4,2026-04-24,4,L32,Vijay Sales Gomti Nagar,26.932172,80.908956,11:18,11,22,18.6,0.93,low_traffic,4,7
D4,2026-04-24,4,L39,Noise Hub Golf City,26.91723,80.835452,11:58,11,17,17.5,1.03,low_traffic,5,7
D4,2026-04-24,4,L38,Boat Service Chinhat,26.900483,81.005742,12:32,12,41,23.7,0.91,low_traffic,6,7
D4,2026-04-24,4,L37,HP Store Mahanagar,26.718136,81.02822,13:36,13,45,22.3,1.24,low_traffic,7,7
D4,2026-04-25,5,L31,Croma Hazratganj,26.817756,80.886751,08:19,8,32,44.2,1.58,medium_traffic,1,5
D4,2026-04-25,5,L40,Cables & More Faizabad Road,26.809901,80.846326,09:35,9,44,31.4,1.57,low_traffic,2,5
D4,2026-04-25,5,L36,Lenovo Hub Rajajipuram,26.917484,80.867866,10:50,10,17,36.5,1.74,low_traffic,3,5
D4,2026-04-25,5,L37,HP Store Mahanagar,26.718136,81.02822,11:43,11,44,19.4,0.88,low_traffic,4,5
D4,2026-04-25,5,L38,Boat Service Chinhat,26.900483,81.005742,12:46,12,46,26.4,0.91,low_traffic,5,5
D4,2026-04-27,0,L32,Vijay Sales Gomti Nagar,26.932172,80.908956,09:05,9,25,45.4,1.68,low_traffic,1,7
D4,2026-04-27,0,L33,Reliance Digital Aliganj,26.789743,80.957301,10:15,10,23,43.9,1.69,medium_traffic,2,7
D4,2026-04-27,0,L31,Croma Hazratganj,26.817756,80.886751,11:21,11,33,24.8,0.92,medium_traffic,3,7
D4,2026-04-27,0,L35,Apple Reseller Indiranagar,26.736083,81.072791,12:18,12,26,17.5,1.03,low_traffic,4,7
D4,2026-04-27,0,L39,Noise Hub Golf City,26.91723,80.835452,13:01,13,10,25.0,1.25,low_traffic,5,7
D4,2026-04-27,0,L40,Cables & More Faizabad Road,26.809901,80.846326,13:36,13,39,9.4,1.18,low_traffic,6,7
D4,2026-04-27,0,L34,Samsung Plaza Saharaganj,26.75334,81.024771,14:24,14,29,30.2,1.26,low_traffic,7,7
D4,2026-04-28,1,L40,Cables & More Faizabad Road,26.809901,80.846326,09:36,9,32,27.7,1.54,low_traffic,1,5
D4,2026-04-28,1,L38,Boat Service Chinhat,26.900483,81.005742,10:35,10,45,35.4,1.36,low_traffic,2,5
D4,2026-04-28,1,L34,Samsung Plaza Saharaganj,26.75334,81.024771,11:55,11,22,28.5,0.95,low_traffic,3,5
D4,2026-04-28,1,L33,Reliance Digital Aliganj,26.789743,80.957301,12:45,12,17,23.8,0.99,medium_traffic,4,5
D4,2026-04-28,1,L39,Noise Hub Golf City,26.91723,80.835452,13:25,13,10,27.8,1.21,low_traffic,5,5
D4,2026-04-29,2,L38,Boat Service Chinhat,26.900483,81.005742,08:09,8,43,17.6,1.6,low_traffic,1,6
D4,2026-04-29,2,L40,Cables & More Faizabad Road,26.809901,80.846326,09:09,9,33,18.9,1.35,low_traffic,2,6
D4,2026-04-29,2,L37,HP Store Mahanagar,26.718136,81.02822,10:00,10,40,37.0,1.54,low_traffic,3,6
D4,2026-04-29,2,L32,Vijay Sales Gomti Nagar,26.932172,80.908956,11:17,11,25,10.2,0.93,low_traffic,4,6
D4,2026-04-29,2,L34,Samsung Plaza Saharaganj,26.75334,81.024771,11:52,11,25,12.1,0.93,low_traffic,5,6
D4,2026-04-29,2,L31,Croma Hazratganj,26.817756,80.886751,12:29,12,29,25.5,1.02,medium_traffic,6,6
D4,2026-04-30,3,L34,Samsung Plaza Saharaganj,26.75334,81.024771,08:32,8,25,41.8,1.67,low_traffic,1,8
D4,2026-04-30,3,L33,Reliance Digital Aliganj,26.789743,80.957301,09:38,9,19,26.2,1.54,medium_traffic,2,8
D4,2026-04-30,3,L35,Apple Reseller Indiranagar,26.736083,81.072791,10:23,10,33,42.4,1.63,low_traffic,3,8
D4,2026-04-30,3,L38,Boat Service Chinhat,26.900483,81.005742,11:38,11,41,14.7,0.92,low_traffic,4,8
D4,2026-04-30,3,L31,Croma Hazratganj,26.817756,80.886751,12:33,12,32,10.2,0.93,medium_traffic,5,8
D4,2026-04-30,3,L36,Lenovo Hub Rajajipuram,26.917484,80.867866,13:15,13,18,24.8,1.18,low_traffic,6,8
D4,2026-04-30,3,L39,Noise Hub Golf City,26.91723,80.835452,13:57,13,9,24.4,1.11,low_traffic,7,8
D4,2026-04-30,3,L37,HP Store Mahanagar,26.718136,81.02822,14:30,14,42,9.7,1.21,low_traffic,8,8
D5,2026-01-02,4,L47,Manyavar Mahanagar,26.914504,80.962132,08:22,8,15,37.2,1.55,medium_traffic,1,7
D5,2026-01-02,4,L49,Bata Showroom Golf City,26.852611,80.927361,09:14,9,40,44.1,1.47,high_traffic,2,7
D5,2026-01-02,4,L46,Pantaloons Rajajipuram,26.747795,81.001644,10:38,10,18,15.0,1.5,low_traffic,3,7
D5,2026-01-02,4,L45,Zudio Indiranagar,26.947375,80.938976,11:11,11,28,18.6,0.98,low_traffic,4,7
D5,2026-01-02,4,L44,Max Fashion Saharaganj,26.906398,80.981965,11:57,11,28,17.8,0.99,medium_traffic,5,7
D5,2026-01-02,4,L42,Westside Gomti Nagar,26.802733,80.832725,12:42,12,17,11.9,0.99,low_traffic,6,7
D5,2026-01-02,4,L43,Lifestyle Store Aliganj,26.797555,80.900748,13:10,13,34,36.5,1.26,medium_traffic,7,7
D5,2026-01-03,5,L49,Bata Showroom Golf City,26.852611,80.927361,09:37,9,33,32.2,1.61,high_traffic,1,4
D5,2026-01-03,5,L46,Pantaloons Rajajipuram,26.747795,81.001644,10:42,10,19,17.2,1.32,low_traffic,2,4
D5,2026-01-03,5,L41,Fabindia Hazratganj,26.941107,80.978258,11:18,11,40,9.6,0.87,low_traffic,3,4
D5,2026-01-03,5,L43,Lifestyle Store Aliganj,26.797555,80.900748,12:07,12,35,23.9,1.04,medium_traffic,4,4
D5,2026-01-05,0,L48,Raymond Shop Chinhat,26.917151,80.944587,08:02,8,21,17.2,1.72,medium_traffic,1,6
D5,2026-01-05,0,L49,Bata Showroom Golf City,26.852611,80.927361,08:40,8,42,45.4,1.68,high_traffic,2,6
D5,2026-01-05,0,L45,Zudio Indiranagar,26.947375,80.938976,10:07,10,23,22.4,1.72,low_traffic,3,6
D5,2026-01-05,0,L41,Fabindia Hazratganj,26.941107,80.978258,10:52,10,39,29.7,1.35,low_traffic,4,6
D5,2026-01-05,0,L47,Manyavar Mahanagar,26.914504,80.962132,12:00,12,21,24.6,0.88,medium_traffic,5,6
D5,2026-01-05,0,L50,Sports Station Faizabad Road,26.723309,80.844252,12:45,12,22,13.4,0.96,low_traffic,6,6
D5,2026-01-06,1,L49,Bata Showroom Golf City,26.852611,80.927361,08:37,8,33,38.0,1.31,high_traffic,1,8
D5,2026-01-06,1,L41,Fabindia Hazratganj,26.941107,80.978258,09:48,9,33,16.8,1.4,low_traffic,2,8
D5,2026-01-06,1,L43,Lifestyle Store Aliganj,26.797555,80.900748,10:37,10,39,31.1,1.48,medium_traffic,3,8
D5,2026-01-06,1,L50,Sports Station Faizabad Road,26.723309,80.844252,11:47,11,23,9.6,0.96,low_traffic,4,8
D5,2026-01-06,1,L47,Manyavar Mahanagar,26.914504,80.962132,12:19,12,20,24.9,0.89,medium_traffic,5,8
D5,2026-01-06,1,L46,Pantaloons Rajajipuram,26.747795,81.001644,13:03,13,25,16.8,1.2,low_traffic,6,8
D5,2026-01-06,1,L42,Westside Gomti Nagar,26.802733,80.832725,13:44,13,18,30.5,1.27,low_traffic,7,8
D5,2026-01-06,1,L44,Max Fashion Saharaganj,26.906398,80.981965,14:32,14,23,29.2,1.17,medium_traffic,8,8
D5,2026-01-07,2,L43,Lifestyle Store Aliganj,26.797555,80.900748,08:07,8,39,14.0,1.55,medium_traffic,1,5
D5,2026-01-07,2,L42,Westside Gomti Nagar,26.802733,80.832725,09:00,9,16,12.6,1.57,low_traffic,2,5
D5,2026-01-07,2,L44,Max Fashion Saharaganj,26.906398,80.981965,09:28,9,25,29.1,1.71,medium_traffic,3,5
D5,2026-01-07,2,L46,Pantaloons Rajajipuram,26.747795,81.001644,10:22,10,17,28.5,1.5,low_traffic,4,5
D5,2026-01-07,2,L45,Zudio Indiranagar,26.947375,80.938976,11:07,11,22,13.3,1.02,low_traffic,5,5
D5,2026-01-08,3,L47,Manyavar Mahanagar,26.914504,80.962132,09:41,9,18,23.6,1.31,medium_traffic,1,5
D5,2026-01-08,3,L42,Westside Gomti Nagar,26.802733,80.832725,10:22,10,25,25.7,1.43,low_traffic,2,5
D5,2026-01-08,3,L43,Lifestyle Store Aliganj,26.797555,80.900748,11:12,11,38,12.0,0.86,medium_traffic,3,5
D5,2026-01-08,3,L46,Pantaloons Rajajipuram,26.747795,81.001644,12:02,12,28,18.2,1.01,low_traffic,4,5
D5,2026-01-08,3,L41,Fabindia Hazratganj,26.941107,80.978258,12:48,12,36,8.8,0.98,low_traffic,5,5
D5,2026-01-09,4,L48,Raymond Shop Chinhat,26.917151,80.944587,08:17,8,14,18.3,1.66,medium_traffic,1,8
D5,2026-01-09,4,L50,Sports Station Faizabad Road,26.723309,80.844252,08:49,8,28,23.2,1.55,low_traffic,2,8
D5,2026-01-09,4,L43,Lifestyle Store Aliganj,26.797555,80.900748,09:40,9,34,34.0,1.48,medium_traffic,3,8
D5,2026-01-09,4,L47,Manyavar Mahanagar,26.914504,80.962132,10:48,10,12,25.3,1.69,medium_traffic,4,8
D5,2026-01-09,4,L45,Zudio Indiranagar,26.947375,80.938976,11:25,11,30,8.3,1.04,low_traffic,5,8
D5,2026-01-09,4,L44,Max Fashion Saharaganj,26.906398,80.981965,12:03,12,29,14.1,1.01,medium_traffic,6,8
D5,2026-01-09,4,L49,Bata Showroom Golf City,26.852611,80.927361,12:46,12,42,19.4,0.97,high_traffic,7,8
D5,2026-01-09,4,L46,Pantaloons Rajajipuram,26.747795,81.001644,13:47,13,24,9.9,1.24,low_traffic,8,8
D5,2026-01-10,5,L48,Raymond Shop Chinhat,26.917151,80.944587,08:28,8,19,36.7,1.36,medium_traffic,1,4
D5,2026-01-10,5,L50,Sports Station Faizabad Road,26.723309,80.844252,09:23,9,24,26.6,1.48,low_traffic,2,4
D5,2026-01-10,5,L43,Lifestyle Store Aliganj,26.797555,80.900748,10:13,10,33,26.4,1.76,medium_traffic,3,4
D5,2026-01-10,5,L45,Zudio Indiranagar,26.947375,80.938976,11:12,11,21,7.0,0.87,low_traffic,4,4
D5,2026-01-12,0,L45,Zudio Indiranagar,26.947375,80.938976,08:28,8,23,12.5,1.39,low_traffic,1,8
D5,2026-01-12,0,L43,Lifestyle Store Aliganj,26.797555,80.900748,09:03,9,33,41.2,1.47,medium_traffic,2,8
D5,2026-01-12,0,L44,Max Fashion Saharaganj,26.906398,80.981965,10:17,10,30,21.6,1.8,medium_traffic,3,8
D5,2026-01-12,0,L48,Raymond Shop Chinhat,26.917151,80.944587,11:08,11,15,27.0,0.93,medium_traffic,4,8
D5,2026-01-12,0,L42,Westside Gomti Nagar,26.802733,80.832725,11:50,11,17,9.8,0.98,low_traffic,5,8
D5,2026-01-12,0,L46,Pantaloons Rajajipuram,26.747795,81.001644,12:16,12,23,14.6,1.04,low_traffic,6,8
D5,2026-01-12,0,L47,Manyavar Mahanagar,26.914504,80.962132,12:53,12,15,18.8,0.99,medium_traffic,7,8
D5,2026-01-12,0,L50,Sports Station Faizabad Road,26.723309,80.844252,13:26,13,23,20.2,1.19,low_traffic,8,8
D5,2026-01-13,1,L47,Manyavar Mahanagar,26.914504,80.962132,09:45,9,16,40.9,1.78,medium_traffic,1,7
D5,2026-01-13,1,L42,Westside Gomti Nagar,26.802733,80.832725,10:41,10,21,16.1,1.34,low_traffic,2,7
D5,2026-01-13,1,L50,Sports Station Faizabad Road,26.723309,80.844252,11:18,11,21,22.5,0.9,low_traffic,3,7
D5,2026-01-13,1,L41,Fabindia Hazratganj,26.941107,80.978258,12:01,12,33,10.4,0.87,low_traffic,4,7
D5,2026-01-13,1,L48,Raymond Shop Chinhat,26.917151,80.944587,12:44,12,21,31.5,1.05,medium_traffic,5,7
D5,2026-01-13,1,L46,Pantaloons Rajajipuram,26.747795,81.001644,13:36,13,17,27.1,1.23,low_traffic,6,7
D5,2026-01-13,1,L43,Lifestyle Store Aliganj,26.797555,80.900748,14:20,14,34,9.9,1.1,medium_traffic,7,7
D5,2026-01-14,2,L48,Raymond Shop Chinhat,26.917151,80.944587,09:01,9,21,34.6,1.73,medium_traffic,1,7
D5,2026-01-14,2,L42,Westside Gomti Nagar,26.802733,80.832725,09:56,9,19,18.5,1.32,low_traffic,2,7
D5,2026-01-14,2,L44,Max Fashion Saharaganj,26.906398,80.981965,10:33,10,29,29.2,1.39,medium_traffic,3,7
D5,2026-01-14,2,L43,Lifestyle Store Aliganj,26.797555,80.900748,11:31,11,30,14.6,0.86,medium_traffic,4,7
D5,2026-01-14,2,L46,Pantaloons Rajajipuram,26.747795,81.001644,12:15,12,16,18.2,0.96,low_traffic,5,7
D5,2026-01-14,2,L41,Fabindia Hazratganj,26.941107,80.978258,12:49,12,37,18.5,1.03,low_traffic,6,7
D5,2026-01-14,2,L49,Bata Showroom Golf City,26.852611,80.927361,13:44,13,35,32.8,1.26,high_traffic,7,7
D5,2026-01-15,3,L44,Max Fashion Saharaganj,26.906398,80.981965,09:34,9,32,39.8,1.53,medium_traffic,1,5
D5,2026-01-15,3,L42,Westside Gomti Nagar,26.802733,80.832725,10:45,10,17,37.9,1.58,low_traffic,2,5
D5,2026-01-15,3,L43,Lifestyle Store Aliganj,26.797555,80.900748,11:39,11,37,17.6,0.88,medium_traffic,3,5
D5,2026-01-15,3,L45,Zudio Indiranagar,26.947375,80.938976,12:33,12,20,15.0,1.0,low_traffic,4,5
D5,2026-01-15,3,L41,Fabindia Hazratganj,26.941107,80.978258,13:08,13,45,20.5,1.28,low_traffic,5,5
D5,2026-01-16,4,L46,Pantaloons Rajajipuram,26.747795,81.001644,09:17,9,28,45.6,1.63,low_traffic,1,7
D5,2026-01-16,4,L50,Sports Station Faizabad Road,26.723309,80.844252,10:30,10,19,13.5,1.69,low_traffic,2,7
D5,2026-01-16,4,L47,Manyavar Mahanagar,26.914504,80.962132,11:02,11,17,26.4,0.91,medium_traffic,3,7
D5,2026-01-16,4,L41,Fabindia Hazratganj,26.941107,80.978258,11:45,11,40,13.3,1.02,low_traffic,4,7
D5,2026-01-16,4,L49,Bata Showroom Golf City,26.852611,80.927361,12:38,12,32,20.7,0.94,high_traffic,5,7
D5,2026-01-16,4,L48,Raymond Shop Chinhat,26.917151,80.944587,13:30,13,21,22.6,1.19,medium_traffic,6,7
D5,2026-01-16,4,L43,Lifestyle Store Aliganj,26.797555,80.900748,14:13,14,33,30.8,1.23,medium_traffic,7,7
D5,2026-01-17,5,L46,Pantaloons Rajajipuram,26.747795,81.001644,09:17,9,18,32.9,1.43,low_traffic,1,4
D5,2026-01-17,5,L44,Max Fashion Saharaganj,26.906398,80.981965,10:07,10,23,18.3,1.41,medium_traffic,2,4
D5,2026-01-17,5,L49,Bata Showroom Golf City,26.852611,80.927361,10:48,10,32,48.7,1.74,high_traffic,3,4
D5,2026-01-17,5,L50,Sports Station Faizabad Road,26.723309,80.844252,12:08,12,18,25.2,0.9,low_traffic,4,4
D5,2026-01-19,0,L44,Max Fashion Saharaganj,26.906398,80.981965,09:01,9,29,31.2,1.64,medium_traffic,1,6
D5,2026-01-19,0,L50,Sports Station Faizabad Road,26.723309,80.844252,10:01,10,21,44.8,1.66,low_traffic,2,6
D5,2026-01-19,0,L43,Lifestyle Store Aliganj,26.797555,80.900748,11:06,11,38,9.2,0.92,medium_traffic,3,6
D5,2026-01-19,0,L47,Manyavar Mahanagar,26.914504,80.962132,11:53,11,13,22.6,0.94,medium_traffic,4,6
D5,2026-01-19,0,L42,Westside Gomti Nagar,26.802733,80.832725,12:28,12,22,16.2,0.9,low_traffic,5,6
D5,2026-01-19,0,L45,Zudio Indiranagar,26.947375,80.938976,13:06,13,24,33.9,1.17,low_traffic,6,6
D5,2026-01-20,1,L50,Sports Station Faizabad Road,26.723309,80.844252,09:30,9,27,30.1,1.77,low_traffic,1,5
D5,2026-01-20,1,L44,Max Fashion Saharaganj,26.906398,80.981965,10:27,10,21,25.1,1.32,medium_traffic,2,5
D5,2026-01-20,1,L42,Westside Gomti Nagar,26.802733,80.832725,11:13,11,22,10.9,0.91,low_traffic,3,5
D5,2026-01-20,1,L46,Pantaloons Rajajipuram,26.747795,81.001644,11:45,11,19,23.2,0.86,low_traffic,4,5
D5,2026-01-20,1,L49,Bata Showroom Golf City,26.852611,80.927361,12:27,12,43,24.2,1.01,high_traffic,5,5
D5,2026-01-21,2,L45,Zudio Indiranagar,26.947375,80.938976,08:14,8,28,41.1,1.58,low_traffic,1,7
D5,2026-01-21,2,L48,Raymond Shop Chinhat,26.917151,80.944587,09:23,9,22,33.0,1.57,medium_traffic,2,7
D5,2026-01-21,2,L43,Lifestyle Store Aliganj,26.797555,80.900748,10:18,10,42,40.1,1.67,medium_traffic,3,7
D5,2026-01-21,2,L50,Sports Station Faizabad Road,26.723309,80.844252,11:40,11,28,19.8,0.86,low_traffic,4,7
D5,2026-01-21,2,L42,Westside Gomti Nagar,26.802733,80.832725,12:27,12,18,20.9,0.95,low_traffic,5,7
D5,2026-01-21,2,L49,Bata Showroom Golf City,26.852611,80.927361,13:05,13,36,29.9,1.15,high_traffic,6,7
D5,2026-01-21,2,L46,Pantaloons Rajajipuram,26.747795,81.001644,14:10,14,19,23.0,1.28,low_traffic,7,7
D5,2026-01-22,3,L47,Manyavar Mahanagar,26.914504,80.962132,09:05,9,13,35.5,1.48,medium_traffic,1,7
D5,2026-01-22,3,L45,Zudio Indiranagar,26.947375,80.938976,09:53,9,25,49.3,1.76,low_traffic,2,7
D5,2026-01-22,3,L43,Lifestyle Store Aliganj,26.797555,80.900748,11:07,11,42,21.3,0.97,medium_traffic,3,7
D5,2026-01-22,3,L50,Sports Station Faizabad Road,26.723309,80.844252,12:10,12,20,24.2,0.93,low_traffic,4,7
D5,2026-01-22,3,L42,Westside Gomti Nagar,26.802733,80.832725,12:54,12,25,15.6,1.04,low_traffic,5,7
D5,2026-01-22,3,L41,Fabindia Hazratganj,26.941107,80.978258,13:34,13,42,37.1,1.28,low_traffic,6,7
D5,2026-01-22,3,L49,Bata Showroom Golf City,26.852611,80.927361,14:53,14,36,33.2,1.23,high_traffic,7,7
D5,2026-01-23,4,L47,Manyavar Mahanagar,26.914504,80.962132,08:11,8,14,13.9,1.74,medium_traffic,1,7
D5,2026-01-23,4,L45,Zudio Indiranagar,26.947375,80.938976,08:38,8,30,21.8,1.36,low_traffic,2,7
D5,2026-01-23,4,L43,Lifestyle Store Aliganj,26.797555,80.900748,09:29,9,41,36.3,1.58,medium_traffic,3,7
D5,2026-01-23,4,L48,Raymond Shop Chinhat,26.917151,80.944587,10:46,10,20,12.2,1.35,medium_traffic,4,7
D5,2026-01-23,4,L49,Bata Showroom Golf City,26.852611,80.927361,11:18,11,33,11.0,0.85,high_traffic,5,7
D5,2026-01-23,4,L44,Max Fashion Saharaganj,26.906398,80.981965,12:02,12,27,21.1,0.88,medium_traffic,6,7
D5,2026-01-23,4,L41,Fabindia Hazratganj,26.941107,80.978258,12:50,12,35,19.6,1.03,low_traffic,7,7
D5,2026-01-24,5,L42,Westside Gomti Nagar,26.802733,80.832725,08:22,8,23,37.2,1.77,low_traffic,1,4
D5,2026-01-24,5,L50,Sports Station Faizabad Road,26.723309,80.844252,09:22,9,22,31.9,1.52,low_traffic,2,4
D5,2026-01-24,5,L48,Raymond Shop Chinhat,26.917151,80.944587,10:15,10,16,50.4,1.68,medium_traffic,3,4
D5,2026-01-24,5,L47,Manyavar Mahanagar,26.914504,80.962132,11:21,11,20,26.0,1.0,medium_traffic,4,4
D5,2026-01-26,0,L49,Bata Showroom Golf City,26.852611,80.927361,08:32,8,44,26.6,1.66,high_traffic,1,5
D5,2026-01-26,0,L50,Sports Station Faizabad Road,26.723309,80.844252,09:42,9,25,23.0,1.35,low_traffic,2,5
D5,2026-01-26,0,L42,Westside Gomti Nagar,26.802733,80.832725,10:30,10,21,38.2,1.47,low_traffic,3,5
D5,2026-01-26,0,L45,Zudio Indiranagar,26.947375,80.938976,11:29,11,26,26.8,1.03,low_traffic,4,5
D5,2026-01-26,0,L44,Max Fashion Saharaganj,26.906398,80.981965,12:21,12,25,21.4,1.02,medium_traffic,5,5
D5,2026-01-27,1,L49,Bata Showroom Golf City,26.852611,80.927361,09:06,9,33,19.1,1.47,high_traffic,1,7
D5,2026-01-27,1,L45,Zudio Indiranagar,26.947375,80.938976,09:58,9,25,33.1,1.44,low_traffic,2,7
D5,2026-01-27,1,L48,Raymond Shop Chinhat,26.917151,80.944587,10:56,10,18,18.3,1.41,medium_traffic,3,7
D5,2026-01-27,1,L44,Max Fashion Saharaganj,26.906398,80.981965,11:32,11,30,16.6,1.04,medium_traffic,4,7
D5,2026-01-27,1,L50,Sports Station Faizabad Road,26.723309,80.844252,12:18,12,28,15.0,1.0,low_traffic,5,7
D5,2026-01-27,1,L41,Fabindia Hazratganj,26.941107,80.978258,13:01,13,36,12.8,1.16,low_traffic,6,7
D5,2026-01-27,1,L42,Westside Gomti Nagar,26.802733,80.832725,13:49,13,25,29.0,1.21,low_traffic,7,7
D5,2026-01-28,2,L46,Pantaloons Rajajipuram,26.747795,81.001644,09:28,9,20,34.3,1.56,low_traffic,1,6
D5,2026-01-28,2,L42,Westside Gomti Nagar,26.802733,80.832725,10:22,10,24,52.8,1.76,low_traffic,2,6
D5,2026-01-28,2,L45,Zudio Indiranagar,26.947375,80.938976,11:38,11,25,11.3,1.03,low_traffic,3,6
D5,2026-01-28,2,L43,Lifestyle Store Aliganj,26.797555,80.900748,12:14,12,34,23.7,1.03,medium_traffic,4,6
D5,2026-01-28,2,L47,Manyavar Mahanagar,26.914504,80.962132,13:11,13,16,13.4,1.12,medium_traffic,5,6
D5,2026-01-28,2,L48,Raymond Shop Chinhat,26.917151,80.944587,13:40,13,19,13.8,1.25,medium_traffic,6,6
D5,2026-01-29,3,L50,Sports Station Faizabad Road,26.723309,80.844252,09:02,9,30,45.6,1.52,low_traffic,1,5
D5,2026-01-29,3,L41,Fabindia Hazratganj,26.941107,80.978258,10:17,10,41,21.8,1.56,low_traffic,2,5
D5,2026-01-29,3,L47,Manyavar Mahanagar,26.914504,80.962132,11:19,11,12,27.4,0.98,medium_traffic,3,5
D5,2026-01-29,3,L48,Raymond Shop Chinhat,26.917151,80.944587,11:58,11,14,29.1,1.04,medium_traffic,4,5
D5,2026-01-29,3,L43,Lifestyle Store Aliganj,26.797555,80.900748,12:41,12,36,23.4,0.9,medium_traffic,5,5
D5,2026-01-30,4,L43,Lifestyle Store Aliganj,26.797555,80.900748,08:40,8,41,41.8,1.74,medium_traffic,1,6
D5,2026-01-30,4,L41,Fabindia Hazratganj,26.941107,80.978258,10:02,10,39,13.4,1.67,low_traffic,2,6
D5,2026-01-30,4,L49,Bata Showroom Golf City,26.852611,80.927361,10:54,10,41,33.2,1.33,high_traffic,3,6
D5,2026-01-30,4,L46,Pantaloons Rajajipuram,26.747795,81.001644,12:08,12,16,11.6,0.89,low_traffic,4,6
D5,2026-01-30,4,L47,Manyavar Mahanagar,26.914504,80.962132,12:35,12,21,14.9,0.93,medium_traffic,5,6
D5,2026-01-30,4,L50,Sports Station Faizabad Road,26.723309,80.844252,13:10,13,21,30.7,1.18,low_traffic,6,6
D5,2026-01-31,5,L41,Fabindia Hazratganj,26.941107,80.978258,09:34,9,36,16.9,1.54,low_traffic,1,5
D5,2026-01-31,5,L45,Zudio Indiranagar,26.947375,80.938976,10:26,10,24,23.1,1.36,low_traffic,2,5
D5,2026-01-31,5,L50,Sports Station Faizabad Road,26.723309,80.844252,11:13,11,21,18.7,1.04,low_traffic,3,5
D5,2026-01-31,5,L44,Max Fashion Saharaganj,26.906398,80.981965,11:52,11,23,10.8,0.98,medium_traffic,4,5
D5,2026-01-31,5,L47,Manyavar Mahanagar,26.914504,80.962132,12:25,12,22,16.9,0.94,medium_traffic,5,5
D5,2026-02-02,0,L42,Westside Gomti Nagar,26.802733,80.832725,08:18,8,25,20.0,1.43,low_traffic,1,5
D5,2026-02-02,0,L41,Fabindia Hazratganj,26.941107,80.978258,09:03,9,45,37.5,1.5,low_traffic,2,5
D5,2026-02-02,0,L48,Raymond Shop Chinhat,26.917151,80.944587,10:25,10,19,42.3,1.46,medium_traffic,3,5
D5,2026-02-02,0,L45,Zudio Indiranagar,26.947375,80.938976,11:26,11,24,20.5,0.93,low_traffic,4,5
D5,2026-02-02,0,L50,Sports Station Faizabad Road,26.723309,80.844252,12:10,12,22,8.4,0.93,low_traffic,5,5
D5,2026-02-03,1,L45,Zudio Indiranagar,26.947375,80.938976,08:40,8,27,36.7,1.36,low_traffic,1,8
D5,2026-02-03,1,L48,Raymond Shop Chinhat,26.917151,80.944587,09:43,9,22,39.4,1.46,medium_traffic,2,8
D5,2026-02-03,1,L47,Manyavar Mahanagar,26.914504,80.962132,10:44,10,24,10.5,1.31,medium_traffic,3,8
D5,2026-02-03,1,L42,Westside Gomti Nagar,26.802733,80.832725,11:18,11,18,27.9,0.93,low_traffic,4,8
D5,2026-02-03,1,L49,Bata Showroom Golf City,26.852611,80.927361,12:03,12,33,25.8,1.03,high_traffic,5,8
D5,2026-02-03,1,L50,Sports Station Faizabad Road,26.723309,80.844252,13:01,13,21,29.5,1.23,low_traffic,6,8
D5,2026-02-03,1,L43,Lifestyle Store Aliganj,26.797555,80.900748,13:51,13,32,16.4,1.17,medium_traffic,7,8
D5,2026-02-03,1,L41,Fabindia Hazratganj,26.941107,80.978258,14:39,14,44,25.4,1.27,low_traffic,8,8
D5,2026-02-04,2,L48,Raymond Shop Chinhat,26.917151,80.944587,08:33,8,26,27.0,1.35,medium_traffic,1,6
D5,2026-02-04,2,L47,Manyavar Mahanagar,26.914504,80.962132,09:26,9,16,20.0,1.54,medium_traffic,2,6
D5,2026-02-04,2,L41,Fabindia Hazratganj,26.941107,80.978258,10:02,10,43,21.8,1.45,low_traffic,3,6
D5,2026-02-04,2,L50,Sports Station Faizabad Road,26.723309,80.844252,11:06,11,18,15.0,1.0,low_traffic,4,6
D5,2026-02-04,2,L42,Westside Gomti Nagar,26.802733,80.832725,11:39,11,25,9.9,0.9,low_traffic,5,6
D5,2026-02-04,2,L44,Max Fashion Saharaganj,26.906398,80.981965,12:13,12,23,18.6,0.93,medium_traffic,6,6
D5,2026-02-05,3,L48,Raymond Shop Chinhat,26.917151,80.944587,08:37,8,23,23.8,1.7,medium_traffic,1,7
D5,2026-02-05,3,L43,Lifestyle Store Aliganj,26.797555,80.900748,09:23,9,36,31.1,1.73,medium_traffic,2,7
D5,2026-02-05,3,L47,Manyavar Mahanagar,26.914504,80.962132,10:30,10,16,12.5,1.56,medium_traffic,3,7
D5,2026-02-05,3,L41,Fabindia Hazratganj,26.941107,80.978258,10:58,10,34,20.2,1.44,low_traffic,4,7
D5,2026-02-05,3,L44,Max Fashion Saharaganj,26.906398,80.981965,11:52,11,30,25.2,0.9,medium_traffic,5,7
D5,2026-02-05,3,L46,Pantaloons Rajajipuram,26.747795,81.001644,12:47,12,22,16.0,0.94,low_traffic,6,7
D5,2026-02-05,3,L45,Zudio Indiranagar,26.947375,80.938976,13:25,13,26,23.5,1.12,low_traffic,7,7
D5,2026-02-06,4,L43,Lifestyle Store Aliganj,26.797555,80.900748,09:14,9,36,12.7,1.59,medium_traffic,1,7
D5,2026-02-06,4,L46,Pantaloons Rajajipuram,26.747795,81.001644,10:02,10,21,37.2,1.69,low_traffic,2,7
D5,2026-02-06,4,L42,Westside Gomti Nagar,26.802733,80.832725,11:00,11,23,10.4,0.95,low_traffic,3,7
D5,2026-02-06,4,L49,Bata Showroom Golf City,26.852611,80.927361,11:33,11,44,10.9,0.91,high_traffic,4,7
D5,2026-02-06,4,L47,Manyavar Mahanagar,26.914504,80.962132,12:27,12,13,9.8,0.98,medium_traffic,5,7
D5,2026-02-06,4,L41,Fabindia Hazratganj,26.941107,80.978258,12:49,12,40,13.4,0.96,low_traffic,6,7
D5,2026-02-06,4,L50,Sports Station Faizabad Road,26.723309,80.844252,13:42,13,20,12.2,1.22,low_traffic,7,7
D5,2026-02-07,5,L47,Manyavar Mahanagar,26.914504,80.962132,08:02,8,21,38.0,1.46,medium_traffic,1,4
D5,2026-02-07,5,L45,Zudio Indiranagar,26.947375,80.938976,09:01,9,22,12.0,1.5,low_traffic,2,4
D5,2026-02-07,5,L42,Westside Gomti Nagar,26.802733,80.832725,09:35,9,25,41.2,1.65,low_traffic,3,4
D5,2026-02-07,5,L46,Pantaloons Rajajipuram,26.747795,81.001644,10:41,10,21,35.4,1.54,low_traffic,4,4
D5,2026-02-09,0,L43,Lifestyle Store Aliganj,26.797555,80.900748,09:08,9,38,21.8,1.68,medium_traffic,1,6
D5,2026-02-09,0,L44,Max Fashion Saharaganj,26.906398,80.981965,10:07,10,24,21.7,1.67,medium_traffic,2,6
D5,2026-02-09,0,L42,Westside Gomti Nagar,26.802733,80.832725,10:52,10,13,16.7,1.52,low_traffic,3,6
D5,2026-02-09,0,L50,Sports Station Faizabad Road,26.723309,80.844252,11:21,11,20,23.7,1.03,low_traffic,4,6
D5,2026-02-09,0,L41,Fabindia Hazratganj,26.941107,80.978258,12:04,12,40,23.5,0.98,low_traffic,5,6
D5,2026-02-09,0,L47,Manyavar Mahanagar,26.914504,80.962132,13:07,13,18,28.2,1.13,medium_traffic,6,6
D5,2026-02-10,1,L50,Sports Station Faizabad Road,26.723309,80.844252,08:09,8,21,42.0,1.45,low_traffic,1,8
D5,2026-02-10,1,L48,Raymond Shop Chinhat,26.917151,80.944587,09:12,9,19,51.0,1.7,medium_traffic,2,8
D5,2026-02-10,1,L47,Manyavar Mahanagar,26.914504,80.962132,10:22,10,19,25.0,1.56,medium_traffic,3,8
D5,2026-02-10,1,L49,Bata Showroom Golf City,26.852611,80.927361,11:06,11,43,16.9,0.94,high_traffic,4,8
D5,2026-02-10,1,L46,Pantaloons Rajajipuram,26.747795,81.001644,12:05,12,18,11.9,0.99,low_traffic,5,8
D5,2026-02-10,1,L43,Lifestyle Store Aliganj,26.797555,80.900748,12:34,12,30,21.8,0.95,medium_traffic,6,8
D5,2026-02-10,1,L44,Max Fashion Saharaganj,26.906398,80.981965,13:25,13,23,15.1,1.16,medium_traffic,7,8
D5,2026-02-10,1,L42,Westside Gomti Nagar,26.802733,80.832725,14:03,14,17,9.5,1.19,low_traffic,8,8
D5,2026-02-11,2,L49,Bata Showroom Golf City,26.852611,80.927361,08:22,8,37,24.3,1.62,high_traffic,1,6
D5,2026-02-11,2,L45,Zudio Indiranagar,26.947375,80.938976,09:23,9,22,22.5,1.61,low_traffic,2,6
D5,2026-02-11,2,L47,Manyavar Mahanagar,26.914504,80.962132,10:07,10,21,30.2,1.44,medium_traffic,3,6
D5,2026-02-11,2,L50,Sports Station Faizabad Road,26.723309,80.844252,10:58,10,27,31.5,1.66,low_traffic,4,6
D5,2026-02-11,2,L46,Pantaloons Rajajipuram,26.747795,81.001644,11:56,11,24,16.0,1.0,low_traffic,5,6
D5,2026-02-11,2,L41,Fabindia Hazratganj,26.941107,80.978258,12:36,12,36,27.8,0.96,low_traffic,6,6
D5,2026-02-12,3,L45,Zudio Indiranagar,26.947375,80.938976,08:33,8,23,31.8,1.59,low_traffic,1,5
D5,2026-02-12,3,L41,Fabindia Hazratganj,26.941107,80.978258,09:27,9,42,41.3,1.59,low_traffic,2,5
D5,2026-02-12,3,L44,Max Fashion Saharaganj,26.906398,80.981965,10:50,10,31,38.9,1.44,medium_traffic,3,5
D5,2026-02-12,3,L47,Manyavar Mahanagar,26.914504,80.962132,11:59,11,14,14.4,1.03,medium_traffic,4,5
D5,2026-02-12,3,L49,Bata Showroom Golf City,26.852611,80.927361,12:27,12,35,12.8,0.85,high_traffic,5,5
D5,2026-02-13,4,L47,Manyavar Mahanagar,26.914504,80.962132,08:32,8,22,35.7,1.7,medium_traffic,1,5
D5,2026-02-13,4,L46,Pantaloons Rajajipuram,26.747795,81.001644,09:29,9,24,26.2,1.54,low_traffic,2,5
D5,2026-02-13,4,L45,Zudio Indiranagar,26.947375,80.938976,10:19,10,26,25.2,1.68,low_traffic,3,5
D5,2026-02-13,4,L48,Raymond Shop Chinhat,26.917151,80.944587,11:10,11,25,18.6,0.93,medium_traffic,4,5
D5,2026-02-13,4,L41,Fabindia Hazratganj,26.941107,80.978258,11:53,11,41,16.0,0.94,low_traffic,5,5
D5,2026-02-14,5,L41,Fabindia Hazratganj,26.941107,80.978258,09:44,9,34,49.0,1.69,low_traffic,1,4
D5,2026-02-14,5,L45,Zudio Indiranagar,26.947375,80.938976,11:07,11,28,20.2,0.96,low_traffic,2,4
D5,2026-02-14,5,L48,Raymond Shop Chinhat,26.917151,80.944587,11:55,11,19,7.4,0.92,medium_traffic,3,4
D5,2026-02-14,5,L47,Manyavar Mahanagar,26.914504,80.962132,12:21,12,17,29.6,1.02,medium_traffic,4,4
D5,2026-02-16,0,L46,Pantaloons Rajajipuram,26.747795,81.001644,09:33,9,20,36.4,1.4,low_traffic,1,8
D5,2026-02-16,0,L45,Zudio Indiranagar,26.947375,80.938976,10:29,10,22,27.7,1.46,low_traffic,2,8
D5,2026-02-16,0,L47,Manyavar Mahanagar,26.914504,80.962132,11:18,11,21,7.6,0.95,medium_traffic,3,8
D5,2026-02-16,0,L41,Fabindia Hazratganj,26.941107,80.978258,11:46,11,37,25.2,0.9,low_traffic,4,8
D5,2026-02-16,0,L42,Westside Gomti Nagar,26.802733,80.832725,12:48,12,13,19.6,0.98,low_traffic,5,8
D5,2026-02-16,0,L43,Lifestyle Store Aliganj,26.797555,80.900748,13:20,13,34,39.0,1.3,medium_traffic,6,8
D5,2026-02-16,0,L48,Raymond Shop Chinhat,26.917151,80.944587,14:33,14,23,10.3,1.15,medium_traffic,7,8
D5,2026-02-16,0,L50,Sports Station Faizabad Road,26.723309,80.844252,15:06,15,25,30.3,1.01,low_traffic,8,8
D5,2026-02-17,1,L49,Bata Showroom Golf City,26.852611,80.927361,08:39,8,43,21.0,1.75,high_traffic,1,8
D5,2026-02-17,1,L42,Westside Gomti Nagar,26.802733,80.832725,09:43,9,14,20.0,1.67,low_traffic,2,8
D5,2026-02-17,1,L44,Max Fashion Saharaganj,26.906398,80.981965,10:17,10,21,16.6,1.51,medium_traffic,3,8
D5,2026-02-17,1,L41,Fabindia Hazratganj,26.941107,80.978258,10:54,10,33,45.6,1.52,low_traffic,4,8
D5,2026-02-17,1,L45,Zudio Indiranagar,26.947375,80.938976,12:12,12,22,22.8,0.91,low_traffic,5,8
D5,2026-02-17,1,L47,Manyavar Mahanagar,26.914504,80.962132,12:56,12,22,14.7,1.05,medium_traffic,6,8
D5,2026-02-17,1,L46,Pantaloons Rajajipuram,26.747795,81.001644,13:32,13,21,9.8,1.22,low_traffic,7,8
D5,2026-02-17,1,L50,Sports Station Faizabad Road,26.723309,80.844252,14:02,14,29,22.9,1.27,low_traffic,8,8
D5,2026-02-18,2,L42,Westside Gomti Nagar,26.802733,80.832725,08:17,8,13,29.5,1.34,low_traffic,1,6
D5,2026-02-18,2,L43,Lifestyle Store Aliganj,26.797555,80.900748,08:59,8,41,20.2,1.44,medium_traffic,2,6
D5,2026-02-18,2,L45,Zudio Indiranagar,26.947375,80.938976,10:00,10,28,20.2,1.55,low_traffic,3,6
D5,2026-02-18,2,L48,Raymond Shop Chinhat,26.917151,80.944587,10:48,10,18,13.4,1.67,medium_traffic,4,6
D5,2026-02-18,2,L47,Manyavar Mahanagar,26.914504,80.962132,11:19,11,13,17.1,0.9,medium_traffic,5,6
D5,2026-02-18,2,L44,Max Fashion Saharaganj,26.906398,80.981965,11:49,11,32,23.9,0.92,medium_traffic,6,6
D5,2026-02-19,3,L43,Lifestyle Store Aliganj,26.797555,80.900748,08:10,8,40,23.7,1.69,medium_traffic,1,5
D5,2026-02-19,3,L45,Zudio Indiranagar,26.947375,80.938976,09:13,9,29,14.9,1.49,low_traffic,2,5
D5,2026-02-19,3,L44,Max Fashion Saharaganj,26.906398,80.981965,09:56,9,31,30.1,1.77,medium_traffic,3,5
D5,2026-02-19,3,L46,Pantaloons Rajajipuram,26.747795,81.001644,10:57,10,27,22.7,1.62,low_traffic,4,5
D5,2026-02-19,3,L49,Bata Showroom Golf City,26.852611,80.927361,11:46,11,36,12.0,1.0,high_traffic,5,5
D5,2026-02-20,4,L44,Max Fashion Saharaganj,26.906398,80.981965,08:17,8,25,22.6,1.74,medium_traffic,1,5
D5,2026-02-20,4,L41,Fabindia Hazratganj,26.941107,80.978258,09:04,9,37,31.5,1.43,low_traffic,2,5
D5,2026-02-20,4,L46,Pantaloons Rajajipuram,26.747795,81.001644,10:12,10,25,25.7,1.35,low_traffic,3,5
D5,2026-02-20,4,L50,Sports Station Faizabad Road,26.723309,80.844252,11:02,11,26,25.8,0.92,low_traffic,4,5
D5,2026-02-20,4,L49,Bata Showroom Golf City,26.852611,80.927361,11:53,11,42,26.3,0.94,high_traffic,5,5
D5,2026-02-21,5,L50,Sports Station Faizabad Road,26.723309,80.844252,08:21,8,26,39.6,1.65,low_traffic,1,3
D5,2026-02-21,5,L48,Raymond Shop Chinhat,26.917151,80.944587,09:26,9,15,27.4,1.71,medium_traffic,2,3
D5,2026-02-21,5,L46,Pantaloons Rajajipuram,26.747795,81.001644,10:08,10,20,21.8,1.56,low_traffic,3,3
D5,2026-02-23,0,L43,Lifestyle Store Aliganj,26.797555,80.900748,09:23,9,39,45.8,1.58,medium_traffic,1,6
D5,2026-02-23,0,L46,Pantaloons Rajajipuram,26.747795,81.001644,10:47,10,27,31.5,1.75,low_traffic,2,6
D5,2026-02-23,0,L47,Manyavar Mahanagar,26.914504,80.962132,11:45,11,12,16.5,0.87,medium_traffic,3,6
D5,2026-02-23,0,L44,Max Fashion Saharaganj,26.906398,80.981965,12:13,12,26,20.2,0.88,medium_traffic,4,6
D5,2026-02-23,0,L42,Westside Gomti Nagar,26.802733,80.832725,12:59,12,15,10.1,0.92,low_traffic,5,6
D5,2026-02-23,0,L49,Bata Showroom Golf City,26.852611,80.927361,13:24,13,34,21.8,1.28,high_traffic,6,6
D5,2026-02-24,1,L48,Raymond Shop Chinhat,26.917151,80.944587,09:15,9,23,27.2,1.43,medium_traffic,1,8
D5,2026-02-24,1,L42,Westside Gomti Nagar,26.802733,80.832725,10:05,10,19,42.6,1.47,low_traffic,2,8
D5,2026-02-24,1,L50,Sports Station Faizabad Road,26.723309,80.844252,11:06,11,30,13.7,0.91,low_traffic,3,8
D5,2026-02-24,1,L46,Pantaloons Rajajipuram,26.747795,81.001644,11:49,11,17,25.0,1.04,low_traffic,4,8
D5,2026-02-24,1,L47,Manyavar Mahanagar,26.914504,80.962132,12:31,12,21,14.9,0.93,medium_traffic,5,8
D5,2026-02-24,1,L45,Zudio Indiranagar,26.947375,80.938976,13:06,13,20,9.4,1.18,low_traffic,6,8
D5,2026-02-24,1,L44,Max Fashion Saharaganj,26.906398,80.981965,13:35,13,30,20.4,1.2,medium_traffic,7,8
D5,2026-02-24,1,L41,Fabindia Hazratganj,26.941107,80.978258,14:25,14,36,31.0,1.29,low_traffic,8,8
D5,2026-02-25,2,L47,Manyavar Mahanagar,26.914504,80.962132,08:29,8,15,15.6,1.3,medium_traffic,1,6
D5,2026-02-25,2,L44,Max Fashion Saharaganj,26.906398,80.981965,08:59,8,25,29.6,1.74,medium_traffic,2,6
D5,2026-02-25,2,L45,Zudio Indiranagar,26.947375,80.938976,09:53,9,21,20.1,1.34,low_traffic,3,6
D5,2026-02-25,2,L49,Bata Showroom Golf City,26.852611,80.927361,10:34,10,34,22.8,1.52,high_traffic,4,6
D5,2026-02-25,2,L42,Westside Gomti Nagar,26.802733,80.832725,11:30,11,13,18.8,0.99,low_traffic,5,6
D5,2026-02-25,2,L50,Sports Station Faizabad Road,26.723309,80.844252,12:01,12,19,18.1,0.95,low_traffic,6,6
D5,2026-02-26,3,L42,Westside Gomti Nagar,26.802733,80.832725,08:24,8,19,16.3,1.36,low_traffic,1,8
D5,2026-02-26,3,L41,Fabindia Hazratganj,26.941107,80.978258,08:59,8,43,28.7,1.69,low_traffic,2,8
D5,2026-02-26,3,L43,Lifestyle Store Aliganj,26.797555,80.900748,10:10,10,39,35.1,1.67,medium_traffic,3,8
D5,2026-02-26,3,L45,Zudio Indiranagar,26.947375,80.938976,11:24,11,23,9.3,0.93,low_traffic,4,8
D5,2026-02-26,3,L50,Sports Station Faizabad Road,26.723309,80.844252,11:56,11,18,24.7,0.95,low_traffic,5,8
D5,2026-02-26,3,L46,Pantaloons Rajajipuram,26.747795,81.001644,12:38,12,18,24.0,0.89,low_traffic,6,8
D5,2026-02-26,3,L48,Raymond Shop Chinhat,26.917151,80.944587,13:20,13,19,23.8,1.25,medium_traffic,7,8
D5,2026-02-26,3,L44,Max Fashion Saharaganj,26.906398,80.981965,14:02,14,30,9.4,1.17,medium_traffic,8,8
D5,2026-02-27,4,L45,Zudio Indiranagar,26.947375,80.938976,08:21,8,24,19.4,1.49,low_traffic,1,8
D5,2026-02-27,4,L48,Raymond Shop Chinhat,26.917151,80.944587,09:04,9,20,23.5,1.38,medium_traffic,2,8
D5,2026-02-27,4,L47,Manyavar Mahanagar,26.914504,80.962132,09:47,9,12,37.7,1.64,medium_traffic,3,8
D5,2026-02-27,4,L46,Pantaloons Rajajipuram,26.747795,81.001644,10:36,10,18,30.0,1.43,low_traffic,4,8
D5,2026-02-27,4,L41,Fabindia Hazratganj,26.941107,80.978258,11:24,11,41,25.5,0.88,low_traffic,5,8
D5,2026-02-27,4,L50,Sports Station Faizabad Road,26.723309,80.844252,12:30,12,30,22.4,1.02,low_traffic,6,8
D5,2026-02-27,4,L49,Bata Showroom Golf City,26.852611,80.927361,13:22,13,43,32.5,1.12,high_traffic,7,8
D5,2026-02-27,4,L43,Lifestyle Store Aliganj,26.797555,80.900748,14:37,14,42,22.4,1.12,medium_traffic,8,8
D5,2026-02-28,5,L48,Raymond Shop Chinhat,26.917151,80.944587,09:27,9,20,28.7,1.69,medium_traffic,1,3
D5,2026-02-28,5,L42,Westside Gomti Nagar,26.802733,80.832725,10:15,10,14,40.0,1.43,low_traffic,2,3
D5,2026-02-28,5,L41,Fabindia Hazratganj,26.941107,80.978258,11:09,11,41,21.3,0.97,low_traffic,3,3
D5,2026-03-02,0,L50,Sports Station Faizabad Road,26.723309,80.844252,08:00,8,27,44.1,1.47,low_traffic,1,7
D5,2026-03-02,0,L47,Manyavar Mahanagar,26.914504,80.962132,09:11,9,21,34.3,1.43,medium_traffic,2,7
D5,2026-03-02,0,L43,Lifestyle Store Aliganj,26.797555,80.900748,10:06,10,36,36.5,1.66,medium_traffic,3,7
D5,2026-03-02,0,L45,Zudio Indiranagar,26.947375,80.938976,11:18,11,18,14.6,0.86,low_traffic,4,7
D5,2026-03-02,0,L44,Max Fashion Saharaganj,26.906398,80.981965,11:50,11,28,20.0,0.87,medium_traffic,5,7
D5,2026-03-02,0,L42,Westside Gomti Nagar,26.802733,80.832725,12:38,12,23,24.8,0.92,low_traffic,6,7
D5,2026-03-02,0,L41,Fabindia Hazratganj,26.941107,80.978258,13:25,13,38,24.6,1.17,low_traffic,7,7
D5,2026-03-03,1,L48,Raymond Shop Chinhat,26.917151,80.944587,09:19,9,15,43.7,1.62,medium_traffic,1,7
D5,2026-03-03,1,L47,Manyavar Mahanagar,26.914504,80.962132,10:17,10,20,13.3,1.48,medium_traffic,2,7
D5,2026-03-03,1,L50,Sports Station Faizabad Road,26.723309,80.844252,10:50,10,20,25.0,1.67,low_traffic,3,7
D5,2026-03-03,1,L44,Max Fashion Saharaganj,26.906398,80.981965,11:35,11,23,9.6,0.87,medium_traffic,4,7
D5,2026-03-03,1,L46,Pantaloons Rajajipuram,26.747795,81.001644,12:07,12,23,28.0,1.0,low_traffic,5,7
D5,2026-03-03,1,L43,Lifestyle Store Aliganj,26.797555,80.900748,12:58,12,35,15.0,0.94,medium_traffic,6,7
D5,2026-03-03,1,L42,Westside Gomti Nagar,26.802733,80.832725,13:48,13,22,38.7,1.29,low_traffic,7,7
D5,2026-03-04,2,L42,Westside Gomti Nagar,26.802733,80.832725,09:32,9,18,17.9,1.79,low_traffic,1,6
D5,2026-03-04,2,L45,Zudio Indiranagar,26.947375,80.938976,10:07,10,24,29.9,1.76,low_traffic,2,6
D5,2026-03-04,2,L44,Max Fashion Saharaganj,26.906398,80.981965,11:00,11,32,12.1,0.93,medium_traffic,3,6
D5,2026-03-04,2,L47,Manyavar Mahanagar,26.914504,80.962132,11:44,11,23,25.2,0.9,medium_traffic,4,6
D5,2026-03-04,2,L46,Pantaloons Rajajipuram,26.747795,81.001644,12:32,12,17,21.6,1.03,low_traffic,5,6
D5,2026-03-04,2,L43,Lifestyle Store Aliganj,26.797555,80.900748,13:10,13,34,32.8,1.26,medium_traffic,6,6
D5,2026-03-05,3,L45,Zudio Indiranagar,26.947375,80.938976,09:44,9,26,27.0,1.69,low_traffic,1,7
D5,2026-03-05,3,L42,Westside Gomti Nagar,26.802733,80.832725,10:37,10,19,44.3,1.64,low_traffic,2,7
D5,2026-03-05,3,L47,Manyavar Mahanagar,26.914504,80.962132,11:40,11,16,29.9,1.03,medium_traffic,3,7
D5,2026-03-05,3,L48,Raymond Shop Chinhat,26.917151,80.944587,12:25,12,17,18.9,0.9,medium_traffic,4,7
D5,2026-03-05,3,L43,Lifestyle Store Aliganj,26.797555,80.900748,13:00,13,40,23.1,1.1,medium_traffic,5,7
D5,2026-03-05,3,L41,Fabindia Hazratganj,26.941107,80.978258,14:03,14,40,18.1,1.13,low_traffic,6,7
D5,2026-03-05,3,L46,Pantaloons Rajajipuram,26.747795,81.001644,15:01,15,21,27.2,0.97,low_traffic,7,7
D5,2026-03-06,4,L49,Bata Showroom Golf City,26.852611,80.927361,09:37,9,37,40.8,1.51,high_traffic,1,5
D5,2026-03-06,4,L45,Zudio Indiranagar,26.947375,80.938976,10:54,10,26,36.1,1.57,low_traffic,2,5
D5,2026-03-06,4,L47,Manyavar Mahanagar,26.914504,80.962132,11:56,11,17,15.3,0.85,medium_traffic,3,5
D5,2026-03-06,4,L48,Raymond Shop Chinhat,26.917151,80.944587,12:28,12,16,20.2,0.92,medium_traffic,4,5
D5,2026-03-06,4,L42,Westside Gomti Nagar,26.802733,80.832725,13:04,13,16,27.4,1.19,low_traffic,5,5
D5,2026-03-07,5,L49,Bata Showroom Golf City,26.852611,80.927361,09:05,9,37,33.6,1.4,high_traffic,1,5
D5,2026-03-07,5,L42,Westside Gomti Nagar,26.802733,80.832725,10:15,10,20,26.1,1.45,low_traffic,2,5
D5,2026-03-07,5,L50,Sports Station Faizabad Road,26.723309,80.844252,11:01,11,20,7.8,0.98,low_traffic,3,5
D5,2026-03-07,5,L46,Pantaloons Rajajipuram,26.747795,81.001644,11:28,11,25,12.6,0.97,low_traffic,4,5
D5,2026-03-07,5,L48,Raymond Shop Chinhat,26.917151,80.944587,12:05,12,20,19.3,0.92,medium_traffic,5,5
D5,2026-03-09,0,L43,Lifestyle Store Aliganj,26.797555,80.900748,08:25,8,39,15.5,1.41,medium_traffic,1,5
D5,2026-03-09,0,L41,Fabindia Hazratganj,26.941107,80.978258,09:19,9,45,18.7,1.44,low_traffic,2,5
D5,2026-03-09,0,L46,Pantaloons Rajajipuram,26.747795,81.001644,10:22,10,24,33.8,1.69,low_traffic,3,5
D5,2026-03-09,0,L47,Manyavar Mahanagar,26.914504,80.962132,11:19,11,18,13.0,0.93,medium_traffic,4,5
D5,2026-03-09,0,L50,Sports Station Faizabad Road,26.723309,80.844252,11:50,11,23,16.5,1.03,low_traffic,5,5
D5,2026-03-10,1,L41,Fabindia Hazratganj,26.941107,80.978258,08:11,8,41,12.0,1.5,low_traffic,1,7
D5,2026-03-10,1,L43,Lifestyle Store Aliganj,26.797555,80.900748,09:04,9,40,37.6,1.71,medium_traffic,2,7
D5,2026-03-10,1,L48,Raymond Shop Chinhat,26.917151,80.944587,10:21,10,20,15.3,1.39,medium_traffic,3,7
D5,2026-03-10,1,L45,Zudio Indiranagar,26.947375,80.938976,10:56,10,24,33.4,1.59,low_traffic,4,7
D5,2026-03-10,1,L49,Bata Showroom Golf City,26.852611,80.927361,11:53,11,32,26.0,0.93,high_traffic,5,7
D5,2026-03-10,1,L44,Max Fashion Saharaganj,26.906398,80.981965,12:51,12,30,11.6,0.97,medium_traffic,6,7
D5,2026-03-10,1,L50,Sports Station Faizabad Road,26.723309,80.844252,13:32,13,27,12.2,1.22,low_traffic,7,7
D5,2026-03-11,2,L43,Lifestyle Store Aliganj,26.797555,80.900748,09:35,9,32,21.8,1.56,medium_traffic,1,8
D5,2026-03-11,2,L49,Bata Showroom Golf City,26.852611,80.927361,10:28,10,34,22.9,1.53,high_traffic,2,8
D5,2026-03-11,2,L47,Manyavar Mahanagar,26.914504,80.962132,11:24,11,15,28.2,0.94,medium_traffic,3,8
D5,2026-03-11,2,L50,Sports Station Faizabad Road,26.723309,80.844252,12:07,12,19,15.5,0.91,low_traffic,4,8
D5,2026-03-11,2,L48,Raymond Shop Chinhat,26.917151,80.944587,12:41,12,23,14.4,1.03,medium_traffic,5,8
D5,2026-03-11,2,L45,Zudio Indiranagar,26.947375,80.938976,13:18,13,28,17.8,1.19,low_traffic,6,8
D5,2026-03-11,2,L42,Westside Gomti Nagar,26.802733,80.832725,14:03,14,25,18.3,1.22,low_traffic,7,8
D5,2026-03-11,2,L44,Max Fashion Saharaganj,26.906398,80.981965,14:46,14,29,25.1,1.14,medium_traffic,8,8
D5,2026-03-12,3,L47,Manyavar Mahanagar,26.914504,80.962132,09:33,9,13,36.0,1.8,medium_traffic,1,5
D5,2026-03-12,3,L49,Bata Showroom Golf City,26.852611,80.927361,10:22,10,43,27.0,1.69,high_traffic,2,5
D5,2026-03-12,3,L48,Raymond Shop Chinhat,26.917151,80.944587,11:32,11,26,28.8,0.96,medium_traffic,3,5
D5,2026-03-12,3,L45,Zudio Indiranagar,26.947375,80.938976,12:26,12,29,24.2,0.97,low_traffic,4,5
D5,2026-03-12,3,L41,Fabindia Hazratganj,26.941107,80.978258,13:19,13,44,25.3,1.1,low_traffic,5,5
D5,2026-03-13,4,L49,Bata Showroom Golf City,26.852611,80.927361,08:09,8,44,44.7,1.72,high_traffic,1,5
D5,2026-03-13,4,L48,Raymond Shop Chinhat,26.917151,80.944587,09:37,9,19,22.1,1.7,medium_traffic,2,5
D5,2026-03-13,4,L42,Westside Gomti Nagar,26.802733,80.832725,10:18,10,15,27.2,1.51,low_traffic,3,5
D5,2026-03-13,4,L46,Pantaloons Rajajipuram,26.747795,81.001644,11:00,11,19,23.7,1.03,low_traffic,4,5
D5,2026-03-13,4,L50,Sports Station Faizabad Road,26.723309,80.844252,11:42,11,28,16.2,0.9,low_traffic,5,5
D5,2026-03-14,5,L41,Fabindia Hazratganj,26.941107,80.978258,09:28,9,37,42.9,1.65,low_traffic,1,5
D5,2026-03-14,5,L44,Max Fashion Saharaganj,26.906398,80.981965,10:47,10,23,19.2,1.6,medium_traffic,2,5
D5,2026-03-14,5,L46,Pantaloons Rajajipuram,26.747795,81.001644,11:29,11,19,7.6,0.95,low_traffic,3,5
D5,2026-03-14,5,L45,Zudio Indiranagar,26.947375,80.938976,11:55,11,23,26.8,1.03,low_traffic,4,5
D5,2026-03-14,5,L43,Lifestyle Store Aliganj,26.797555,80.900748,12:44,12,41,16.8,0.99,medium_traffic,5,5
D5,2026-03-16,0,L47,Manyavar Mahanagar,26.914504,80.962132,08:38,8,16,29.0,1.45,medium_traffic,1,6
D5,2026-03-16,0,L41,Fabindia Hazratganj,26.941107,80.978258,09:23,9,36,13.0,1.62,low_traffic,2,6
D5,2026-03-16,0,L49,Bata Showroom Golf City,26.852611,80.927361,10:12,10,41,19.1,1.59,high_traffic,3,6
D5,2026-03-16,0,L42,Westside Gomti Nagar,26.802733,80.832725,11:12,11,24,16.1,0.85,low_traffic,4,6
D5,2026-03-16,0,L43,Lifestyle Store Aliganj,26.797555,80.900748,11:52,11,36,22.8,0.95,medium_traffic,5,6
D5,2026-03-16,0,L44,Max Fashion Saharaganj,26.906398,80.981965,12:50,12,26,12.3,0.95,medium_traffic,6,6
D5,2026-03-17,1,L42,Westside Gomti Nagar,26.802733,80.832725,09:11,9,13,30.8,1.54,low_traffic,1,6
D5,2026-03-17,1,L41,Fabindia Hazratganj,26.941107,80.978258,09:54,9,38,16.3,1.63,low_traffic,2,6
D5,2026-03-17,1,L48,Raymond Shop Chinhat,26.917151,80.944587,10:48,10,17,19.7,1.41,medium_traffic,3,6
D5,2026-03-17,1,L47,Manyavar Mahanagar,26.914504,80.962132,11:24,11,24,23.8,0.88,medium_traffic,4,6
D5,2026-03-17,1,L44,Max Fashion Saharaganj,26.906398,80.981965,12:11,12,31,11.0,1.0,medium_traffic,5,6
D5,2026-03-17,1,L43,Lifestyle Store Aliganj,26.797555,80.900748,12:53,12,37,20.5,0.89,medium_traffic,6,6
D5,2026-03-18,2,L42,Westside Gomti Nagar,26.802733,80.832725,09:32,9,21,33.2,1.33,low_traffic,1,5
D5,2026-03-18,2,L45,Zudio Indiranagar,26.947375,80.938976,10:26,10,19,43.0,1.72,low_traffic,2,5
D5,2026-03-18,2,L47,Manyavar Mahanagar,26.914504,80.962132,11:28,11,19,9.4,1.04,medium_traffic,3,5
D5,2026-03-18,2,L48,Raymond Shop Chinhat,26.917151,80.944587,11:56,11,17,14.4,0.96,medium_traffic,4,5
D5,2026-03-18,2,L41,Fabindia Hazratganj,26.941107,80.978258,12:27,12,44,11.7,0.9,low_traffic,5,5
D5,2026-03-19,3,L42,Westside Gomti Nagar,26.802733,80.832725,08:08,8,16,14.0,1.56,low_traffic,1,6
D5,2026-03-19,3,L50,Sports Station Faizabad Road,26.723309,80.844252,08:38,8,30,36.7,1.41,low_traffic,2,6
D5,2026-03-19,3,L47,Manyavar Mahanagar,26.914504,80.962132,09:44,9,13,35.0,1.59,medium_traffic,3,6
D5,2026-03-19,3,L46,Pantaloons Rajajipuram,26.747795,81.001644,10:32,10,21,14.1,1.57,low_traffic,4,6
D5,2026-03-19,3,L49,Bata Showroom Golf City,26.852611,80.927361,11:07,11,35,10.1,1.01,high_traffic,5,6
D5,2026-03-19,3,L45,Zudio Indiranagar,26.947375,80.938976,11:52,11,19,20.9,0.95,low_traffic,6,6
D5,2026-03-20,4,L46,Pantaloons Rajajipuram,26.747795,81.001644,08:28,8,25,23.7,1.69,low_traffic,1,8
D5,2026-03-20,4,L49,Bata Showroom Golf City,26.852611,80.927361,09:16,9,44,45.9,1.7,high_traffic,2,8
D5,2026-03-20,4,L47,Manyavar Mahanagar,26.914504,80.962132,10:45,10,16,12.2,1.53,medium_traffic,3,8
D5,2026-03-20,4,L41,Fabindia Hazratganj,26.941107,80.978258,11:13,11,37,27.0,1.0,low_traffic,4,8
D5,2026-03-20,4,L43,Lifestyle Store Aliganj,26.797555,80.900748,12:17,12,35,12.3,0.95,medium_traffic,5,8
D5,2026-03-20,4,L48,Raymond Shop Chinhat,26.917151,80.944587,13:04,13,18,28.8,1.2,medium_traffic,6,8
D5,2026-03-20,4,L45,Zudio Indiranagar,26.947375,80.938976,13:50,13,22,21.9,1.29,low_traffic,7,8
D5,2026-03-20,4,L50,Sports Station Faizabad Road,26.723309,80.844252,14:33,14,23,19.1,1.27,low_traffic,8,8
D5,2026-03-21,5,L43,Lifestyle Store Aliganj,26.797555,80.900748,09:32,9,32,20.0,1.54,medium_traffic,1,4
D5,2026-03-21,5,L48,Raymond Shop Chinhat,26.917151,80.944587,10:24,10,24,27.9,1.33,medium_traffic,2,4
D5,2026-03-21,5,L47,Manyavar Mahanagar,26.914504,80.962132,11:15,11,17,20.0,0.91,medium_traffic,3,4
D5,2026-03-21,5,L42,Westside Gomti Nagar,26.802733,80.832725,11:52,11,15,24.5,0.98,low_traffic,4,4
D5,2026-03-23,0,L41,Fabindia Hazratganj,26.941107,80.978258,08:43,8,36,39.1,1.45,low_traffic,1,6
D5,2026-03-23,0,L50,Sports Station Faizabad Road,26.723309,80.844252,09:58,9,23,19.1,1.59,low_traffic,2,6
D5,2026-03-23,0,L48,Raymond Shop Chinhat,26.917151,80.944587,10:40,10,26,27.6,1.38,medium_traffic,3,6
D5,2026-03-23,0,L46,Pantaloons Rajajipuram,26.747795,81.001644,11:33,11,25,11.4,0.88,low_traffic,4,6
D5,2026-03-23,0,L47,Manyavar Mahanagar,26.914504,80.962132,12:09,12,20,17.6,0.98,medium_traffic,5,6
D5,2026-03-23,0,L45,Zudio Indiranagar,26.947375,80.938976,12:46,12,27,29.4,1.05,low_traffic,6,6
D5,2026-03-24,1,L41,Fabindia Hazratganj,26.941107,80.978258,09:20,9,42,31.9,1.52,low_traffic,1,8
D5,2026-03-24,1,L48,Raymond Shop Chinhat,26.917151,80.944587,10:33,10,14,31.5,1.5,medium_traffic,2,8
D5,2026-03-24,1,L47,Manyavar Mahanagar,26.914504,80.962132,11:18,11,12,20.0,1.0,medium_traffic,3,8
D5,2026-03-24,1,L42,Westside Gomti Nagar,26.802733,80.832725,11:50,11,23,19.8,1.04,low_traffic,4,8
D5,2026-03-24,1,L46,Pantaloons Rajajipuram,26.747795,81.001644,12:32,12,28,22.2,1.01,low_traffic,5,8
D5,2026-03-24,1,L43,Lifestyle Store Aliganj,26.797555,80.900748,13:22,13,33,34.5,1.15,medium_traffic,6,8
D5,2026-03-24,1,L49,Bata Showroom Golf City,26.852611,80.927361,14:29,14,36,34.2,1.14,high_traffic,7,8
D5,2026-03-24,1,L50,Sports Station Faizabad Road,26.723309,80.844252,15:39,15,18,17.3,0.91,low_traffic,8,8
D5,2026-03-25,2,L41,Fabindia Hazratganj,26.941107,80.978258,09:06,9,38,17.4,1.34,low_traffic,1,7
D5,2026-03-25,2,L44,Max Fashion Saharaganj,26.906398,80.981965,10:01,10,28,43.2,1.66,medium_traffic,2,7
D5,2026-03-25,2,L43,Lifestyle Store Aliganj,26.797555,80.900748,11:12,11,42,9.4,1.04,medium_traffic,3,7
D5,2026-03-25,2,L48,Raymond Shop Chinhat,26.917151,80.944587,12:03,12,25,29.4,0.98,medium_traffic,4,7
D5,2026-03-25,2,L42,Westside Gomti Nagar,26.802733,80.832725,12:57,12,22,15.2,0.95,low_traffic,5,7
D5,2026-03-25,2,L49,Bata Showroom Golf City,26.852611,80.927361,13:34,13,33,11.0,1.22,high_traffic,6,7
D5,2026-03-25,2,L45,Zudio Indiranagar,26.947375,80.938976,14:18,14,22,20.0,1.11,low_traffic,7,7
D5,2026-03-26,3,L49,Bata Showroom Golf City,26.852611,80.927361,08:09,8,35,41.3,1.59,high_traffic,1,7
D5,2026-03-26,3,L46,Pantaloons Rajajipuram,26.747795,81.001644,09:25,9,19,34.8,1.58,low_traffic,2,7
D5,2026-03-26,3,L47,Manyavar Mahanagar,26.914504,80.962132,10:18,10,24,36.5,1.46,medium_traffic,3,7
D5,2026-03-26,3,L43,Lifestyle Store Aliganj,26.797555,80.900748,11:18,11,38,24.5,0.98,medium_traffic,4,7
D5,2026-03-26,3,L41,Fabindia Hazratganj,26.941107,80.978258,12:20,12,33,30.3,1.01,low_traffic,5,7
D5,2026-03-26,3,L50,Sports Station Faizabad Road,26.723309,80.844252,13:23,13,30,11.3,1.13,low_traffic,6,7
D5,2026-03-26,3,L44,Max Fashion Saharaganj,26.906398,80.981965,14:04,14,26,22.3,1.24,medium_traffic,7,7
D5,2026-03-27,4,L45,Zudio Indiranagar,26.947375,80.938976,09:16,9,20,12.8,1.6,low_traffic,1,8
D5,2026-03-27,4,L41,Fabindia Hazratganj,26.941107,80.978258,09:48,9,39,28.6,1.36,low_traffic,2,8
D5,2026-03-27,4,L48,Raymond Shop Chinhat,26.917151,80.944587,10:55,10,26,34.5,1.5,medium_traffic,3,8
D5,2026-03-27,4,L49,Bata Showroom Golf City,26.852611,80.927361,11:55,11,32,20.6,0.86,high_traffic,4,8
D5,2026-03-27,4,L47,Manyavar Mahanagar,26.914504,80.962132,12:47,12,17,24.7,1.03,medium_traffic,5,8
D5,2026-03-27,4,L42,Westside Gomti Nagar,26.802733,80.832725,13:28,13,13,23.1,1.1,low_traffic,6,8
D5,2026-03-27,4,L50,Sports Station Faizabad Road,26.723309,80.844252,14:04,14,30,23.2,1.29,low_traffic,7,8
D5,2026-03-27,4,L46,Pantaloons Rajajipuram,26.747795,81.001644,14:57,14,25,20.6,1.21,low_traffic,8,8
D5,2026-03-28,5,L44,Max Fashion Saharaganj,26.906398,80.981965,09:39,9,33,22.8,1.63,medium_traffic,1,4
D5,2026-03-28,5,L46,Pantaloons Rajajipuram,26.747795,81.001644,10:34,10,22,38.9,1.34,low_traffic,2,4
D5,2026-03-28,5,L43,Lifestyle Store Aliganj,26.797555,80.900748,11:34,11,37,22.2,1.01,medium_traffic,3,4
D5,2026-03-28,5,L48,Raymond Shop Chinhat,26.917151,80.944587,12:33,12,24,12.4,1.03,medium_traffic,4,4
D5,2026-03-30,0,L48,Raymond Shop Chinhat,26.917151,80.944587,08:39,8,14,13.7,1.71,medium_traffic,1,7
D5,2026-03-30,0,L49,Bata Showroom Golf City,26.852611,80.927361,09:06,9,34,29.6,1.41,high_traffic,2,7
D5,2026-03-30,0,L50,Sports Station Faizabad Road,26.723309,80.844252,10:09,10,27,21.4,1.43,low_traffic,3,7
D5,2026-03-30,0,L41,Fabindia Hazratganj,26.941107,80.978258,10:57,10,41,29.5,1.64,low_traffic,4,7
D5,2026-03-30,0,L47,Manyavar Mahanagar,26.914504,80.962132,12:07,12,15,27.3,0.94,medium_traffic,5,7
D5,2026-03-30,0,L45,Zudio Indiranagar,26.947375,80.938976,12:49,12,23,26.0,1.0,low_traffic,6,7
D5,2026-03-30,0,L44,Max Fashion Saharaganj,26.906398,80.981965,13:38,13,30,38.4,1.28,medium_traffic,7,7
D5,2026-03-31,1,L46,Pantaloons Rajajipuram,26.747795,81.001644,08:34,8,21,14.7,1.47,low_traffic,1,6
D5,2026-03-31,1,L48,Raymond Shop Chinhat,26.917151,80.944587,09:09,9,24,26.1,1.74,medium_traffic,2,6
D5,2026-03-31,1,L47,Manyavar Mahanagar,26.914504,80.962132,09:59,9,14,23.8,1.4,medium_traffic,3,6
D5,2026-03-31,1,L45,Zudio Indiranagar,26.947375,80.938976,10:36,10,21,24.2,1.51,low_traffic,4,6
D5,2026-03-31,1,L41,Fabindia Hazratganj,26.941107,80.978258,11:21,11,45,14.6,1.04,low_traffic,5,6
D5,2026-03-31,1,L42,Westside Gomti Nagar,26.802733,80.832725,12:20,12,20,11.0,0.92,low_traffic,6,6
D5,2026-04-01,2,L43,Lifestyle Store Aliganj,26.797555,80.900748,09:25,9,39,28.0,1.4,medium_traffic,1,5
D5,2026-04-01,2,L45,Zudio Indiranagar,26.947375,80.938976,10:32,10,20,17.1,1.71,low_traffic,2,5
D5,2026-04-01,2,L49,Bata Showroom Golf City,26.852611,80.927361,11:09,11,43,24.7,0.95,high_traffic,3,5
D5,2026-04-01,2,L44,Max Fashion Saharaganj,26.906398,80.981965,12:16,12,33,12.3,0.95,medium_traffic,4,5
D5,2026-04-01,2,L42,Westside Gomti Nagar,26.802733,80.832725,13:01,13,24,26.2,1.14,low_traffic,5,5
D5,2026-04-02,3,L50,Sports Station Faizabad Road,26.723309,80.844252,08:29,8,30,26.2,1.31,low_traffic,1,7
D5,2026-04-02,3,L48,Raymond Shop Chinhat,26.917151,80.944587,09:25,9,19,16.6,1.51,medium_traffic,2,7
D5,2026-04-02,3,L49,Bata Showroom Golf City,26.852611,80.927361,10:00,10,33,25.2,1.48,high_traffic,3,7
D5,2026-04-02,3,L43,Lifestyle Store Aliganj,26.797555,80.900748,10:58,10,34,42.6,1.52,medium_traffic,4,7
D5,2026-04-02,3,L45,Zudio Indiranagar,26.947375,80.938976,12:14,12,19,27.0,0.9,low_traffic,5,7
D5,2026-04-02,3,L41,Fabindia Hazratganj,26.941107,80.978258,13:00,13,40,24.6,1.23,low_traffic,6,7
D5,2026-04-02,3,L42,Westside Gomti Nagar,26.802733,80.832725,14:04,14,24,17.6,1.1,low_traffic,7,7
D5,2026-04-03,4,L48,Raymond Shop Chinhat,26.917151,80.944587,08:44,8,14,13.8,1.53,medium_traffic,1,7
D5,2026-04-03,4,L46,Pantaloons Rajajipuram,26.747795,81.001644,09:11,9,27,22.4,1.6,low_traffic,2,7
D5,2026-04-03,4,L49,Bata Showroom Golf City,26.852611,80.927361,10:00,10,41,31.0,1.63,high_traffic,3,7
D5,2026-04-03,4,L47,Manyavar Mahanagar,26.914504,80.962132,11:12,11,18,12.1,0.93,medium_traffic,4,7
D5,2026-04-03,4,L50,Sports Station Faizabad Road,26.723309,80.844252,11:42,11,20,21.1,0.88,low_traffic,5,7
D5,2026-04-03,4,L45,Zudio Indiranagar,26.947375,80.938976,12:23,12,20,29.0,1.0,low_traffic,6,7
D5,2026-04-03,4,L42,Westside Gomti Nagar,26.802733,80.832725,13:12,13,25,12.9,1.17,low_traffic,7,7
D5,2026-04-04,5,L50,Sports Station Faizabad Road,26.723309,80.844252,08:01,8,18,33.8,1.47,low_traffic,1,3
D5,2026-04-04,5,L42,Westside Gomti Nagar,26.802733,80.832725,08:52,8,19,20.0,1.67,low_traffic,2,3
D5,2026-04-04,5,L46,Pantaloons Rajajipuram,26.747795,81.001644,09:31,9,28,26.4,1.32,low_traffic,3,3
D5,2026-04-06,0,L46,Pantaloons Rajajipuram,26.747795,81.001644,09:29,9,23,44.8,1.79,low_traffic,1,6
D5,2026-04-06,0,L47,Manyavar Mahanagar,26.914504,80.962132,10:36,10,24,37.0,1.37,medium_traffic,2,6
D5,2026-04-06,0,L45,Zudio Indiranagar,26.947375,80.938976,11:37,11,25,16.7,0.98,low_traffic,3,6
D5,2026-04-06,0,L44,Max Fashion Saharaganj,26.906398,80.981965,12:18,12,23,15.0,0.94,medium_traffic,4,6
D5,2026-04-06,0,L48,Raymond Shop Chinhat,26.917151,80.944587,12:56,12,19,22.8,0.91,medium_traffic,5,6
D5,2026-04-06,0,L49,Bata Showroom Golf City,26.852611,80.927361,13:37,13,43,37.4,1.29,high_traffic,6,6
D5,2026-04-07,1,L49,Bata Showroom Golf City,26.852611,80.927361,08:06,8,41,28.2,1.66,high_traffic,1,5
D5,2026-04-07,1,L43,Lifestyle Store Aliganj,26.797555,80.900748,09:15,9,34,20.2,1.35,medium_traffic,2,5
D5,2026-04-07,1,L41,Fabindia Hazratganj,26.941107,80.978258,10:09,10,37,40.3,1.39,low_traffic,3,5
D5,2026-04-07,1,L46,Pantaloons Rajajipuram,26.747795,81.001644,11:26,11,26,20.2,0.92,low_traffic,4,5
D5,2026-04-07,1,L45,Zudio Indiranagar,26.947375,80.938976,12:12,12,27,23.3,0.97,low_traffic,5,5
D5,2026-04-08,2,L44,Max Fashion Saharaganj,26.906398,80.981965,08:12,8,23,14.3,1.79,medium_traffic,1,7
D5,2026-04-08,2,L45,Zudio Indiranagar,26.947375,80.938976,08:49,8,20,24.3,1.62,low_traffic,2,7
D5,2026-04-08,2,L48,Raymond Shop Chinhat,26.917151,80.944587,09:33,9,23,12.0,1.5,medium_traffic,3,7
D5,2026-04-08,2,L41,Fabindia Hazratganj,26.941107,80.978258,10:08,10,36,29.3,1.54,low_traffic,4,7
D5,2026-04-08,2,L42,Westside Gomti Nagar,26.802733,80.832725,11:13,11,19,25.5,0.98,low_traffic,5,7
D5,2026-04-08,2,L49,Bata Showroom Golf City,26.852611,80.927361,11:57,11,39,13.2,0.94,high_traffic,6,7
D5,2026-04-08,2,L50,Sports Station Faizabad Road,26.723309,80.844252,12:49,12,25,24.2,0.97,low_traffic,7,7
D5,2026-04-09,3,L41,Fabindia Hazratganj,26.941107,80.978258,08:42,8,37,41.5,1.73,low_traffic,1,5
D5,2026-04-09,3,L44,Max Fashion Saharaganj,26.906398,80.981965,10:00,10,27,25.3,1.33,medium_traffic,2,5
D5,2026-04-09,3,L48,Raymond Shop Chinhat,26.917151,80.944587,10:52,10,16,40.5,1.62,medium_traffic,3,5
D5,2026-04-09,3,L50,Sports Station Faizabad Road,26.723309,80.844252,11:48,11,19,19.1,0.87,low_traffic,4,5
D5,2026-04-09,3,L47,Manyavar Mahanagar,26.914504,80.962132,12:26,12,16,26.1,0.87,medium_traffic,5,5
D5,2026-04-10,4,L43,Lifestyle Store Aliganj,26.797555,80.900748,08:43,8,33,11.3,1.41,medium_traffic,1,6
D5,2026-04-10,4,L50,Sports Station Faizabad Road,26.723309,80.844252,09:27,9,26,31.7,1.67,low_traffic,2,6
D5,2026-04-10,4,L47,Manyavar Mahanagar,26.914504,80.962132,10:24,10,21,19.2,1.6,medium_traffic,3,6
D5,2026-04-10,4,L42,Westside Gomti Nagar,26.802733,80.832725,11:04,11,13,24.5,1.02,low_traffic,4,6
D5,2026-04-10,4,L41,Fabindia Hazratganj,26.941107,80.978258,11:41,11,41,19.2,1.01,low_traffic,5,6
D5,2026-04-10,4,L49,Bata Showroom Golf City,26.852611,80.927361,12:41,12,34,21.6,0.9,high_traffic,6,6
D5,2026-04-11,5,L44,Max Fashion Saharaganj,26.906398,80.981965,09:12,9,25,28.8,1.44,medium_traffic,1,4
D5,2026-04-11,5,L41,Fabindia Hazratganj,26.941107,80.978258,10:05,10,39,35.8,1.49,low_traffic,2,4
D5,2026-04-11,5,L48,Raymond Shop Chinhat,26.917151,80.944587,11:19,11,19,22.7,1.03,medium_traffic,3,4
D5,2026-04-11,5,L49,Bata Showroom Golf City,26.852611,80.927361,12:00,12,32,15.0,0.88,high_traffic,4,4
D5,2026-04-13,0,L43,Lifestyle Store Aliganj,26.797555,80.900748,08:09,8,42,20.0,1.54,medium_traffic,1,5
D5,2026-04-13,0,L47,Manyavar Mahanagar,26.914504,80.962132,09:11,9,18,26.9,1.79,medium_traffic,2,5
D5,2026-04-13,0,L44,Max Fashion Saharaganj,26.906398,80.981965,09:55,9,27,47.3,1.69,medium_traffic,3,5
D5,2026-04-13,0,L41,Fabindia Hazratganj,26.941107,80.978258,11:09,11,36,13.0,0.93,low_traffic,4,5
D5,2026-04-13,0,L48,Raymond Shop Chinhat,26.917151,80.944587,11:58,11,17,10.2,1.02,medium_traffic,5,5
D5,2026-04-14,1,L50,Sports Station Faizabad Road,26.723309,80.844252,08:43,8,18,25.9,1.44,low_traffic,1,7
D5,2026-04-14,1,L44,Max Fashion Saharaganj,26.906398,80.981965,09:26,9,25,38.9,1.62,medium_traffic,2,7
D5,2026-04-14,1,L41,Fabindia Hazratganj,26.941107,80.978258,10:29,10,42,43.7,1.56,low_traffic,3,7
D5,2026-04-14,1,L48,Raymond Shop Chinhat,26.917151,80.944587,11:54,11,21,27.3,0.94,medium_traffic,4,7
D5,2026-04-14,1,L45,Zudio Indiranagar,26.947375,80.938976,12:42,12,26,10.0,0.91,low_traffic,5,7
D5,2026-04-14,1,L49,Bata Showroom Golf City,26.852611,80.927361,13:18,13,34,27.5,1.25,high_traffic,6,7
D5,2026-04-14,1,L46,Pantaloons Rajajipuram,26.747795,81.001644,14:19,14,20,20.0,1.11,low_traffic,7,7
D5,2026-04-15,2,L41,Fabindia Hazratganj,26.941107,80.978258,09:14,9,44,15.6,1.56,low_traffic,1,5
D5,2026-04-15,2,L49,Bata Showroom Golf City,26.852611,80.927361,10:13,10,37,43.2,1.6,high_traffic,2,5
D5,2026-04-15,2,L43,Lifestyle Store Aliganj,26.797555,80.900748,11:33,11,37,26.1,0.9,medium_traffic,3,5
D5,2026-04-15,2,L48,Raymond Shop Chinhat,26.917151,80.944587,12:36,12,20,21.4,1.02,medium_traffic,4,5
D5,2026-04-15,2,L50,Sports Station Faizabad Road,26.723309,80.844252,13:17,13,30,12.2,1.11,low_traffic,5,5
D5,2026-04-16,3,L42,Westside Gomti Nagar,26.802733,80.832725,08:45,8,22,25.5,1.7,low_traffic,1,7
D5,2026-04-16,3,L47,Manyavar Mahanagar,26.914504,80.962132,09:32,9,18,40.3,1.55,medium_traffic,2,7
D5,2026-04-16,3,L41,Fabindia Hazratganj,26.941107,80.978258,10:30,10,45,17.9,1.63,low_traffic,3,7
D5,2026-04-16,3,L49,Bata Showroom Golf City,26.852611,80.927361,11:32,11,40,23.5,1.02,high_traffic,4,7
D5,2026-04-16,3,L43,Lifestyle Store Aliganj,26.797555,80.900748,12:35,12,36,25.2,0.97,medium_traffic,5,7
D5,2026-04-16,3,L48,Raymond Shop Chinhat,26.917151,80.944587,13:36,13,20,35.4,1.22,medium_traffic,6,7
D5,2026-04-16,3,L44,Max Fashion Saharaganj,26.906398,80.981965,14:31,14,30,12.2,1.11,medium_traffic,7,7
D5,2026-04-17,4,L45,Zudio Indiranagar,26.947375,80.938976,09:41,9,27,37.2,1.69,low_traffic,1,5
D5,2026-04-17,4,L41,Fabindia Hazratganj,26.941107,80.978258,10:45,10,39,15.6,1.73,low_traffic,2,5
D5,2026-04-17,4,L46,Pantaloons Rajajipuram,26.747795,81.001644,11:39,11,27,28.3,1.01,low_traffic,3,5
D5,2026-04-17,4,L44,Max Fashion Saharaganj,26.906398,80.981965,12:34,12,21,29.3,1.01,medium_traffic,4,5
D5,2026-04-17,4,L43,Lifestyle Store Aliganj,26.797555,80.900748,13:24,13,30,14.8,1.14,medium_traffic,5,5
D5,2026-04-18,5,L50,Sports Station Faizabad Road,26.723309,80.844252,09:15,9,23,13.0,1.44,low_traffic,1,5
D5,2026-04-18,5,L48,Raymond Shop Chinhat,26.917151,80.944587,09:51,9,18,42.8,1.53,medium_traffic,2,5
D5,2026-04-18,5,L49,Bata Showroom Golf City,26.852611,80.927361,10:51,10,35,21.8,1.68,high_traffic,3,5
D5,2026-04-18,5,L43,Lifestyle Store Aliganj,26.797555,80.900748,11:47,11,40,24.0,0.96,medium_traffic,4,5
D5,2026-04-18,5,L47,Manyavar Mahanagar,26.914504,80.962132,12:51,12,24,18.2,0.91,medium_traffic,5,5
D5,2026-04-20,0,L41,Fabindia Hazratganj,26.941107,80.978258,08:05,8,42,29.2,1.62,low_traffic,1,7
D5,2026-04-20,0,L46,Pantaloons Rajajipuram,26.747795,81.001644,09:16,9,28,20.2,1.55,low_traffic,2,7
D5,2026-04-20,0,L44,Max Fashion Saharaganj,26.906398,80.981965,10:04,10,32,23.8,1.49,medium_traffic,3,7
D5,2026-04-20,0,L49,Bata Showroom Golf City,26.852611,80.927361,10:59,10,44,27.7,1.54,high_traffic,4,7
D5,2026-04-20,0,L45,Zudio Indiranagar,26.947375,80.938976,12:10,12,30,17.9,0.94,low_traffic,5,7
D5,2026-04-20,0,L47,Manyavar Mahanagar,26.914504,80.962132,12:57,12,17,11.4,0.88,medium_traffic,6,7
D5,2026-04-20,0,L50,Sports Station Faizabad Road,26.723309,80.844252,13:25,13,27,15.4,1.1,low_traffic,7,7
D5,2026-04-21,1,L43,Lifestyle Store Aliganj,26.797555,80.900748,08:05,8,40,36.5,1.35,medium_traffic,1,7
D5,2026-04-21,1,L41,Fabindia Hazratganj,26.941107,80.978258,09:21,9,35,24.0,1.5,low_traffic,2,7
D5,2026-04-21,1,L44,Max Fashion Saharaganj,26.906398,80.981965,10:20,10,26,41.5,1.66,medium_traffic,3,7
D5,2026-04-21,1,L42,Westside Gomti Nagar,26.802733,80.832725,11:27,11,14,18.6,0.93,low_traffic,4,7
D5,2026-04-21,1,L46,Pantaloons Rajajipuram,26.747795,81.001644,11:59,11,25,17.3,1.02,low_traffic,5,7
D5,2026-04-21,1,L48,Raymond Shop Chinhat,26.917151,80.944587,12:41,12,19,9.6,0.96,medium_traffic,6,7
D5,2026-04-21,1,L47,Manyavar Mahanagar,26.914504,80.962132,13:09,13,12,28.6,1.3,medium_traffic,7,7
D5,2026-04-22,2,L46,Pantaloons Rajajipuram,26.747795,81.001644,09:41,9,16,20.5,1.71,low_traffic,1,6
D5,2026-04-22,2,L50,Sports Station Faizabad Road,26.723309,80.844252,10:17,10,27,11.6,1.45,low_traffic,2,6
D5,2026-04-22,2,L47,Manyavar Mahanagar,26.914504,80.962132,10:55,10,18,33.9,1.54,medium_traffic,3,6
D5,2026-04-22,2,L48,Raymond Shop Chinhat,26.917151,80.944587,11:46,11,17,25.0,0.96,medium_traffic,4,6
D5,2026-04-22,2,L42,Westside Gomti Nagar,26.802733,80.832725,12:28,12,22,22.3,0.93,low_traffic,5,6
D5,2026-04-22,2,L44,Max Fashion Saharaganj,26.906398,80.981965,13:12,13,27,30.7,1.18,medium_traffic,6,6
D5,2026-04-23,3,L41,Fabindia Hazratganj,26.941107,80.978258,08:44,8,36,41.1,1.37,low_traffic,1,7
D5,2026-04-23,3,L49,Bata Showroom Golf City,26.852611,80.927361,10:01,10,34,44.2,1.7,high_traffic,2,7
D5,2026-04-23,3,L44,Max Fashion Saharaganj,26.906398,80.981965,11:19,11,32,20.9,0.87,medium_traffic,3,7
D5,2026-04-23,3,L50,Sports Station Faizabad Road,26.723309,80.844252,12:11,12,19,17.1,0.95,low_traffic,4,7
D5,2026-04-23,3,L42,Westside Gomti Nagar,26.802733,80.832725,12:47,12,16,27.3,1.01,low_traffic,5,7
D5,2026-04-23,3,L48,Raymond Shop Chinhat,26.917151,80.944587,13:30,13,25,37.2,1.24,medium_traffic,6,7
D5,2026-04-23,3,L43,Lifestyle Store Aliganj,26.797555,80.900748,14:32,14,33,30.8,1.23,medium_traffic,7,7
D5,2026-04-24,4,L42,Westside Gomti Nagar,26.802733,80.832725,08:35,8,13,42.6,1.52,low_traffic,1,8
D5,2026-04-24,4,L43,Lifestyle Store Aliganj,26.797555,80.900748,09:30,9,41,40.2,1.75,medium_traffic,2,8
D5,2026-04-24,4,L49,Bata Showroom Golf City,26.852611,80.927361,10:51,10,37,39.7,1.37,high_traffic,3,8
D5,2026-04-24,4,L47,Manyavar Mahanagar,26.914504,80.962132,12:07,12,21,13.8,0.86,medium_traffic,4,8
D5,2026-04-24,4,L46,Pantaloons Rajajipuram,26.747795,81.001644,12:41,12,27,7.2,0.9,low_traffic,5,8
D5,2026-04-24,4,L44,Max Fashion Saharaganj,26.906398,80.981965,13:15,13,32,25.6,1.22,medium_traffic,6,8
D5,2026-04-24,4,L50,Sports Station Faizabad Road,26.723309,80.844252,14:12,14,24,15.0,1.25,low_traffic,7,8
D5,2026-04-24,4,L48,Raymond Shop Chinhat,26.917151,80.944587,14:51,14,18,25.1,1.14,medium_traffic,8,8
D5,2026-04-25,5,L41,Fabindia Hazratganj,26.941107,80.978258,08:39,8,42,25.3,1.33,low_traffic,1,5
D5,2026-04-25,5,L49,Bata Showroom Golf City,26.852611,80.927361,09:46,9,41,13.6,1.36,high_traffic,2,5
D5,2026-04-25,5,L43,Lifestyle Store Aliganj,26.797555,80.900748,10:40,10,41,27.9,1.33,medium_traffic,3,5
D5,2026-04-25,5,L42,Westside Gomti Nagar,26.802733,80.832725,11:48,11,16,12.3,0.88,low_traffic,4,5
D5,2026-04-25,5,L48,Raymond Shop Chinhat,26.917151,80.944587,12:16,12,16,13.7,1.05,medium_traffic,5,5
D5,2026-04-27,0,L50,Sports Station Faizabad Road,26.723309,80.844252,09:08,9,19,22.4,1.72,low_traffic,1,5
D5,2026-04-27,0,L43,Lifestyle Store Aliganj,26.797555,80.900748,09:49,9,41,19.0,1.46,medium_traffic,2,5
D5,2026-04-27,0,L49,Bata Showroom Golf City,26.852611,80.927361,10:49,10,39,24.3,1.52,high_traffic,3,5
D5,2026-04-27,0,L45,Zudio Indiranagar,26.947375,80.938976,11:52,11,24,13.9,0.87,low_traffic,4,5
D5,2026-04-27,0,L44,Max Fashion Saharaganj,26.906398,80.981965,12:29,12,31,16.9,0.89,medium_traffic,5,5
D5,2026-04-28,1,L49,Bata Showroom Golf City,26.852611,80.927361,09:06,9,32,33.1,1.38,high_traffic,1,5
D5,2026-04-28,1,L44,Max Fashion Saharaganj,26.906398,80.981965,10:11,10,25,26.0,1.3,medium_traffic,2,5
D5,2026-04-28,1,L50,Sports Station Faizabad Road,26.723309,80.844252,11:02,11,27,22.4,0.86,low_traffic,3,5
D5,2026-04-28,1,L47,Manyavar Mahanagar,26.914504,80.962132,11:51,11,14,9.2,0.92,medium_traffic,4,5
D5,2026-04-28,1,L41,Fabindia Hazratganj,26.941107,80.978258,12:14,12,40,24.0,0.89,low_traffic,5,5
D5,2026-04-29,2,L45,Zudio Indiranagar,26.947375,80.938976,09:45,9,26,22.4,1.72,low_traffic,1,6
D5,2026-04-29,2,L47,Manyavar Mahanagar,26.914504,80.962132,10:33,10,12,30.1,1.37,medium_traffic,2,6
D5,2026-04-29,2,L50,Sports Station Faizabad Road,26.723309,80.844252,11:15,11,30,24.2,0.97,low_traffic,3,6
D5,2026-04-29,2,L43,Lifestyle Store Aliganj,26.797555,80.900748,12:09,12,34,17.7,1.04,medium_traffic,4,6
D5,2026-04-29,2,L42,Westside Gomti Nagar,26.802733,80.832725,13:00,13,15,32.5,1.12,low_traffic,5,6
D5,2026-04-29,2,L48,Raymond Shop Chinhat,26.917151,80.944587,13:47,13,15,15.9,1.22,medium_traffic,6,6
D5,2026-04-30,3,L49,Bata Showroom Golf City,26.852611,80.927361,08:21,8,35,17.0,1.42,high_traffic,1,8
D5,2026-04-30,3,L41,Fabindia Hazratganj,26.941107,80.978258,09:13,9,36,40.9,1.78,low_traffic,2,8
D5,2026-04-30,3,L42,Westside Gomti Nagar,26.802733,80.832725,10:29,10,18,15.3,1.7,low_traffic,3,8
D5,2026-04-30,3,L47,Manyavar Mahanagar,26.914504,80.962132,11:02,11,24,19.8,0.86,medium_traffic,4,8
D5,2026-04-30,3,L45,Zudio Indiranagar,26.947375,80.938976,11:45,11,29,29.6,1.02,low_traffic,5,8
D5,2026-04-30,3,L48,Raymond Shop Chinhat,26.917151,80.944587,12:43,12,15,26.0,1.0,medium_traffic,6,8
D5,2026-04-30,3,L50,Sports Station Faizabad Road,26.723309,80.844252,13:24,13,28,12.7,1.27,low_traffic,7,8
D5,2026-04-30,3,L46,Pantaloons Rajajipuram,26.747795,81.001644,14:04,14,25,29.5,1.23,low_traffic,8,8
D6,2026-01-02,4,L01,Metro Cash & Carry Hazratganj,26.81408,81.063386,09:27,9,28,34.3,1.49,low_traffic,1,8
D6,2026-01-02,4,L12,Grofers Hub Vikas Nagar,26.792658,80.911454,10:29,10,39,27.9,1.55,medium_traffic,2,8
D6,2026-01-02,4,L22,Cake Hub Gomti Nagar,26.725641,81.052623,11:35,11,19,19.0,0.95,low_traffic,3,8
D6,2026-01-02,4,L02,Big Bazaar Gomti Nagar,26.907018,80.971851,12:13,12,23,16.1,0.95,medium_traffic,4,8
D6,2026-01-02,4,L42,Westside Gomti Nagar,26.802733,80.832725,12:52,12,21,8.9,0.99,low_traffic,5,8
D6,2026-01-02,4,L11,Walmart Best Price Kursi Road,26.875782,80.852468,13:21,13,30,17.8,1.27,low_traffic,6,8
D6,2026-01-02,4,L21,Monginis Bakery Hazratganj,26.74843,80.944946,14:08,14,25,30.2,1.16,medium_traffic,7,8
D6,2026-01-02,4,L41,Fabindia Hazratganj,26.941107,80.978258,15:03,15,35,25.8,1.03,low_traffic,8,8
D6,2026-01-03,5,L42,Westside Gomti Nagar,26.802733,80.832725,09:32,9,21,20.3,1.56,low_traffic,1,5
D6,2026-01-03,5,L12,Grofers Hub Vikas Nagar,26.792658,80.911454,10:13,10,31,44.7,1.49,medium_traffic,2,5
D6,2026-01-03,5,L41,Fabindia Hazratganj,26.941107,80.978258,11:28,11,40,11.3,1.03,low_traffic,3,5
D6,2026-01-03,5,L11,Walmart Best Price Kursi Road,26.875782,80.852468,12:19,12,40,15.6,1.04,low_traffic,4,5
D6,2026-01-03,5,L31,Croma Hazratganj,26.817756,80.886751,13:14,13,28,34.8,1.16,medium_traffic,5,5
D6,2026-01-05,0,L02,Big Bazaar Gomti Nagar,26.907018,80.971851,09:11,9,16,26.9,1.79,medium_traffic,1,8
D6,2026-01-05,0,L12,Grofers Hub Vikas Nagar,26.792658,80.911454,09:53,9,31,35.2,1.76,medium_traffic,2,8
D6,2026-01-05,0,L41,Fabindia Hazratganj,26.941107,80.978258,10:59,10,36,37.3,1.38,low_traffic,3,8
D6,2026-01-05,0,L21,Monginis Bakery Hazratganj,26.74843,80.944946,12:12,12,20,15.5,0.97,medium_traffic,4,8
D6,2026-01-05,0,L22,Cake Hub Gomti Nagar,26.725641,81.052623,12:47,12,25,29.7,0.99,low_traffic,5,8
D6,2026-01-05,0,L11,Walmart Best Price Kursi Road,26.875782,80.852468,13:41,13,40,32.5,1.16,low_traffic,6,8
D6,2026-01-05,0,L42,Westside Gomti Nagar,26.802733,80.832725,14:53,14,24,26.9,1.28,low_traffic,7,8
D6,2026-01-05,0,L32,Vijay Sales Gomti Nagar,26.932172,80.908956,15:43,15,27,17.8,0.85,low_traffic,8,8
D6,2026-01-06,1,L12,Grofers Hub Vikas Nagar,26.792658,80.911454,08:42,8,41,16.4,1.64,medium_traffic,1,7
D6,2026-01-06,1,L11,Walmart Best Price Kursi Road,26.875782,80.852468,09:39,9,41,17.7,1.36,low_traffic,2,7
D6,2026-01-06,1,L21,Monginis Bakery Hazratganj,26.74843,80.944946,10:37,10,22,20.0,1.54,medium_traffic,3,7
D6,2026-01-06,1,L02,Big Bazaar Gomti Nagar,26.907018,80.971851,11:19,11,21,14.7,0.92,medium_traffic,4,7
D6,2026-01-06,1,L42,Westside Gomti Nagar,26.802733,80.832725,11:54,11,19,29.7,0.99,low_traffic,5,7
D6,2026-01-06,1,L01,Metro Cash & Carry Hazratganj,26.81408,81.063386,12:42,12,32,15.5,0.91,low_traffic,6,7
D6,2026-01-06,1,L32,Vijay Sales Gomti Nagar,26.932172,80.908956,13:29,13,22,20.3,1.27,low_traffic,7,7
D6,2026-01-07,2,L02,Big Bazaar Gomti Nagar,26.907018,80.971851,09:30,9,11,20.2,1.35,medium_traffic,1,5
D6,2026-01-07,2,L01,Metro Cash & Carry Hazratganj,26.81408,81.063386,10:01,10,29,22.4,1.72,low_traffic,2,5
D6,2026-01-07,2,L21,Monginis Bakery Hazratganj,26.74843,80.944946,10:52,10,17,16.8,1.68,medium_traffic,3,5
D6,2026-01-07,2,L42,Westside Gomti Nagar,26.802733,80.832725,11:25,11,20,17.9,0.94,low_traffic,4,5
D6,2026-01-07,2,L22,Cake Hub Gomti Nagar,26.725641,81.052623,12:02,12,24,22.0,1.0,low_traffic,5,5
D6,2026-01-08,3,L12,Grofers Hub Vikas Nagar,26.792658,80.911454,09:11,9,41,20.7,1.48,medium_traffic,1,5
D6,2026-01-08,3,L11,Walmart Best Price Kursi Road,26.875782,80.852468,10:12,10,31,26.6,1.33,low_traffic,2,5
D6,2026-01-08,3,L22,Cake Hub Gomti Nagar,26.725641,81.052623,11:09,11,16,25.0,1.04,low_traffic,3,5
D6,2026-01-08,3,L41,Fabindia Hazratganj,26.941107,80.978258,11:50,11,36,25.2,0.9,low_traffic,4,5
D6,2026-01-08,3,L01,Metro Cash & Carry Hazratganj,26.81408,81.063386,12:51,12,28,20.2,0.92,low_traffic,5,5
D6,2026-01-09,4,L12,Grofers Hub Vikas Nagar,26.792658,80.911454,08:26,8,40,12.5,1.56,medium_traffic,1,8
D6,2026-01-09,4,L32,Vijay Sales Gomti Nagar,26.932172,80.908956,09:18,9,26,29.9,1.66,low_traffic,2,8
D6,2026-01-09,4,L01,Metro Cash & Carry Hazratganj,26.81408,81.063386,10:13,10,38,14.5,1.32,low_traffic,3,8
D6,2026-01-09,4,L21,Monginis Bakery Hazratganj,26.74843,80.944946,11:05,11,14,18.0,0.9,medium_traffic,4,8
D6,2026-01-09,4,L02,Big Bazaar Gomti Nagar,26.907018,80.971851,11:37,11,23,19.2,0.96,medium_traffic,5,8
D6,2026-01-09,4,L42,Westside Gomti Nagar,26.802733,80.832725,12:19,12,25,14.4,0.96,low_traffic,6,8
D6,2026-01-09,4,L22,Cake Hub Gomti Nagar,26.725641,81.052623,12:58,12,23,25.5,0.98,low_traffic,7,8
D6,2026-01-09,4,L41,Fabindia Hazratganj,26.941107,80.978258,13:46,13,40,31.1,1.11,low_traffic,8,8
D6,2026-01-10,5,L01,Metro Cash & Carry Hazratganj,26.81408,81.063386,09:40,9,35,18.4,1.53,low_traffic,1,5
D6,2026-01-10,5,L32,Vijay Sales Gomti Nagar,26.932172,80.908956,10:33,10,24,29.8,1.57,low_traffic,2,5
D6,2026-01-10,5,L21,Monginis Bakery Hazratganj,26.74843,80.944946,11:26,11,25,24.6,0.88,medium_traffic,3,5
D6,2026-01-10,5,L22,Cake Hub Gomti Nagar,26.725641,81.052623,12:15,12,19,17.6,0.88,low_traffic,4,5
D6,2026-01-10,5,L11,Walmart Best Price Kursi Road,26.875782,80.852468,12:51,12,40,19.6,1.03,low_traffic,5,5
D6,2026-01-12,0,L22,Cake Hub Gomti Nagar,26.725641,81.052623,09:13,9,21,37.2,1.77,low_traffic,1,5
D6,2026-01-12,0,L42,Westside Gomti Nagar,26.802733,80.832725,10:11,10,20,33.7,1.53,low_traffic,2,5
D6,2026-01-12,0,L32,Vijay Sales Gomti Nagar,26.932172,80.908956,11:04,11,26,22.9,1.04,low_traffic,3,5
D6,2026-01-12,0,L11,Walmart Best Price Kursi Road,26.875782,80.852468,11:52,11,35,26.7,0.92,low_traffic,4,5
D6,2026-01-12,0,L02,Big Bazaar Gomti Nagar,26.907018,80.971851,12:53,12,14,21.1,0.88,medium_traffic,5,5
D6,2026-01-13,1,L01,Metro Cash & Carry Hazratganj,26.81408,81.063386,09:41,9,30,29.0,1.45,low_traffic,1,6
D6,2026-01-13,1,L22,Cake Hub Gomti Nagar,26.725641,81.052623,10:40,10,25,38.5,1.54,low_traffic,2,6
D6,2026-01-13,1,L11,Walmart Best Price Kursi Road,26.875782,80.852468,11:43,11,35,25.4,0.94,low_traffic,3,6
D6,2026-01-13,1,L21,Monginis Bakery Hazratganj,26.74843,80.944946,12:43,12,19,12.0,0.86,medium_traffic,4,6
D6,2026-01-13,1,L41,Fabindia Hazratganj,26.941107,80.978258,13:14,13,43,15.7,1.21,low_traffic,5,6
D6,2026-01-13,1,L02,Big Bazaar Gomti Nagar,26.907018,80.971851,14:12,14,17,28.3,1.18,medium_traffic,6,6
D6,2026-01-14,2,L02,Big Bazaar Gomti Nagar,26.907018,80.971851,09:36,9,13,23.7,1.69,medium_traffic,1,6
D6,2026-01-14,2,L32,Vijay Sales Gomti Nagar,26.932172,80.908956,10:12,10,24,33.2,1.51,low_traffic,2,6
D6,2026-01-14,2,L12,Grofers Hub Vikas Nagar,26.792658,80.911454,11:09,11,43,12.2,1.02,medium_traffic,3,6
D6,2026-01-14,2,L21,Monginis Bakery Hazratganj,26.74843,80.944946,12:04,12,23,18.7,1.04,medium_traffic,4,6
D6,2026-01-14,2,L11,Walmart Best Price Kursi Road,26.875782,80.852468,12:45,12,37,28.1,1.04,low_traffic,5,6
D6,2026-01-14,2,L41,Fabindia Hazratganj,26.941107,80.978258,13:50,13,43,11.2,1.25,low_traffic,6,6
D6,2026-01-15,3,L31,Croma Hazratganj,26.817756,80.886751,08:09,8,26,30.3,1.78,medium_traffic,1,5
D6,2026-01-15,3,L41,Fabindia Hazratganj,26.941107,80.978258,09:05,9,42,26.6,1.48,low_traffic,2,5
D6,2026-01-15,3,L32,Vijay Sales Gomti Nagar,26.932172,80.908956,10:13,10,28,38.5,1.75,low_traffic,3,5
D6,2026-01-15,3,L02,Big Bazaar Gomti Nagar,26.907018,80.971851,11:19,11,15,12.0,0.92,medium_traffic,4,5
D6,2026-01-15,3,L21,Monginis Bakery Hazratganj,26.74843,80.944946,11:46,11,16,22.8,0.91,medium_traffic,5,5
D6,2026-01-16,4,L01,Metro Cash & Carry Hazratganj,26.81408,81.063386,09:44,9,29,25.8,1.72,low_traffic,1,6
D6,2026-01-16,4,L02,Big Bazaar Gomti Nagar,26.907018,80.971851,10:38,10,18,19.6,1.63,medium_traffic,2,6
D6,2026-01-16,4,L42,Westside Gomti Nagar,26.802733,80.832725,11:15,11,15,7.8,0.87,low_traffic,3,6
D6,2026-01-16,4,L22,Cake Hub Gomti Nagar,26.725641,81.052623,11:37,11,21,23.7,1.03,low_traffic,4,6
D6,2026-01-16,4,L31,Croma Hazratganj,26.817756,80.886751,12:21,12,34,7.6,0.95,medium_traffic,5,6
D6,2026-01-16,4,L32,Vijay Sales Gomti Nagar,26.932172,80.908956,13:02,13,28,23.6,1.24,low_traffic,6,6
D6,2026-01-17,5,L02,Big Bazaar Gomti Nagar,26.907018,80.971851,09:04,9,15,37.5,1.39,medium_traffic,1,5
D6,2026-01-17,5,L12,Grofers Hub Vikas Nagar,26.792658,80.911454,09:56,9,32,19.7,1.64,medium_traffic,2,5
D6,2026-01-17,5,L11,Walmart Best Price Kursi Road,26.875782,80.852468,10:47,10,32,52.2,1.8,low_traffic,3,5
D6,2026-01-17,5,L32,Vijay Sales Gomti Nagar,26.932172,80.908956,12:11,12,25,18.7,1.04,low_traffic,4,5
D6,2026-01-17,5,L41,Fabindia Hazratganj,26.941107,80.978258,12:54,12,38,9.9,0.99,low_traffic,5,5
D6,2026-01-19,0,L41,Fabindia Hazratganj,26.941107,80.978258,09:20,9,43,15.8,1.75,low_traffic,1,8
D6,2026-01-19,0,L42,Westside Gomti Nagar,26.802733,80.832725,10:18,10,17,24.1,1.42,low_traffic,2,8
D6,2026-01-19,0,L31,Croma Hazratganj,26.817756,80.886751,10:59,10,30,31.9,1.52,medium_traffic,3,8
D6,2026-01-19,0,L02,Big Bazaar Gomti Nagar,26.907018,80.971851,12:00,12,18,24.9,0.86,medium_traffic,4,8
D6,2026-01-19,0,L11,Walmart Best Price Kursi Road,26.875782,80.852468,12:42,12,37,17.6,0.98,low_traffic,5,8
D6,2026-01-19,0,L32,Vijay Sales Gomti Nagar,26.932172,80.908956,13:36,13,21,30.0,1.11,low_traffic,6,8
D6,2026-01-19,0,L22,Cake Hub Gomti Nagar,26.725641,81.052623,14:27,14,19,10.0,1.25,low_traffic,7,8
D6,2026-01-19,0,L21,Monginis Bakery Hazratganj,26.74843,80.944946,14:56,14,20,27.1,1.18,medium_traffic,8,8
D6,2026-01-20,1,L42,Westside Gomti Nagar,26.802733,80.832725,08:22,8,16,41.5,1.66,low_traffic,1,8
D6,2026-01-20,1,L02,Big Bazaar Gomti Nagar,26.907018,80.971851,09:19,9,12,24.6,1.54,medium_traffic,2,8
D6,2026-01-20,1,L11,Walmart Best Price Kursi Road,26.875782,80.852468,09:55,9,30,51.0,1.76,low_traffic,3,8
D6,2026-01-20,1,L31,Croma Hazratganj,26.817756,80.886751,11:16,11,33,18.2,1.01,medium_traffic,4,8
D6,2026-01-20,1,L32,Vijay Sales Gomti Nagar,26.932172,80.908956,12:07,12,33,8.2,1.03,low_traffic,5,8
D6,2026-01-20,1,L22,Cake Hub Gomti Nagar,26.725641,81.052623,12:48,12,18,9.7,0.88,low_traffic,6,8
D6,2026-01-20,1,L21,Monginis Bakery Hazratganj,26.74843,80.944946,13:15,13,15,21.1,1.11,medium_traffic,7,8
D6,2026-01-20,1,L12,Grofers Hub Vikas Nagar,26.792658,80.911454,13:51,13,43,16.9,1.13,medium_traffic,8,8
D6,2026-01-21,2,L12,Grofers Hub Vikas Nagar,26.792658,80.911454,09:42,9,31,14.9,1.35,medium_traffic,1,5
D6,2026-01-21,2,L42,Westside Gomti Nagar,26.802733,80.832725,10:27,10,24,23.1,1.65,low_traffic,2,5
D6,2026-01-21,2,L31,Croma Hazratganj,26.817756,80.886751,11:14,11,26,13.5,1.04,medium_traffic,3,5
D6,2026-01-21,2,L22,Cake Hub Gomti Nagar,26.725641,81.052623,11:53,11,15,9.9,0.99,low_traffic,4,5
D6,2026-01-21,2,L41,Fabindia Hazratganj,26.941107,80.978258,12:17,12,36,27.3,0.94,low_traffic,5,5
D6,2026-01-22,3,L22,Cake Hub Gomti Nagar,26.725641,81.052623,09:38,9,19,37.9,1.65,low_traffic,1,6
D6,2026-01-22,3,L42,Westside Gomti Nagar,26.802733,80.832725,10:34,10,13,43.4,1.67,low_traffic,2,6
D6,2026-01-22,3,L31,Croma Hazratganj,26.817756,80.886751,11:30,11,25,22.6,0.94,medium_traffic,3,6
D6,2026-01-22,3,L32,Vijay Sales Gomti Nagar,26.932172,80.908956,12:17,12,25,12.2,0.87,low_traffic,4,6
D6,2026-01-22,3,L41,Fabindia Hazratganj,26.941107,80.978258,12:54,12,42,22.0,0.88,low_traffic,5,6
D6,2026-01-22,3,L02,Big Bazaar Gomti Nagar,26.907018,80.971851,13:58,13,12,38.7,1.29,medium_traffic,6,6
D6,2026-01-23,4,L01,Metro Cash & Carry Hazratganj,26.81408,81.063386,09:32,9,34,22.7,1.62,low_traffic,1,5
D6,2026-01-23,4,L41,Fabindia Hazratganj,26.941107,80.978258,10:28,10,44,27.2,1.43,low_traffic,2,5
D6,2026-01-23,4,L32,Vijay Sales Gomti Nagar,26.932172,80.908956,11:39,11,31,7.2,0.9,low_traffic,3,5
D6,2026-01-23,4,L42,Westside Gomti Nagar,26.802733,80.832725,12:17,12,17,29.9,1.03,low_traffic,4,5
D6,2026-01-23,4,L22,Cake Hub Gomti Nagar,26.725641,81.052623,13:03,13,16,15.1,1.16,low_traffic,5,5
D6,2026-01-24,5,L21,Monginis Bakery Hazratganj,26.74843,80.944946,08:43,8,26,34.8,1.34,medium_traffic,1,3
D6,2026-01-24,5,L42,Westside Gomti Nagar,26.802733,80.832725,09:43,9,24,33.4,1.76,low_traffic,2,3
D6,2026-01-24,5,L12,Grofers Hub Vikas Nagar,26.792658,80.911454,10:40,10,32,47.6,1.64,medium_traffic,3,3
D6,2026-01-26,0,L01,Metro Cash & Carry Hazratganj,26.81408,81.063386,09:34,9,31,25.2,1.8,low_traffic,1,7
D6,2026-01-26,0,L41,Fabindia Hazratganj,26.941107,80.978258,10:30,10,44,14.3,1.59,low_traffic,2,7
D6,2026-01-26,0,L11,Walmart Best Price Kursi Road,26.875782,80.852468,11:28,11,36,20.2,0.92,low_traffic,3,7
D6,2026-01-26,0,L12,Grofers Hub Vikas Nagar,26.792658,80.911454,12:24,12,38,18.2,0.91,medium_traffic,4,7
D6,2026-01-26,0,L21,Monginis Bakery Hazratganj,26.74843,80.944946,13:20,13,21,27.9,1.27,medium_traffic,5,7
D6,2026-01-26,0,L31,Croma Hazratganj,26.817756,80.886751,14:08,14,31,22.6,1.13,medium_traffic,6,7
D6,2026-01-26,0,L32,Vijay Sales Gomti Nagar,26.932172,80.908956,15:01,15,33,12.5,1.04,low_traffic,7,7
D6,2026-01-27,1,L41,Fabindia Hazratganj,26.941107,80.978258,08:06,8,35,30.1,1.31,low_traffic,1,7
D6,2026-01-27,1,L22,Cake Hub Gomti Nagar,26.725641,81.052623,09:11,9,15,20.2,1.44,low_traffic,2,7
D6,2026-01-27,1,L02,Big Bazaar Gomti Nagar,26.907018,80.971851,09:46,9,15,20.2,1.55,medium_traffic,3,7
D6,2026-01-27,1,L11,Walmart Best Price Kursi Road,26.875782,80.852468,10:21,10,33,42.8,1.71,low_traffic,4,7
D6,2026-01-27,1,L31,Croma Hazratganj,26.817756,80.886751,11:36,11,34,20.7,0.9,medium_traffic,5,7
D6,2026-01-27,1,L01,Metro Cash & Carry Hazratganj,26.81408,81.063386,12:30,12,34,20.8,0.99,low_traffic,6,7
D6,2026-01-27,1,L32,Vijay Sales Gomti Nagar,26.932172,80.908956,13:24,13,28,16.8,1.29,low_traffic,7,7
D6,2026-01-28,2,L22,Cake Hub Gomti Nagar,26.725641,81.052623,09:13,9,19,12.1,1.51,low_traffic,1,5
D6,2026-01-28,2,L41,Fabindia Hazratganj,26.941107,80.978258,09:44,9,43,29.2,1.62,low_traffic,2,5
D6,2026-01-28,2,L01,Metro Cash & Carry Hazratganj,26.81408,81.063386,10:56,10,34,39.4,1.46,low_traffic,3,5
D6,2026-01-28,2,L12,Grofers Hub Vikas Nagar,26.792658,80.911454,12:09,12,33,26.2,0.97,medium_traffic,4,5
D6,2026-01-28,2,L31,Croma Hazratganj,26.817756,80.886751,13:08,13,36,21.8,1.21,medium_traffic,5,5
D6,2026-01-29,3,L41,Fabindia Hazratganj,26.941107,80.978258,08:20,8,43,29.5,1.64,low_traffic,1,7
D6,2026-01-29,3,L32,Vijay Sales Gomti Nagar,26.932172,80.908956,09:32,9,33,40.5,1.76,low_traffic,2,7
D6,2026-01-29,3,L11,Walmart Best Price Kursi Road,26.875782,80.852468,10:45,10,38,25.9,1.44,low_traffic,3,7
D6,2026-01-29,3,L42,Westside Gomti Nagar,26.802733,80.832725,11:48,11,16,30.3,1.01,low_traffic,4,7
D6,2026-01-29,3,L31,Croma Hazratganj,26.817756,80.886751,12:34,12,37,18.5,1.03,medium_traffic,5,7
D6,2026-01-29,3,L12,Grofers Hub Vikas Nagar,26.792658,80.911454,13:29,13,42,18.4,1.23,medium_traffic,6,7
D6,2026-01-29,3,L01,Metro Cash & Carry Hazratganj,26.81408,81.063386,14:29,14,31,18.3,1.22,low_traffic,7,7
D6,2026-01-30,4,L12,Grofers Hub Vikas Nagar,26.792658,80.911454,08:33,8,42,41.9,1.55,medium_traffic,1,8
D6,2026-01-30,4,L11,Walmart Best Price Kursi Road,26.875782,80.852468,09:56,9,35,31.5,1.43,low_traffic,2,8
D6,2026-01-30,4,L02,Big Bazaar Gomti Nagar,26.907018,80.971851,11:02,11,22,16.2,1.01,medium_traffic,3,8
D6,2026-01-30,4,L31,Croma Hazratganj,26.817756,80.886751,11:40,11,32,7.9,0.88,medium_traffic,4,8
D6,2026-01-30,4,L32,Vijay Sales Gomti Nagar,26.932172,80.908956,12:19,12,21,25.2,0.9,low_traffic,5,8
D6,2026-01-30,4,L41,Fabindia Hazratganj,26.941107,80.978258,13:05,13,40,31.6,1.17,low_traffic,6,8
D6,2026-01-30,4,L21,Monginis Bakery Hazratganj,26.74843,80.944946,14:16,14,19,19.4,1.21,medium_traffic,7,8
D6,2026-01-30,4,L01,Metro Cash & Carry Hazratganj,26.81408,81.063386,14:54,14,37,21.6,1.2,low_traffic,8,8
D6,2026-01-31,5,L41,Fabindia Hazratganj,26.941107,80.978258,08:24,8,37,12.1,1.51,low_traffic,1,5
D6,2026-01-31,5,L32,Vijay Sales Gomti Nagar,26.932172,80.908956,09:13,9,25,17.2,1.43,low_traffic,2,5
D6,2026-01-31,5,L12,Grofers Hub Vikas Nagar,26.792658,80.911454,09:55,9,41,36.7,1.31,medium_traffic,3,5
D6,2026-01-31,5,L22,Cake Hub Gomti Nagar,26.725641,81.052623,11:12,11,20,10.0,1.0,low_traffic,4,5
D6,2026-01-31,5,L01,Metro Cash & Carry Hazratganj,26.81408,81.063386,11:42,11,35,11.3,0.94,low_traffic,5,5
D6,2026-02-02,0,L41,Fabindia Hazratganj,26.941107,80.978258,08:45,8,35,27.2,1.6,low_traffic,1,8
D6,2026-02-02,0,L31,Croma Hazratganj,26.817756,80.886751,09:47,9,25,28.6,1.59,medium_traffic,2,8
D6,2026-02-02,0,L11,Walmart Best Price Kursi Road,26.875782,80.852468,10:40,10,37,24.5,1.36,low_traffic,3,8
D6,2026-02-02,0,L02,Big Bazaar Gomti Nagar,26.907018,80.971851,11:41,11,16,11.4,0.95,medium_traffic,4,8
D6,2026-02-02,0,L01,Metro Cash & Carry Hazratganj,26.81408,81.063386,12:08,12,36,20.4,1.02,low_traffic,5,8
D6,2026-02-02,0,L42,Westside Gomti Nagar,26.802733,80.832725,13:04,13,23,23.3,1.11,low_traffic,6,8
D6,2026-02-02,0,L12,Grofers Hub Vikas Nagar,26.792658,80.911454,13:50,13,36,15.1,1.16,medium_traffic,7,8
D6,2026-02-02,0,L22,Cake Hub Gomti Nagar,26.725641,81.052623,14:41,14,25,11.0,1.22,low_traffic,8,8
D6,2026-02-03,1,L41,Fabindia Hazratganj,26.941107,80.978258,08:09,8,44,17.6,1.35,low_traffic,1,7
D6,2026-02-03,1,L21,Monginis Bakery Hazratganj,26.74843,80.944946,09:10,9,19,27.0,1.42,medium_traffic,2,7
D6,2026-02-03,1,L22,Cake Hub Gomti Nagar,26.725641,81.052623,09:56,9,20,30.9,1.47,low_traffic,3,7
D6,2026-02-03,1,L31,Croma Hazratganj,26.817756,80.886751,10:46,10,31,38.6,1.68,medium_traffic,4,7
D6,2026-02-03,1,L11,Walmart Best Price Kursi Road,26.875782,80.852468,11:55,11,35,23.0,0.96,low_traffic,5,7
D6,2026-02-03,1,L12,Grofers Hub Vikas Nagar,26.792658,80.911454,12:53,12,42,19.6,0.98,medium_traffic,6,7
D6,2026-02-03,1,L42,Westside Gomti Nagar,26.802733,80.832725,13:54,13,16,11.3,1.13,low_traffic,7,7
D6,2026-02-04,2,L02,Big Bazaar Gomti Nagar,26.907018,80.971851,09:02,9,13,19.8,1.32,medium_traffic,1,8
D6,2026-02-04,2,L42,Westside Gomti Nagar,26.802733,80.832725,09:34,9,21,21.4,1.78,low_traffic,2,8
D6,2026-02-04,2,L31,Croma Hazratganj,26.817756,80.886751,10:16,10,37,29.2,1.46,medium_traffic,3,8
D6,2026-02-04,2,L22,Cake Hub Gomti Nagar,26.725641,81.052623,11:22,11,15,19.6,0.98,low_traffic,4,8
D6,2026-02-04,2,L01,Metro Cash & Carry Hazratganj,26.81408,81.063386,11:56,11,35,16.1,0.95,low_traffic,5,8
D6,2026-02-04,2,L12,Grofers Hub Vikas Nagar,26.792658,80.911454,12:47,12,42,25.5,0.85,medium_traffic,6,8
D6,2026-02-04,2,L32,Vijay Sales Gomti Nagar,26.932172,80.908956,13:54,13,21,11.8,1.18,low_traffic,7,8
D6,2026-02-04,2,L41,Fabindia Hazratganj,26.941107,80.978258,14:26,14,36,10.3,1.14,low_traffic,8,8
D6,2026-02-05,3,L11,Walmart Best Price Kursi Road,26.875782,80.852468,09:13,9,39,11.0,1.38,low_traffic,1,6
D6,2026-02-05,3,L41,Fabindia Hazratganj,26.941107,80.978258,10:03,10,37,28.4,1.67,low_traffic,2,6
D6,2026-02-05,3,L31,Croma Hazratganj,26.817756,80.886751,11:08,11,31,23.0,0.96,medium_traffic,3,6
D6,2026-02-05,3,L12,Grofers Hub Vikas Nagar,26.792658,80.911454,12:02,12,43,12.3,0.88,medium_traffic,4,6
D6,2026-02-05,3,L32,Vijay Sales Gomti Nagar,26.932172,80.908956,12:57,12,24,17.5,0.97,low_traffic,5,6
D6,2026-02-05,3,L02,Big Bazaar Gomti Nagar,26.907018,80.971851,13:38,13,17,18.7,1.17,medium_traffic,6,6
D6,2026-02-06,4,L11,Walmart Best Price Kursi Road,26.875782,80.852468,08:02,8,40,16.4,1.49,low_traffic,1,5
D6,2026-02-06,4,L21,Monginis Bakery Hazratganj,26.74843,80.944946,08:58,8,17,24.8,1.77,medium_traffic,2,5
D6,2026-02-06,4,L32,Vijay Sales Gomti Nagar,26.932172,80.908956,09:39,9,32,28.6,1.68,low_traffic,3,5
D6,2026-02-06,4,L12,Grofers Hub Vikas Nagar,26.792658,80.911454,10:39,10,35,42.6,1.64,medium_traffic,4,5
D6,2026-02-06,4,L02,Big Bazaar Gomti Nagar,26.907018,80.971851,11:56,11,21,8.3,0.92,medium_traffic,5,5
D6,2026-02-07,5,L11,Walmart Best Price Kursi Road,26.875782,80.852468,09:13,9,40,31.0,1.55,low_traffic,1,5
D6,2026-02-07,5,L12,Grofers Hub Vikas Nagar,26.792658,80.911454,10:24,10,40,29.2,1.46,medium_traffic,2,5
D6,2026-02-07,5,L22,Cake Hub Gomti Nagar,26.725641,81.052623,11:33,11,22,23.0,1.0,low_traffic,3,5
D6,2026-02-07,5,L02,Big Bazaar Gomti Nagar,26.907018,80.971851,12:18,12,23,16.3,0.96,medium_traffic,4,5
D6,2026-02-07,5,L21,Monginis Bakery Hazratganj,26.74843,80.944946,12:57,12,15,15.8,1.05,medium_traffic,5,5
D6,2026-02-09,0,L31,Croma Hazratganj,26.817756,80.886751,09:36,9,25,19.6,1.78,medium_traffic,1,5
D6,2026-02-09,0,L41,Fabindia Hazratganj,26.941107,80.978258,10:20,10,36,41.4,1.48,low_traffic,2,5
D6,2026-02-09,0,L11,Walmart Best Price Kursi Road,26.875782,80.852468,11:37,11,30,19.8,1.04,low_traffic,3,5
D6,2026-02-09,0,L02,Big Bazaar Gomti Nagar,26.907018,80.971851,12:26,12,11,25.5,0.91,medium_traffic,4,5
D6,2026-02-09,0,L21,Monginis Bakery Hazratganj,26.74843,80.944946,13:02,13,15,10.4,1.16,medium_traffic,5,5
D6,2026-02-10,1,L42,Westside Gomti Nagar,26.802733,80.832725,08:07,8,20,20.1,1.34,low_traffic,1,7
D6,2026-02-10,1,L31,Croma Hazratganj,26.817756,80.886751,08:47,8,36,45.0,1.73,medium_traffic,2,7
D6,2026-02-10,1,L02,Big Bazaar Gomti Nagar,26.907018,80.971851,10:08,10,11,25.3,1.58,medium_traffic,3,7
D6,2026-02-10,1,L32,Vijay Sales Gomti Nagar,26.932172,80.908956,10:44,10,22,37.9,1.65,low_traffic,4,7
D6,2026-02-10,1,L01,Metro Cash & Carry Hazratganj,26.81408,81.063386,11:43,11,31,12.0,1.0,low_traffic,5,7
D6,2026-02-10,1,L11,Walmart Best Price Kursi Road,26.875782,80.852468,12:26,12,35,24.9,0.86,low_traffic,6,7
D6,2026-02-10,1,L12,Grofers Hub Vikas Nagar,26.792658,80.911454,13:25,13,37,25.5,1.11,medium_traffic,7,7
D6,2026-02-11,2,L42,Westside Gomti Nagar,26.802733,80.832725,09:12,9,23,13.6,1.7,low_traffic,1,8
D6,2026-02-11,2,L11,Walmart Best Price Kursi Road,26.875782,80.852468,09:48,9,32,20.2,1.44,low_traffic,2,8
D6,2026-02-11,2,L31,Croma Hazratganj,26.817756,80.886751,10:40,10,35,13.1,1.64,medium_traffic,3,8
D6,2026-02-11,2,L32,Vijay Sales Gomti Nagar,26.932172,80.908956,11:28,11,27,22.4,0.86,low_traffic,4,8
D6,2026-02-11,2,L02,Big Bazaar Gomti Nagar,26.907018,80.971851,12:17,12,18,28.8,0.96,medium_traffic,5,8
D6,2026-02-11,2,L22,Cake Hub Gomti Nagar,26.725641,81.052623,13:03,13,26,37.8,1.26,low_traffic,6,8
D6,2026-02-11,2,L41,Fabindia Hazratganj,26.941107,80.978258,14:06,14,34,21.1,1.11,low_traffic,7,8
D6,2026-02-11,2,L01,Metro Cash & Carry Hazratganj,26.81408,81.063386,15:01,15,35,21.3,0.97,low_traffic,8,8
D6,2026-02-12,3,L41,Fabindia Hazratganj,26.941107,80.978258,09:29,9,35,30.4,1.79,low_traffic,1,6
D6,2026-02-12,3,L11,Walmart Best Price Kursi Road,26.875782,80.852468,10:34,10,39,39.3,1.71,low_traffic,2,6
D6,2026-02-12,3,L01,Metro Cash & Carry Hazratganj,26.81408,81.063386,11:52,11,34,18.2,0.96,low_traffic,3,6
D6,2026-02-12,3,L31,Croma Hazratganj,26.817756,80.886751,12:44,12,27,13.9,0.87,medium_traffic,4,6
D6,2026-02-12,3,L12,Grofers Hub Vikas Nagar,26.792658,80.911454,13:24,13,41,22.2,1.17,medium_traffic,5,6
D6,2026-02-12,3,L32,Vijay Sales Gomti Nagar,26.932172,80.908956,14:27,14,31,29.8,1.19,low_traffic,6,6
D6,2026-02-13,4,L31,Croma Hazratganj,26.817756,80.886751,08:44,8,26,31.5,1.5,medium_traffic,1,6
D6,2026-02-13,4,L42,Westside Gomti Nagar,26.802733,80.832725,09:41,9,13,45.0,1.8,low_traffic,2,6
D6,2026-02-13,4,L32,Vijay Sales Gomti Nagar,26.932172,80.908956,10:39,10,21,40.6,1.56,low_traffic,3,6
D6,2026-02-13,4,L11,Walmart Best Price Kursi Road,26.875782,80.852468,11:40,11,39,22.5,0.9,low_traffic,4,6
D6,2026-02-13,4,L12,Grofers Hub Vikas Nagar,26.792658,80.911454,12:41,12,41,15.6,1.04,medium_traffic,5,6
D6,2026-02-13,4,L22,Cake Hub Gomti Nagar,26.725641,81.052623,13:37,13,22,22.3,1.24,low_traffic,6,6
D6,2026-02-14,5,L01,Metro Cash & Carry Hazratganj,26.81408,81.063386,09:44,9,31,18.5,1.68,low_traffic,1,3
D6,2026-02-14,5,L22,Cake Hub Gomti Nagar,26.725641,81.052623,10:33,10,17,35.6,1.62,low_traffic,2,3
D6,2026-02-14,5,L21,Monginis Bakery Hazratganj,26.74843,80.944946,11:25,11,25,14.3,1.02,medium_traffic,3,3
D6,2026-02-16,0,L02,Big Bazaar Gomti Nagar,26.907018,80.971851,08:34,8,11,22.7,1.62,medium_traffic,1,5
D6,2026-02-16,0,L41,Fabindia Hazratganj,26.941107,80.978258,09:07,9,34,22.3,1.31,low_traffic,2,5
D6,2026-02-16,0,L31,Croma Hazratganj,26.817756,80.886751,10:03,10,26,40.6,1.4,medium_traffic,3,5
D6,2026-02-16,0,L12,Grofers Hub Vikas Nagar,26.792658,80.911454,11:09,11,32,18.9,0.86,medium_traffic,4,5
D6,2026-02-16,0,L21,Monginis Bakery Hazratganj,26.74843,80.944946,11:59,11,24,17.7,0.93,medium_traffic,5,5
D6,2026-02-17,1,L42,Westside Gomti Nagar,26.802733,80.832725,08:43,8,20,14.0,1.55,low_traffic,1,8
D6,2026-02-17,1,L12,Grofers Hub Vikas Nagar,26.792658,80.911454,09:17,9,35,11.7,1.46,medium_traffic,2,8
D6,2026-02-17,1,L32,Vijay Sales Gomti Nagar,26.932172,80.908956,10:03,10,33,33.0,1.65,low_traffic,3,8
D6,2026-02-17,1,L22,Cake Hub Gomti Nagar,26.725641,81.052623,11:09,11,21,10.6,0.96,low_traffic,4,8
D6,2026-02-17,1,L11,Walmart Best Price Kursi Road,26.875782,80.852468,11:40,11,34,26.7,0.99,low_traffic,5,8
D6,2026-02-17,1,L21,Monginis Bakery Hazratganj,26.74843,80.944946,12:40,12,21,30.2,1.04,medium_traffic,6,8
D6,2026-02-17,1,L31,Croma Hazratganj,26.817756,80.886751,13:31,13,25,26.0,1.3,medium_traffic,7,8
D6,2026-02-17,1,L02,Big Bazaar Gomti Nagar,26.907018,80.971851,14:22,14,18,12.9,1.29,medium_traffic,8,8
D6,2026-02-18,2,L41,Fabindia Hazratganj,26.941107,80.978258,08:38,8,38,16.1,1.79,low_traffic,1,7
D6,2026-02-18,2,L21,Monginis Bakery Hazratganj,26.74843,80.944946,09:32,9,21,43.5,1.45,medium_traffic,2,7
D6,2026-02-18,2,L12,Grofers Hub Vikas Nagar,26.792658,80.911454,10:36,10,32,29.6,1.41,medium_traffic,3,7
D6,2026-02-18,2,L31,Croma Hazratganj,26.817756,80.886751,11:37,11,34,10.2,0.85,medium_traffic,4,7
D6,2026-02-18,2,L01,Metro Cash & Carry Hazratganj,26.81408,81.063386,12:21,12,36,8.2,1.02,low_traffic,5,7
D6,2026-02-18,2,L02,Big Bazaar Gomti Nagar,26.907018,80.971851,13:05,13,13,28.6,1.19,medium_traffic,6,7
D6,2026-02-18,2,L22,Cake Hub Gomti Nagar,26.725641,81.052623,13:46,13,24,35.7,1.19,low_traffic,7,7
D6,2026-02-19,3,L21,Monginis Bakery Hazratganj,26.74843,80.944946,09:10,9,19,35.6,1.32,medium_traffic,1,8
D6,2026-02-19,3,L11,Walmart Best Price Kursi Road,26.875782,80.852468,10:04,10,31,43.8,1.51,low_traffic,2,8
D6,2026-02-19,3,L02,Big Bazaar Gomti Nagar,26.907018,80.971851,11:18,11,14,10.4,1.04,medium_traffic,3,8
D6,2026-02-19,3,L31,Croma Hazratganj,26.817756,80.886751,11:42,11,25,14.2,0.95,medium_traffic,4,8
D6,2026-02-19,3,L12,Grofers Hub Vikas Nagar,26.792658,80.911454,12:21,12,33,26.0,0.93,medium_traffic,5,8
D6,2026-02-19,3,L42,Westside Gomti Nagar,26.802733,80.832725,13:20,13,17,11.2,1.25,low_traffic,6,8
D6,2026-02-19,3,L22,Cake Hub Gomti Nagar,26.725641,81.052623,13:48,13,25,20.5,1.14,low_traffic,7,8
D6,2026-02-19,3,L41,Fabindia Hazratganj,26.941107,80.978258,14:33,14,36,28.1,1.22,low_traffic,8,8
D6,2026-02-20,4,L31,Croma Hazratganj,26.817756,80.886751,09:44,9,33,45.3,1.51,medium_traffic,1,8
D6,2026-02-20,4,L22,Cake Hub Gomti Nagar,26.725641,81.052623,11:02,11,25,19.6,1.03,low_traffic,2,8
D6,2026-02-20,4,L02,Big Bazaar Gomti Nagar,26.907018,80.971851,11:46,11,18,20.2,0.96,medium_traffic,3,8
D6,2026-02-20,4,L01,Metro Cash & Carry Hazratganj,26.81408,81.063386,12:24,12,36,18.1,0.86,low_traffic,4,8
D6,2026-02-20,4,L41,Fabindia Hazratganj,26.941107,80.978258,13:18,13,34,12.4,1.24,low_traffic,5,8
D6,2026-02-20,4,L12,Grofers Hub Vikas Nagar,26.792658,80.911454,14:04,14,36,32.5,1.12,medium_traffic,6,8
D6,2026-02-20,4,L32,Vijay Sales Gomti Nagar,26.932172,80.908956,15:12,15,24,22.6,0.94,low_traffic,7,8
D6,2026-02-20,4,L21,Monginis Bakery Hazratganj,26.74843,80.944946,15:58,15,15,12.4,1.03,medium_traffic,8,8
D6,2026-02-21,5,L01,Metro Cash & Carry Hazratganj,26.81408,81.063386,09:04,9,30,51.9,1.79,low_traffic,1,3
D6,2026-02-21,5,L12,Grofers Hub Vikas Nagar,26.792658,80.911454,10:25,10,39,17.5,1.59,medium_traffic,2,3
D6,2026-02-21,5,L41,Fabindia Hazratganj,26.941107,80.978258,11:21,11,35,12.0,0.86,low_traffic,3,3
D6,2026-02-23,0,L32,Vijay Sales Gomti Nagar,26.932172,80.908956,08:19,8,26,20.9,1.74,low_traffic,1,7
D6,2026-02-23,0,L11,Walmart Best Price Kursi Road,26.875782,80.852468,09:05,9,41,40.5,1.76,low_traffic,2,7
D6,2026-02-23,0,L31,Croma Hazratganj,26.817756,80.886751,10:26,10,32,40.9,1.41,medium_traffic,3,7
D6,2026-02-23,0,L02,Big Bazaar Gomti Nagar,26.907018,80.971851,11:38,11,12,13.3,0.95,medium_traffic,4,7
D6,2026-02-23,0,L41,Fabindia Hazratganj,26.941107,80.978258,12:03,12,43,22.0,0.88,low_traffic,5,7
D6,2026-02-23,0,L22,Cake Hub Gomti Nagar,26.725641,81.052623,13:08,13,17,12.3,1.23,low_traffic,6,7
D6,2026-02-23,0,L42,Westside Gomti Nagar,26.802733,80.832725,13:37,13,15,29.5,1.23,low_traffic,7,7
D6,2026-02-24,1,L01,Metro Cash & Carry Hazratganj,26.81408,81.063386,08:16,8,28,31.5,1.5,low_traffic,1,5
D6,2026-02-24,1,L12,Grofers Hub Vikas Nagar,26.792658,80.911454,09:15,9,31,34.8,1.74,medium_traffic,2,5
D6,2026-02-24,1,L21,Monginis Bakery Hazratganj,26.74843,80.944946,10:20,10,20,26.6,1.4,medium_traffic,3,5
D6,2026-02-24,1,L31,Croma Hazratganj,26.817756,80.886751,11:06,11,36,14.1,0.94,medium_traffic,4,5
D6,2026-02-24,1,L02,Big Bazaar Gomti Nagar,26.907018,80.971851,11:56,11,20,23.7,1.03,medium_traffic,5,5
D6,2026-02-25,2,L42,Westside Gomti Nagar,26.802733,80.832725,08:45,8,25,21.0,1.75,low_traffic,1,8
D6,2026-02-25,2,L22,Cake Hub Gomti Nagar,26.725641,81.052623,09:31,9,19,30.8,1.62,low_traffic,2,8
D6,2026-02-25,2,L11,Walmart Best Price Kursi Road,26.875782,80.852468,10:20,10,39,33.0,1.5,low_traffic,3,8
D6,2026-02-25,2,L02,Big Bazaar Gomti Nagar,26.907018,80.971851,11:32,11,15,18.2,1.01,medium_traffic,4,8
D6,2026-02-25,2,L12,Grofers Hub Vikas Nagar,26.792658,80.911454,12:05,12,36,27.5,1.02,medium_traffic,5,8
D6,2026-02-25,2,L01,Metro Cash & Carry Hazratganj,26.81408,81.063386,13:08,13,36,29.4,1.28,low_traffic,6,8
D6,2026-02-25,2,L32,Vijay Sales Gomti Nagar,26.932172,80.908956,14:13,14,30,36.0,1.2,low_traffic,7,8
D6,2026-02-25,2,L41,Fabindia Hazratganj,26.941107,80.978258,15:19,15,42,28.7,0.99,low_traffic,8,8
D6,2026-02-26,3,L12,Grofers Hub Vikas Nagar,26.792658,80.911454,09:18,9,36,24.0,1.6,medium_traffic,1,6
D6,2026-02-26,3,L41,Fabindia Hazratganj,26.941107,80.978258,10:18,10,36,31.7,1.76,low_traffic,2,6
D6,2026-02-26,3,L42,Westside Gomti Nagar,26.802733,80.832725,11:25,11,17,18.2,0.96,low_traffic,3,6
D6,2026-02-26,3,L01,Metro Cash & Carry Hazratganj,26.81408,81.063386,12:00,12,36,16.0,0.89,low_traffic,4,6
D6,2026-02-26,3,L21,Monginis Bakery Hazratganj,26.74843,80.944946,12:52,12,18,15.8,0.99,medium_traffic,5,6
D6,2026-02-26,3,L31,Croma Hazratganj,26.817756,80.886751,13:25,13,35,35.4,1.22,medium_traffic,6,6
D6,2026-02-27,4,L31,Croma Hazratganj,26.817756,80.886751,08:07,8,35,28.2,1.66,medium_traffic,1,6
D6,2026-02-27,4,L12,Grofers Hub Vikas Nagar,26.792658,80.911454,09:10,9,43,38.3,1.42,medium_traffic,2,6
D6,2026-02-27,4,L01,Metro Cash & Carry Hazratganj,26.81408,81.063386,10:31,10,30,29.2,1.62,low_traffic,3,6
D6,2026-02-27,4,L22,Cake Hub Gomti Nagar,26.725641,81.052623,11:30,11,20,23.7,1.03,low_traffic,4,6
D6,2026-02-27,4,L32,Vijay Sales Gomti Nagar,26.932172,80.908956,12:13,12,32,20.7,0.9,low_traffic,5,6
D6,2026-02-27,4,L02,Big Bazaar Gomti Nagar,26.907018,80.971851,13:05,13,18,29.9,1.15,medium_traffic,6,6
D6,2026-02-28,5,L31,Croma Hazratganj,26.817756,80.886751,08:04,8,32,22.2,1.39,medium_traffic,1,5
D6,2026-02-28,5,L12,Grofers Hub Vikas Nagar,26.792658,80.911454,08:58,8,40,38.2,1.53,medium_traffic,2,5
D6,2026-02-28,5,L11,Walmart Best Price Kursi Road,26.875782,80.852468,10:16,10,38,41.0,1.71,low_traffic,3,5
D6,2026-02-28,5,L42,Westside Gomti Nagar,26.802733,80.832725,11:35,11,13,14.9,0.93,low_traffic,4,5
D6,2026-02-28,5,L32,Vijay Sales Gomti Nagar,26.932172,80.908956,12:02,12,28,29.4,1.05,low_traffic,5,5
D6,2026-03-02,0,L42,Westside Gomti Nagar,26.802733,80.832725,08:02,8,14,27.5,1.72,low_traffic,1,5
D6,2026-03-02,0,L31,Croma Hazratganj,26.817756,80.886751,08:43,8,27,25.1,1.57,medium_traffic,2,5
D6,2026-03-02,0,L02,Big Bazaar Gomti Nagar,26.907018,80.971851,09:35,9,17,49.0,1.69,medium_traffic,3,5
D6,2026-03-02,0,L41,Fabindia Hazratganj,26.941107,80.978258,10:41,10,42,40.6,1.4,low_traffic,4,5
D6,2026-03-02,0,L11,Walmart Best Price Kursi Road,26.875782,80.852468,12:03,12,34,9.5,0.86,low_traffic,5,5
D6,2026-03-03,1,L01,Metro Cash & Carry Hazratganj,26.81408,81.063386,08:09,8,33,34.1,1.31,low_traffic,1,7
D6,2026-03-03,1,L02,Big Bazaar Gomti Nagar,26.907018,80.971851,09:16,9,23,21.8,1.68,medium_traffic,2,7
D6,2026-03-03,1,L22,Cake Hub Gomti Nagar,26.725641,81.052623,10:00,10,18,35.6,1.78,low_traffic,3,7
D6,2026-03-03,1,L21,Monginis Bakery Hazratganj,26.74843,80.944946,10:53,10,16,12.6,1.57,medium_traffic,4,7
D6,2026-03-03,1,L42,Westside Gomti Nagar,26.802733,80.832725,11:21,11,17,23.5,0.87,low_traffic,5,7
D6,2026-03-03,1,L32,Vijay Sales Gomti Nagar,26.932172,80.908956,12:01,12,22,11.1,1.01,low_traffic,6,7
D6,2026-03-03,1,L11,Walmart Best Price Kursi Road,26.875782,80.852468,12:34,12,32,18.9,0.9,low_traffic,7,7
D6,2026-03-04,2,L02,Big Bazaar Gomti Nagar,26.907018,80.971851,09:37,9,18,34.6,1.73,medium_traffic,1,6
D6,2026-03-04,2,L12,Grofers Hub Vikas Nagar,26.792658,80.911454,10:29,10,32,15.5,1.41,medium_traffic,2,6
D6,2026-03-04,2,L31,Croma Hazratganj,26.817756,80.886751,11:16,11,32,20.5,0.93,medium_traffic,3,6
D6,2026-03-04,2,L41,Fabindia Hazratganj,26.941107,80.978258,12:08,12,42,17.6,0.88,low_traffic,4,6
D6,2026-03-04,2,L01,Metro Cash & Carry Hazratganj,26.81408,81.063386,13:07,13,36,10.0,1.25,low_traffic,5,6
D6,2026-03-04,2,L42,Westside Gomti Nagar,26.802733,80.832725,13:53,13,23,17.5,1.25,low_traffic,6,6
D6,2026-03-05,3,L42,Westside Gomti Nagar,26.802733,80.832725,09:09,9,24,44.5,1.65,low_traffic,1,8
D6,2026-03-05,3,L22,Cake Hub Gomti Nagar,26.725641,81.052623,10:17,10,27,21.3,1.64,low_traffic,2,8
D6,2026-03-05,3,L11,Walmart Best Price Kursi Road,26.875782,80.852468,11:05,11,34,13.0,0.93,low_traffic,3,8
D6,2026-03-05,3,L41,Fabindia Hazratganj,26.941107,80.978258,11:52,11,36,14.7,0.92,low_traffic,4,8
D6,2026-03-05,3,L31,Croma Hazratganj,26.817756,80.886751,12:42,12,31,14.8,0.99,medium_traffic,5,8
D6,2026-03-05,3,L01,Metro Cash & Carry Hazratganj,26.81408,81.063386,13:27,13,28,28.1,1.22,low_traffic,6,8
D6,2026-03-05,3,L21,Monginis Bakery Hazratganj,26.74843,80.944946,14:23,14,17,32.2,1.24,medium_traffic,7,8
D6,2026-03-05,3,L02,Big Bazaar Gomti Nagar,26.907018,80.971851,15:12,15,18,9.8,0.98,medium_traffic,8,8
D6,2026-03-06,4,L22,Cake Hub Gomti Nagar,26.725641,81.052623,09:05,9,18,28.9,1.52,low_traffic,1,5
D6,2026-03-06,4,L11,Walmart Best Price Kursi Road,26.875782,80.852468,09:51,9,36,22.9,1.43,low_traffic,2,5
D6,2026-03-06,4,L21,Monginis Bakery Hazratganj,26.74843,80.944946,10:49,10,23,20.7,1.38,medium_traffic,3,5
D6,2026-03-06,4,L41,Fabindia Hazratganj,26.941107,80.978258,11:32,11,41,26.5,0.98,low_traffic,4,5
D6,2026-03-06,4,L42,Westside Gomti Nagar,26.802733,80.832725,12:39,12,19,9.1,1.01,low_traffic,5,5
D6,2026-03-07,5,L21,Monginis Bakery Hazratganj,26.74843,80.944946,09:28,9,20,16.4,1.37,medium_traffic,1,4
D6,2026-03-07,5,L32,Vijay Sales Gomti Nagar,26.932172,80.908956,10:04,10,24,18.7,1.44,low_traffic,2,4
D6,2026-03-07,5,L12,Grofers Hub Vikas Nagar,26.792658,80.911454,10:46,10,39,19.5,1.5,medium_traffic,3,4
D6,2026-03-07,5,L41,Fabindia Hazratganj,26.941107,80.978258,11:44,11,42,8.6,0.86,low_traffic,4,4
D6,2026-03-09,0,L12,Grofers Hub Vikas Nagar,26.792658,80.911454,08:38,8,43,16.6,1.66,medium_traffic,1,5
D6,2026-03-09,0,L32,Vijay Sales Gomti Nagar,26.932172,80.908956,09:37,9,29,17.6,1.35,low_traffic,2,5
D6,2026-03-09,0,L01,Metro Cash & Carry Hazratganj,26.81408,81.063386,10:23,10,36,29.9,1.36,low_traffic,3,5
D6,2026-03-09,0,L11,Walmart Best Price Kursi Road,26.875782,80.852468,11:28,11,31,13.0,1.0,low_traffic,4,5
D6,2026-03-09,0,L02,Big Bazaar Gomti Nagar,26.907018,80.971851,12:12,12,14,12.5,0.96,medium_traffic,5,5
D6,2026-03-10,1,L32,Vijay Sales Gomti Nagar,26.932172,80.908956,08:03,8,24,18.4,1.53,low_traffic,1,5
D6,2026-03-10,1,L31,Croma Hazratganj,26.817756,80.886751,08:45,8,34,32.9,1.73,medium_traffic,2,5
D6,2026-03-10,1,L11,Walmart Best Price Kursi Road,26.875782,80.852468,09:51,9,32,37.2,1.69,low_traffic,3,5
D6,2026-03-10,1,L42,Westside Gomti Nagar,26.802733,80.832725,11:00,11,14,28.2,0.94,low_traffic,4,5
D6,2026-03-10,1,L12,Grofers Hub Vikas Nagar,26.792658,80.911454,11:42,11,41,12.9,0.99,medium_traffic,5,5
D6,2026-03-11,2,L32,Vijay Sales Gomti Nagar,26.932172,80.908956,09:33,9,29,42.8,1.53,low_traffic,1,5
D6,2026-03-11,2,L42,Westside Gomti Nagar,26.802733,80.832725,10:44,10,22,40.0,1.48,low_traffic,2,5
D6,2026-03-11,2,L02,Big Bazaar Gomti Nagar,26.907018,80.971851,11:46,11,23,19.8,0.99,medium_traffic,3,5
D6,2026-03-11,2,L41,Fabindia Hazratganj,26.941107,80.978258,12:28,12,35,18.9,0.9,low_traffic,4,5
D6,2026-03-11,2,L31,Croma Hazratganj,26.817756,80.886751,13:21,13,27,27.6,1.2,medium_traffic,5,5
D6,2026-03-12,3,L41,Fabindia Hazratganj,26.941107,80.978258,09:23,9,36,30.1,1.31,low_traffic,1,5
D6,2026-03-12,3,L22,Cake Hub Gomti Nagar,26.725641,81.052623,10:29,10,21,23.5,1.68,low_traffic,2,5
D6,2026-03-12,3,L32,Vijay Sales Gomti Nagar,26.932172,80.908956,11:13,11,28,12.1,1.01,low_traffic,3,5
D6,2026-03-12,3,L42,Westside Gomti Nagar,26.802733,80.832725,11:53,11,23,12.2,1.02,low_traffic,4,5
D6,2026-03-12,3,L01,Metro Cash & Carry Hazratganj,26.81408,81.063386,12:28,12,31,20.2,1.01,low_traffic,5,5
D6,2026-03-13,4,L42,Westside Gomti Nagar,26.802733,80.832725,09:13,9,13,32.1,1.53,low_traffic,1,6
D6,2026-03-13,4,L11,Walmart Best Price Kursi Road,26.875782,80.852468,09:58,9,39,17.0,1.42,low_traffic,2,6
D6,2026-03-13,4,L12,Grofers Hub Vikas Nagar,26.792658,80.911454,10:54,10,36,29.9,1.76,medium_traffic,3,6
D6,2026-03-13,4,L41,Fabindia Hazratganj,26.941107,80.978258,11:59,11,39,18.9,0.86,low_traffic,4,6
D6,2026-03-13,4,L02,Big Bazaar Gomti Nagar,26.907018,80.971851,12:56,12,12,21.6,1.03,medium_traffic,5,6
D6,2026-03-13,4,L32,Vijay Sales Gomti Nagar,26.932172,80.908956,13:29,13,29,23.2,1.22,low_traffic,6,6
D6,2026-03-14,5,L41,Fabindia Hazratganj,26.941107,80.978258,08:06,8,41,41.1,1.37,low_traffic,1,5
D6,2026-03-14,5,L12,Grofers Hub Vikas Nagar,26.792658,80.911454,09:28,9,39,11.4,1.43,medium_traffic,2,5
D6,2026-03-14,5,L31,Croma Hazratganj,26.817756,80.886751,10:18,10,30,33.8,1.41,medium_traffic,3,5
D6,2026-03-14,5,L11,Walmart Best Price Kursi Road,26.875782,80.852468,11:21,11,34,17.0,0.85,low_traffic,4,5
D6,2026-03-14,5,L02,Big Bazaar Gomti Nagar,26.907018,80.971851,12:12,12,16,22.2,1.01,medium_traffic,5,5
D6,2026-03-16,0,L31,Croma Hazratganj,26.817756,80.886751,09:32,9,36,33.0,1.32,medium_traffic,1,7
D6,2026-03-16,0,L21,Monginis Bakery Hazratganj,26.74843,80.944946,10:41,10,15,40.1,1.67,medium_traffic,2,7
D6,2026-03-16,0,L11,Walmart Best Price Kursi Road,26.875782,80.852468,11:36,11,35,12.6,1.05,low_traffic,3,7
D6,2026-03-16,0,L22,Cake Hub Gomti Nagar,26.725641,81.052623,12:23,12,22,27.6,0.92,low_traffic,4,7
D6,2026-03-16,0,L32,Vijay Sales Gomti Nagar,26.932172,80.908956,13:12,13,25,35.0,1.25,low_traffic,5,7
D6,2026-03-16,0,L42,Westside Gomti Nagar,26.802733,80.832725,14:12,14,14,15.8,1.13,low_traffic,6,7
D6,2026-03-16,0,L12,Grofers Hub Vikas Nagar,26.792658,80.911454,14:41,14,37,19.5,1.22,medium_traffic,7,7
D6,2026-03-17,1,L22,Cake Hub Gomti Nagar,26.725641,81.052623,09:09,9,19,39.3,1.51,low_traffic,1,6
D6,2026-03-17,1,L12,Grofers Hub Vikas Nagar,26.792658,80.911454,10:07,10,31,25.2,1.8,medium_traffic,2,6
D6,2026-03-17,1,L21,Monginis Bakery Hazratganj,26.74843,80.944946,11:03,11,14,13.7,1.05,medium_traffic,3,6
D6,2026-03-17,1,L31,Croma Hazratganj,26.817756,80.886751,11:30,11,37,20.7,0.9,medium_traffic,4,6
D6,2026-03-17,1,L02,Big Bazaar Gomti Nagar,26.907018,80.971851,12:27,12,13,18.9,0.86,medium_traffic,5,6
D6,2026-03-17,1,L11,Walmart Best Price Kursi Road,26.875782,80.852468,12:58,12,30,23.7,1.03,low_traffic,6,6
D6,2026-03-18,2,L01,Metro Cash & Carry Hazratganj,26.81408,81.063386,08:42,8,37,49.2,1.64,low_traffic,1,5
D6,2026-03-18,2,L11,Walmart Best Price Kursi Road,26.875782,80.852468,10:08,10,41,25.0,1.56,low_traffic,2,5
D6,2026-03-18,2,L42,Westside Gomti Nagar,26.802733,80.832725,11:14,11,16,14.5,0.97,low_traffic,3,5
D6,2026-03-18,2,L41,Fabindia Hazratganj,26.941107,80.978258,11:44,11,40,21.2,1.01,low_traffic,4,5
D6,2026-03-18,2,L21,Monginis Bakery Hazratganj,26.74843,80.944946,12:45,12,18,21.6,0.9,medium_traffic,5,5
D6,2026-03-19,3,L31,Croma Hazratganj,26.817756,80.886751,08:15,8,26,18.4,1.53,medium_traffic,1,8
D6,2026-03-19,3,L22,Cake Hub Gomti Nagar,26.725641,81.052623,08:59,8,20,39.6,1.65,low_traffic,2,8
D6,2026-03-19,3,L02,Big Bazaar Gomti Nagar,26.907018,80.971851,09:58,9,17,30.2,1.51,medium_traffic,3,8
D6,2026-03-19,3,L11,Walmart Best Price Kursi Road,26.875782,80.852468,10:45,10,30,26.9,1.58,low_traffic,4,8
D6,2026-03-19,3,L32,Vijay Sales Gomti Nagar,26.932172,80.908956,11:41,11,28,24.3,0.9,low_traffic,5,8
D6,2026-03-19,3,L21,Monginis Bakery Hazratganj,26.74843,80.944946,12:33,12,15,30.2,1.04,medium_traffic,6,8
D6,2026-03-19,3,L42,Westside Gomti Nagar,26.802733,80.832725,13:18,13,19,11.2,1.25,low_traffic,7,8
D6,2026-03-19,3,L41,Fabindia Hazratganj,26.941107,80.978258,13:48,13,35,24.8,1.18,low_traffic,8,8
D6,2026-03-20,4,L42,Westside Gomti Nagar,26.802733,80.832725,09:37,9,16,29.6,1.41,low_traffic,1,8
D6,2026-03-20,4,L41,Fabindia Hazratganj,26.941107,80.978258,10:22,10,45,38.9,1.44,low_traffic,2,8
D6,2026-03-20,4,L31,Croma Hazratganj,26.817756,80.886751,11:45,11,34,11.4,0.88,medium_traffic,3,8
D6,2026-03-20,4,L11,Walmart Best Price Kursi Road,26.875782,80.852468,12:30,12,30,18.4,0.92,low_traffic,4,8
D6,2026-03-20,4,L12,Grofers Hub Vikas Nagar,26.792658,80.911454,13:18,13,43,11.2,1.12,medium_traffic,5,8
D6,2026-03-20,4,L32,Vijay Sales Gomti Nagar,26.932172,80.908956,14:12,14,29,15.0,1.25,low_traffic,6,8
D6,2026-03-20,4,L21,Monginis Bakery Hazratganj,26.74843,80.944946,14:56,14,26,11.9,1.19,medium_traffic,7,8
D6,2026-03-20,4,L02,Big Bazaar Gomti Nagar,26.907018,80.971851,15:33,15,13,28.3,1.01,medium_traffic,8,8
D6,2026-03-21,5,L12,Grofers Hub Vikas Nagar,26.792658,80.911454,08:02,8,36,23.5,1.38,medium_traffic,1,3
D6,2026-03-21,5,L02,Big Bazaar Gomti Nagar,26.907018,80.971851,09:01,9,12,35.1,1.35,medium_traffic,2,3
D6,2026-03-21,5,L31,Croma Hazratganj,26.817756,80.886751,09:48,9,25,48.3,1.79,medium_traffic,3,3
D6,2026-03-23,0,L11,Walmart Best Price Kursi Road,26.875782,80.852468,09:08,9,33,35.9,1.33,low_traffic,1,6
D6,2026-03-23,0,L32,Vijay Sales Gomti Nagar,26.932172,80.908956,10:16,10,29,41.4,1.38,low_traffic,2,6
D6,2026-03-23,0,L31,Croma Hazratganj,26.817756,80.886751,11:26,11,28,23.5,0.87,medium_traffic,3,6
D6,2026-03-23,0,L02,Big Bazaar Gomti Nagar,26.907018,80.971851,12:17,12,17,8.9,0.99,medium_traffic,4,6
D6,2026-03-23,0,L41,Fabindia Hazratganj,26.941107,80.978258,12:42,12,35,29.6,1.02,low_traffic,5,6
D6,2026-03-23,0,L42,Westside Gomti Nagar,26.802733,80.832725,13:46,13,18,27.3,1.24,low_traffic,6,6
D6,2026-03-24,1,L02,Big Bazaar Gomti Nagar,26.907018,80.971851,09:09,9,12,14.8,1.65,medium_traffic,1,7
D6,2026-03-24,1,L31,Croma Hazratganj,26.817756,80.886751,09:35,9,27,14.6,1.33,medium_traffic,2,7
D6,2026-03-24,1,L01,Metro Cash & Carry Hazratganj,26.81408,81.063386,10:16,10,30,29.7,1.35,low_traffic,3,7
D6,2026-03-24,1,L42,Westside Gomti Nagar,26.802733,80.832725,11:15,11,17,8.8,0.88,low_traffic,4,7
D6,2026-03-24,1,L21,Monginis Bakery Hazratganj,26.74843,80.944946,11:40,11,19,30.0,1.0,medium_traffic,5,7
D6,2026-03-24,1,L11,Walmart Best Price Kursi Road,26.875782,80.852468,12:29,12,36,29.1,0.97,low_traffic,6,7
D6,2026-03-24,1,L22,Cake Hub Gomti Nagar,26.725641,81.052623,13:34,13,25,13.1,1.19,low_traffic,7,7
D6,2026-03-25,2,L12,Grofers Hub Vikas Nagar,26.792658,80.911454,08:02,8,37,27.5,1.72,medium_traffic,1,7
D6,2026-03-25,2,L32,Vijay Sales Gomti Nagar,26.932172,80.908956,09:06,9,28,32.0,1.39,low_traffic,2,7
D6,2026-03-25,2,L41,Fabindia Hazratganj,26.941107,80.978258,10:06,10,45,32.6,1.63,low_traffic,3,7
D6,2026-03-25,2,L02,Big Bazaar Gomti Nagar,26.907018,80.971851,11:23,11,18,17.8,0.99,medium_traffic,4,7
D6,2026-03-25,2,L42,Westside Gomti Nagar,26.802733,80.832725,11:58,11,24,15.8,0.88,low_traffic,5,7
D6,2026-03-25,2,L11,Walmart Best Price Kursi Road,26.875782,80.852468,12:37,12,39,21.8,1.04,low_traffic,6,7
D6,2026-03-25,2,L21,Monginis Bakery Hazratganj,26.74843,80.944946,13:37,13,25,30.2,1.16,medium_traffic,7,7
D6,2026-03-26,3,L11,Walmart Best Price Kursi Road,26.875782,80.852468,08:15,8,33,35.9,1.56,low_traffic,1,6
D6,2026-03-26,3,L22,Cake Hub Gomti Nagar,26.725641,81.052623,09:23,9,21,22.8,1.75,low_traffic,2,6
D6,2026-03-26,3,L02,Big Bazaar Gomti Nagar,26.907018,80.971851,10:06,10,21,10.6,1.32,medium_traffic,3,6
D6,2026-03-26,3,L32,Vijay Sales Gomti Nagar,26.932172,80.908956,10:37,10,33,26.6,1.48,low_traffic,4,6
D6,2026-03-26,3,L12,Grofers Hub Vikas Nagar,26.792658,80.911454,11:36,11,31,17.5,0.97,medium_traffic,5,6
D6,2026-03-26,3,L42,Westside Gomti Nagar,26.802733,80.832725,12:24,12,16,20.9,0.87,low_traffic,6,6
D6,2026-03-27,4,L42,Westside Gomti Nagar,26.802733,80.832725,09:37,9,25,39.2,1.57,low_traffic,1,6
D6,2026-03-27,4,L01,Metro Cash & Carry Hazratganj,26.81408,81.063386,10:41,10,33,26.0,1.53,low_traffic,2,6
D6,2026-03-27,4,L32,Vijay Sales Gomti Nagar,26.932172,80.908956,11:40,11,31,22.1,0.85,low_traffic,3,6
D6,2026-03-27,4,L11,Walmart Best Price Kursi Road,26.875782,80.852468,12:33,12,36,10.4,1.04,low_traffic,4,6
D6,2026-03-27,4,L12,Grofers Hub Vikas Nagar,26.792658,80.911454,13:19,13,38,26.7,1.27,medium_traffic,5,6
D6,2026-03-27,4,L31,Croma Hazratganj,26.817756,80.886751,14:23,14,34,34.6,1.28,medium_traffic,6,6
D6,2026-03-28,5,L41,Fabindia Hazratganj,26.941107,80.978258,09:16,9,33,19.5,1.3,low_traffic,1,3
D6,2026-03-28,5,L32,Vijay Sales Gomti Nagar,26.932172,80.908956,10:08,10,24,31.0,1.41,low_traffic,2,3
D6,2026-03-28,5,L42,Westside Gomti Nagar,26.802733,80.832725,11:03,11,13,19.5,0.93,low_traffic,3,3
D6,2026-03-30,0,L02,Big Bazaar Gomti Nagar,26.907018,80.971851,09:07,9,19,34.6,1.73,medium_traffic,1,5
D6,2026-03-30,0,L31,Croma Hazratganj,26.817756,80.886751,10:00,10,33,21.6,1.66,medium_traffic,2,5
D6,2026-03-30,0,L11,Walmart Best Price Kursi Road,26.875782,80.852468,10:54,10,39,13.0,1.63,low_traffic,3,5
D6,2026-03-30,0,L22,Cake Hub Gomti Nagar,26.725641,81.052623,11:46,11,25,16.9,0.94,low_traffic,4,5
D6,2026-03-30,0,L21,Monginis Bakery Hazratganj,26.74843,80.944946,12:27,12,14,20.7,0.9,medium_traffic,5,5
D6,2026-03-31,1,L32,Vijay Sales Gomti Nagar,26.932172,80.908956,08:10,8,25,25.2,1.48,low_traffic,1,5
D6,2026-03-31,1,L11,Walmart Best Price Kursi Road,26.875782,80.852468,09:00,9,37,54.0,1.8,low_traffic,2,5
D6,2026-03-31,1,L01,Metro Cash & Carry Hazratganj,26.81408,81.063386,10:31,10,30,16.2,1.62,low_traffic,3,5
D6,2026-03-31,1,L31,Croma Hazratganj,26.817756,80.886751,11:17,11,28,8.2,1.02,medium_traffic,4,5
D6,2026-03-31,1,L12,Grofers Hub Vikas Nagar,26.792658,80.911454,11:53,11,33,13.8,0.86,medium_traffic,5,5
D6,2026-04-01,2,L32,Vijay Sales Gomti Nagar,26.932172,80.908956,08:22,8,23,32.1,1.69,low_traffic,1,5
D6,2026-04-01,2,L21,Monginis Bakery Hazratganj,26.74843,80.944946,09:17,9,22,20.9,1.49,medium_traffic,2,5
D6,2026-04-01,2,L42,Westside Gomti Nagar,26.802733,80.832725,09:59,9,22,14.2,1.77,low_traffic,3,5
D6,2026-04-01,2,L01,Metro Cash & Carry Hazratganj,26.81408,81.063386,10:35,10,29,17.0,1.7,low_traffic,4,5
D6,2026-04-01,2,L31,Croma Hazratganj,26.817756,80.886751,11:21,11,27,15.8,0.88,medium_traffic,5,5
D6,2026-04-02,3,L41,Fabindia Hazratganj,26.941107,80.978258,08:10,8,40,39.2,1.4,low_traffic,1,6
D6,2026-04-02,3,L11,Walmart Best Price Kursi Road,26.875782,80.852468,09:29,9,30,50.7,1.69,low_traffic,2,6
D6,2026-04-02,3,L12,Grofers Hub Vikas Nagar,26.792658,80.911454,10:49,10,41,26.9,1.79,medium_traffic,3,6
D6,2026-04-02,3,L42,Westside Gomti Nagar,26.802733,80.832725,11:56,11,21,23.9,1.04,low_traffic,4,6
D6,2026-04-02,3,L32,Vijay Sales Gomti Nagar,26.932172,80.908956,12:40,12,26,20.0,1.0,low_traffic,5,6
D6,2026-04-02,3,L31,Croma Hazratganj,26.817756,80.886751,13:26,13,25,17.2,1.23,medium_traffic,6,6
D6,2026-04-03,4,L12,Grofers Hub Vikas Nagar,26.792658,80.911454,09:00,9,32,39.2,1.78,medium_traffic,1,5
D6,2026-04-03,4,L11,Walmart Best Price Kursi Road,26.875782,80.852468,10:11,10,38,15.1,1.37,low_traffic,2,5
D6,2026-04-03,4,L32,Vijay Sales Gomti Nagar,26.932172,80.908956,11:04,11,30,10.4,0.95,low_traffic,3,5
D6,2026-04-03,4,L02,Big Bazaar Gomti Nagar,26.907018,80.971851,11:44,11,19,20.2,0.88,medium_traffic,4,5
D6,2026-04-03,4,L42,Westside Gomti Nagar,26.802733,80.832725,12:23,12,14,18.9,1.05,low_traffic,5,5
D6,2026-04-04,5,L11,Walmart Best Price Kursi Road,26.875782,80.852468,08:19,8,40,19.6,1.63,low_traffic,1,5
D6,2026-04-04,5,L32,Vijay Sales Gomti Nagar,26.932172,80.908956,09:18,9,23,28.6,1.43,low_traffic,2,5
D6,2026-04-04,5,L42,Westside Gomti Nagar,26.802733,80.832725,10:09,10,14,30.2,1.44,low_traffic,3,5
D6,2026-04-04,5,L12,Grofers Hub Vikas Nagar,26.792658,80.911454,10:53,10,32,34.0,1.79,medium_traffic,4,5
D6,2026-04-04,5,L22,Cake Hub Gomti Nagar,26.725641,81.052623,11:59,11,21,16.1,0.95,low_traffic,5,5
D6,2026-04-06,0,L31,Croma Hazratganj,26.817756,80.886751,09:07,9,37,21.6,1.35,medium_traffic,1,5
D6,2026-04-06,0,L32,Vijay Sales Gomti Nagar,26.932172,80.908956,10:05,10,23,16.2,1.47,low_traffic,2,5
D6,2026-04-06,0,L21,Monginis Bakery Hazratganj,26.74843,80.944946,10:44,10,26,41.3,1.59,medium_traffic,3,5
D6,2026-04-06,0,L12,Grofers Hub Vikas Nagar,26.792658,80.911454,11:51,11,35,7.8,0.87,medium_traffic,4,5
D6,2026-04-06,0,L42,Westside Gomti Nagar,26.802733,80.832725,12:33,12,25,22.8,0.91,low_traffic,5,5
D6,2026-04-07,1,L12,Grofers Hub Vikas Nagar,26.792658,80.911454,09:26,9,35,24.3,1.35,medium_traffic,1,5
D6,2026-04-07,1,L31,Croma Hazratganj,26.817756,80.886751,10:25,10,26,20.0,1.67,medium_traffic,2,5
D6,2026-04-07,1,L11,Walmart Best Price Kursi Road,26.875782,80.852468,11:11,11,29,22.6,0.87,low_traffic,3,5
D6,2026-04-07,1,L01,Metro Cash & Carry Hazratganj,26.81408,81.063386,12:02,12,28,20.0,0.87,low_traffic,4,5
D6,2026-04-07,1,L21,Monginis Bakery Hazratganj,26.74843,80.944946,12:50,12,20,17.9,0.94,medium_traffic,5,5
D6,2026-04-08,2,L22,Cake Hub Gomti Nagar,26.725641,81.052623,08:30,8,17,42.3,1.41,low_traffic,1,5
D6,2026-04-08,2,L12,Grofers Hub Vikas Nagar,26.792658,80.911454,09:29,9,39,40.0,1.38,medium_traffic,2,5
D6,2026-04-08,2,L02,Big Bazaar Gomti Nagar,26.907018,80.971851,10:48,10,11,29.8,1.42,medium_traffic,3,5
D6,2026-04-08,2,L42,Westside Gomti Nagar,26.802733,80.832725,11:28,11,22,15.8,0.99,low_traffic,4,5
D6,2026-04-08,2,L11,Walmart Best Price Kursi Road,26.875782,80.852468,12:05,12,36,14.1,1.01,low_traffic,5,5
D6,2026-04-09,3,L42,Westside Gomti Nagar,26.802733,80.832725,09:08,9,19,39.0,1.5,low_traffic,1,6
D6,2026-04-09,3,L32,Vijay Sales Gomti Nagar,26.932172,80.908956,10:06,10,25,29.9,1.76,low_traffic,2,6
D6,2026-04-09,3,L21,Monginis Bakery Hazratganj,26.74843,80.944946,11:00,11,25,9.9,0.9,medium_traffic,3,6
D6,2026-04-09,3,L11,Walmart Best Price Kursi Road,26.875782,80.852468,11:34,11,38,26.0,0.93,low_traffic,4,6
D6,2026-04-09,3,L22,Cake Hub Gomti Nagar,26.725641,81.052623,12:38,12,21,10.4,0.95,low_traffic,5,6
D6,2026-04-09,3,L02,Big Bazaar Gomti Nagar,26.907018,80.971851,13:09,13,22,19.5,1.22,medium_traffic,6,6
D6,2026-04-10,4,L41,Fabindia Hazratganj,26.941107,80.978258,08:04,8,36,19.7,1.64,low_traffic,1,6
D6,2026-04-10,4,L32,Vijay Sales Gomti Nagar,26.932172,80.908956,08:59,8,30,15.8,1.44,low_traffic,2,6
D6,2026-04-10,4,L31,Croma Hazratganj,26.817756,80.886751,09:44,9,36,18.2,1.3,medium_traffic,3,6
D6,2026-04-10,4,L01,Metro Cash & Carry Hazratganj,26.81408,81.063386,10:38,10,28,40.8,1.36,low_traffic,4,6
D6,2026-04-10,4,L12,Grofers Hub Vikas Nagar,26.792658,80.911454,11:46,11,34,16.7,0.93,medium_traffic,5,6
D6,2026-04-10,4,L22,Cake Hub Gomti Nagar,26.725641,81.052623,12:36,12,26,11.3,0.94,low_traffic,6,6
D6,2026-04-11,5,L22,Cake Hub Gomti Nagar,26.725641,81.052623,08:13,8,25,20.9,1.49,low_traffic,1,5
D6,2026-04-11,5,L01,Metro Cash & Carry Hazratganj,26.81408,81.063386,08:58,8,31,50.2,1.73,low_traffic,2,5
D6,2026-04-11,5,L42,Westside Gomti Nagar,26.802733,80.832725,10:19,10,19,24.6,1.54,low_traffic,3,5
D6,2026-04-11,5,L21,Monginis Bakery Hazratganj,26.74843,80.944946,11:02,11,20,6.9,0.86,medium_traffic,4,5
D6,2026-04-11,5,L41,Fabindia Hazratganj,26.941107,80.978258,11:28,11,45,8.5,0.94,low_traffic,5,5
D6,2026-04-13,0,L02,Big Bazaar Gomti Nagar,26.907018,80.971851,09:11,9,18,12.1,1.51,medium_traffic,1,5
D6,2026-04-13,0,L12,Grofers Hub Vikas Nagar,26.792658,80.911454,09:41,9,32,40.6,1.69,medium_traffic,2,5
D6,2026-04-13,0,L42,Westside Gomti Nagar,26.802733,80.832725,10:53,10,17,30.2,1.59,low_traffic,3,5
D6,2026-04-13,0,L21,Monginis Bakery Hazratganj,26.74843,80.944946,11:40,11,17,21.6,0.98,medium_traffic,4,5
D6,2026-04-13,0,L01,Metro Cash & Carry Hazratganj,26.81408,81.063386,12:18,12,35,15.8,0.99,low_traffic,5,5
D6,2026-04-14,1,L32,Vijay Sales Gomti Nagar,26.932172,80.908956,09:14,9,29,44.8,1.79,low_traffic,1,8
D6,2026-04-14,1,L42,Westside Gomti Nagar,26.802733,80.832725,10:27,10,14,19.4,1.62,low_traffic,2,8
D6,2026-04-14,1,L02,Big Bazaar Gomti Nagar,26.907018,80.971851,11:00,11,19,17.1,0.9,medium_traffic,3,8
D6,2026-04-14,1,L01,Metro Cash & Carry Hazratganj,26.81408,81.063386,11:36,11,32,9.9,0.9,low_traffic,4,8
D6,2026-04-14,1,L12,Grofers Hub Vikas Nagar,26.792658,80.911454,12:17,12,43,24.5,1.02,medium_traffic,5,8
D6,2026-04-14,1,L31,Croma Hazratganj,26.817756,80.886751,13:24,13,25,23.2,1.16,medium_traffic,6,8
D6,2026-04-14,1,L11,Walmart Best Price Kursi Road,26.875782,80.852468,14:12,14,32,12.2,1.11,low_traffic,7,8
D6,2026-04-14,1,L22,Cake Hub Gomti Nagar,26.725641,81.052623,14:56,14,27,20.5,1.28,low_traffic,8,8
D6,2026-04-15,2,L11,Walmart Best Price Kursi Road,26.875782,80.852468,09:44,9,38,35.3,1.68,low_traffic,1,6
D6,2026-04-15,2,L22,Cake Hub Gomti Nagar,26.725641,81.052623,10:57,10,18,33.8,1.47,low_traffic,2,6
D6,2026-04-15,2,L12,Grofers Hub Vikas Nagar,26.792658,80.911454,11:48,11,42,15.1,0.89,medium_traffic,3,6
D6,2026-04-15,2,L01,Metro Cash & Carry Hazratganj,26.81408,81.063386,12:45,12,39,16.0,1.0,low_traffic,4,6
D6,2026-04-15,2,L41,Fabindia Hazratganj,26.941107,80.978258,13:40,13,36,32.8,1.26,low_traffic,5,6
D6,2026-04-15,2,L31,Croma Hazratganj,26.817756,80.886751,14:48,14,34,35.7,1.23,medium_traffic,6,6
D6,2026-04-16,3,L31,Croma Hazratganj,26.817756,80.886751,09:30,9,30,42.0,1.68,medium_traffic,1,7
D6,2026-04-16,3,L32,Vijay Sales Gomti Nagar,26.932172,80.908956,10:42,10,29,32.6,1.55,low_traffic,2,7
D6,2026-04-16,3,L01,Metro Cash & Carry Hazratganj,26.81408,81.063386,11:43,11,29,8.5,0.85,low_traffic,3,7
D6,2026-04-16,3,L21,Monginis Bakery Hazratganj,26.74843,80.944946,12:20,12,17,11.5,0.96,medium_traffic,4,7
D6,2026-04-16,3,L02,Big Bazaar Gomti Nagar,26.907018,80.971851,12:48,12,14,8.4,0.93,medium_traffic,5,7
D6,2026-04-16,3,L42,Westside Gomti Nagar,26.802733,80.832725,13:10,13,24,29.8,1.19,low_traffic,6,7
D6,2026-04-16,3,L41,Fabindia Hazratganj,26.941107,80.978258,14:03,14,41,32.2,1.11,low_traffic,7,7
D6,2026-04-17,4,L02,Big Bazaar Gomti Nagar,26.907018,80.971851,09:07,9,20,50.4,1.8,medium_traffic,1,8
D6,2026-04-17,4,L22,Cake Hub Gomti Nagar,26.725641,81.052623,10:17,10,16,24.4,1.74,low_traffic,2,8
D6,2026-04-17,4,L12,Grofers Hub Vikas Nagar,26.792658,80.911454,10:57,10,40,22.1,1.47,medium_traffic,3,8
D6,2026-04-17,4,L41,Fabindia Hazratganj,26.941107,80.978258,11:59,11,45,13.9,0.87,low_traffic,4,8
D6,2026-04-17,4,L01,Metro Cash & Carry Hazratganj,26.81408,81.063386,12:57,12,40,27.2,0.97,low_traffic,5,8
D6,2026-04-17,4,L42,Westside Gomti Nagar,26.802733,80.832725,14:04,14,24,26.4,1.15,low_traffic,6,8
D6,2026-04-17,4,L11,Walmart Best Price Kursi Road,26.875782,80.852468,14:54,14,39,15.1,1.16,low_traffic,7,8
D6,2026-04-17,4,L32,Vijay Sales Gomti Nagar,26.932172,80.908956,15:48,15,28,8.0,1.0,low_traffic,8,8
D6,2026-04-18,5,L42,Westside Gomti Nagar,26.802733,80.832725,08:27,8,25,31.3,1.65,low_traffic,1,3
D6,2026-04-18,5,L31,Croma Hazratganj,26.817756,80.886751,09:23,9,27,45.9,1.53,medium_traffic,2,3
D6,2026-04-18,5,L21,Monginis Bakery Hazratganj,26.74843,80.944946,10:35,10,24,14.4,1.31,medium_traffic,3,3
D6,2026-04-20,0,L42,Westside Gomti Nagar,26.802733,80.832725,08:13,8,20,23.8,1.4,low_traffic,1,5
D6,2026-04-20,0,L32,Vijay Sales Gomti Nagar,26.932172,80.908956,08:56,8,24,29.3,1.33,low_traffic,2,5
D6,2026-04-20,0,L22,Cake Hub Gomti Nagar,26.725641,81.052623,09:49,9,16,14.5,1.61,low_traffic,3,5
D6,2026-04-20,0,L01,Metro Cash & Carry Hazratganj,26.81408,81.063386,10:19,10,33,23.2,1.66,low_traffic,4,5
D6,2026-04-20,0,L02,Big Bazaar Gomti Nagar,26.907018,80.971851,11:15,11,21,16.7,0.98,medium_traffic,5,5
D6,2026-04-21,1,L22,Cake Hub Gomti Nagar,26.725641,81.052623,08:43,8,16,36.1,1.72,low_traffic,1,8
D6,2026-04-21,1,L41,Fabindia Hazratganj,26.941107,80.978258,09:35,9,36,17.4,1.34,low_traffic,2,8
D6,2026-04-21,1,L02,Big Bazaar Gomti Nagar,26.907018,80.971851,10:28,10,12,28.1,1.34,medium_traffic,3,8
D6,2026-04-21,1,L32,Vijay Sales Gomti Nagar,26.932172,80.908956,11:08,11,23,28.2,0.94,low_traffic,4,8
D6,2026-04-21,1,L01,Metro Cash & Carry Hazratganj,26.81408,81.063386,11:59,11,39,21.6,0.9,low_traffic,5,8
D6,2026-04-21,1,L12,Grofers Hub Vikas Nagar,26.792658,80.911454,12:59,12,39,27.8,0.96,medium_traffic,6,8
D6,2026-04-21,1,L31,Croma Hazratganj,26.817756,80.886751,14:05,14,34,33.5,1.29,medium_traffic,7,8
D6,2026-04-21,1,L42,Westside Gomti Nagar,26.802733,80.832725,15:12,15,15,23.1,1.05,low_traffic,8,8
D6,2026-04-22,2,L02,Big Bazaar Gomti Nagar,26.907018,80.971851,08:12,8,23,30.0,1.5,medium_traffic,1,6
D6,2026-04-22,2,L01,Metro Cash & Carry Hazratganj,26.81408,81.063386,09:05,9,37,15.7,1.57,low_traffic,2,6
D6,2026-04-22,2,L11,Walmart Best Price Kursi Road,26.875782,80.852468,09:57,9,31,40.8,1.36,low_traffic,3,6
D6,2026-04-22,2,L32,Vijay Sales Gomti Nagar,26.932172,80.908956,11:08,11,32,15.5,1.03,low_traffic,4,6
D6,2026-04-22,2,L42,Westside Gomti Nagar,26.802733,80.832725,11:55,11,21,10.9,0.99,low_traffic,5,6
D6,2026-04-22,2,L31,Croma Hazratganj,26.817756,80.886751,12:26,12,34,26.6,0.95,medium_traffic,6,6
D6,2026-04-23,3,L31,Croma Hazratganj,26.817756,80.886751,08:34,8,33,28.4,1.58,medium_traffic,1,6
D6,2026-04-23,3,L22,Cake Hub Gomti Nagar,26.725641,81.052623,09:35,9,19,25.1,1.57,low_traffic,2,6
D6,2026-04-23,3,L42,Westside Gomti Nagar,26.802733,80.832725,10:19,10,15,17.6,1.47,low_traffic,3,6
D6,2026-04-23,3,L12,Grofers Hub Vikas Nagar,26.792658,80.911454,10:51,10,34,30.4,1.32,medium_traffic,4,6
D6,2026-04-23,3,L02,Big Bazaar Gomti Nagar,26.907018,80.971851,11:55,11,22,13.2,0.88,medium_traffic,5,6
D6,2026-04-23,3,L11,Walmart Best Price Kursi Road,26.875782,80.852468,12:30,12,31,23.5,0.98,low_traffic,6,6
D6,2026-04-24,4,L01,Metro Cash & Carry Hazratganj,26.81408,81.063386,09:01,9,40,10.6,1.32,low_traffic,1,8
D6,2026-04-24,4,L41,Fabindia Hazratganj,26.941107,80.978258,09:51,9,44,38.0,1.31,low_traffic,2,8
D6,2026-04-24,4,L32,Vijay Sales Gomti Nagar,26.932172,80.908956,11:13,11,22,6.8,0.85,low_traffic,3,8
D6,2026-04-24,4,L22,Cake Hub Gomti Nagar,26.725641,81.052623,11:41,11,24,25.5,0.91,low_traffic,4,8
D6,2026-04-24,4,L31,Croma Hazratganj,26.817756,80.886751,12:30,12,28,26.1,0.87,medium_traffic,5,8
D6,2026-04-24,4,L21,Monginis Bakery Hazratganj,26.74843,80.944946,13:24,13,21,13.2,1.2,medium_traffic,6,8
D6,2026-04-24,4,L02,Big Bazaar Gomti Nagar,26.907018,80.971851,13:58,13,21,31.5,1.26,medium_traffic,7,8
D6,2026-04-24,4,L42,Westside Gomti Nagar,26.802733,80.832725,14:50,14,24,32.8,1.17,low_traffic,8,8
D6,2026-04-25,5,L41,Fabindia Hazratganj,26.941107,80.978258,08:05,8,42,18.8,1.57,low_traffic,1,5
D6,2026-04-25,5,L22,Cake Hub Gomti Nagar,26.725641,81.052623,09:05,9,22,40.8,1.63,low_traffic,2,5
D6,2026-04-25,5,L11,Walmart Best Price Kursi Road,26.875782,80.852468,10:07,10,41,34.6,1.44,low_traffic,3,5
D6,2026-04-25,5,L12,Grofers Hub Vikas Nagar,26.792658,80.911454,11:22,11,43,11.3,0.87,medium_traffic,4,5
D6,2026-04-25,5,L42,Westside Gomti Nagar,26.802733,80.832725,12:16,12,25,24.6,0.91,low_traffic,5,5
D6,2026-04-27,0,L11,Walmart Best Price Kursi Road,26.875782,80.852468,08:00,8,35,24.4,1.63,low_traffic,1,5
D6,2026-04-27,0,L21,Monginis Bakery Hazratganj,26.74843,80.944946,08:59,8,15,26.5,1.47,medium_traffic,2,5
D6,2026-04-27,0,L32,Vijay Sales Gomti Nagar,26.932172,80.908956,09:40,9,25,35.5,1.48,low_traffic,3,5
D6,2026-04-27,0,L42,Westside Gomti Nagar,26.802733,80.832725,10:40,10,19,31.4,1.57,low_traffic,4,5
D6,2026-04-27,0,L31,Croma Hazratganj,26.817756,80.886751,11:30,11,31,14.4,0.96,medium_traffic,5,5
D6,2026-04-28,1,L22,Cake Hub Gomti Nagar,26.725641,81.052623,09:02,9,25,14.2,1.58,low_traffic,1,6
D6,2026-04-28,1,L42,Westside Gomti Nagar,26.802733,80.832725,09:41,9,16,32.1,1.53,low_traffic,2,6
D6,2026-04-28,1,L11,Walmart Best Price Kursi Road,26.875782,80.852468,10:29,10,38,38.3,1.42,low_traffic,3,6
D6,2026-04-28,1,L02,Big Bazaar Gomti Nagar,26.907018,80.971851,11:45,11,16,25.9,0.96,medium_traffic,4,6
D6,2026-04-28,1,L01,Metro Cash & Carry Hazratganj,26.81408,81.063386,12:26,12,40,8.1,1.01,low_traffic,5,6
D6,2026-04-28,1,L12,Grofers Hub Vikas Nagar,26.792658,80.911454,13:14,13,39,34.2,1.22,medium_traffic,6,6
D6,2026-04-29,2,L12,Grofers Hub Vikas Nagar,26.792658,80.911454,08:16,8,41,25.8,1.61,medium_traffic,1,6
D6,2026-04-29,2,L41,Fabindia Hazratganj,26.941107,80.978258,09:22,9,40,32.0,1.39,low_traffic,2,6
D6,2026-04-29,2,L32,Vijay Sales Gomti Nagar,26.932172,80.908956,10:34,10,29,26.1,1.74,low_traffic,3,6
D6,2026-04-29,2,L31,Croma Hazratganj,26.817756,80.886751,11:29,11,37,26.7,0.89,medium_traffic,4,6
D6,2026-04-29,2,L02,Big Bazaar Gomti Nagar,26.907018,80.971851,12:32,12,12,24.9,0.89,medium_traffic,5,6
D6,2026-04-29,2,L22,Cake Hub Gomti Nagar,26.725641,81.052623,13:08,13,17,17.7,1.18,low_traffic,6,6
D6,2026-04-30,3,L01,Metro Cash & Carry Hazratganj,26.81408,81.063386,08:01,8,40,29.8,1.42,low_traffic,1,5
D6,2026-04-30,3,L31,Croma Hazratganj,26.817756,80.886751,09:10,9,36,31.5,1.66,medium_traffic,2,5
D6,2026-04-30,3,L32,Vijay Sales Gomti Nagar,26.932172,80.908956,10:17,10,27,39.8,1.66,low_traffic,3,5
D6,2026-04-30,3,L42,Westside Gomti Nagar,26.802733,80.832725,11:23,11,25,15.1,0.89,low_traffic,4,5
D6,2026-04-30,3,L22,Cake Hub Gomti Nagar,26.725641,81.052623,12:03,12,15,19.8,0.9,low_traffic,5,5
D7,2026-01-02,4,L46,Pantaloons Rajajipuram,26.747795,81.001644,08:43,8,26,37.0,1.48,low_traffic,1,8
D7,2026-01-02,4,L15,Zepto Store Aliganj,26.870728,80.828277,09:46,9,21,19.5,1.39,low_traffic,2,8
D7,2026-01-02,4,L35,Apple Reseller Indiranagar,26.736083,81.072791,10:26,10,33,13.1,1.31,low_traffic,3,8
D7,2026-01-02,4,L05,Spencer's Indiranagar,26.87299,81.000299,11:12,11,28,19.5,0.93,medium_traffic,4,8
D7,2026-01-02,4,L06,Star Bazaar Rajajipuram,26.722052,81.068377,11:59,11,23,15.5,0.91,low_traffic,5,8
D7,2026-01-02,4,L36,Lenovo Hub Rajajipuram,26.917484,80.867866,12:37,12,24,23.3,0.97,low_traffic,6,8
D7,2026-01-02,4,L26,Cafe Coffee Day Rajajipuram,26.968792,81.017735,13:24,13,37,10.2,1.28,low_traffic,7,8
D7,2026-01-02,4,L25,Barista Indiranagar,26.858845,80.864262,14:11,14,13,12.6,1.15,medium_traffic,8,8
D7,2026-01-03,5,L45,Zudio Indiranagar,26.947375,80.938976,09:02,9,18,40.3,1.44,low_traffic,1,3
D7,2026-01-03,5,L05,Spencer's Indiranagar,26.87299,81.000299,10:00,10,19,30.6,1.8,medium_traffic,2,3
D7,2026-01-03,5,L35,Apple Reseller Indiranagar,26.736083,81.072791,10:49,10,29,19.6,1.4,low_traffic,3,3
D7,2026-01-05,0,L15,Zepto Store Aliganj,26.870728,80.828277,08:06,8,19,40.5,1.35,low_traffic,1,7
D7,2026-01-05,0,L16,Quick Commerce Indiranagar,26.874662,80.860536,09:05,9,37,33.7,1.53,low_traffic,2,7
D7,2026-01-05,0,L06,Star Bazaar Rajajipuram,26.722052,81.068377,10:15,10,23,19.1,1.74,low_traffic,3,7
D7,2026-01-05,0,L46,Pantaloons Rajajipuram,26.747795,81.001644,10:57,10,19,18.5,1.32,low_traffic,4,7
D7,2026-01-05,0,L05,Spencer's Indiranagar,26.87299,81.000299,11:34,11,26,27.2,0.97,medium_traffic,5,7
D7,2026-01-05,0,L25,Barista Indiranagar,26.858845,80.864262,12:27,12,10,12.5,0.89,medium_traffic,6,7
D7,2026-01-05,0,L26,Cafe Coffee Day Rajajipuram,26.968792,81.017735,12:49,12,28,16.7,0.93,low_traffic,7,7
D7,2026-01-06,1,L46,Pantaloons Rajajipuram,26.747795,81.001644,08:29,8,28,37.4,1.78,low_traffic,1,5
D7,2026-01-06,1,L25,Barista Indiranagar,26.858845,80.864262,09:34,9,8,37.9,1.58,medium_traffic,2,5
D7,2026-01-06,1,L26,Cafe Coffee Day Rajajipuram,26.968792,81.017735,10:19,10,28,17.0,1.31,low_traffic,3,5
D7,2026-01-06,1,L35,Apple Reseller Indiranagar,26.736083,81.072791,11:04,11,35,8.1,1.01,low_traffic,4,5
D7,2026-01-06,1,L06,Star Bazaar Rajajipuram,26.722052,81.068377,11:47,11,16,18.3,0.87,low_traffic,5,5
D7,2026-01-07,2,L26,Cafe Coffee Day Rajajipuram,26.968792,81.017735,09:18,9,26,46.2,1.71,low_traffic,1,6
D7,2026-01-07,2,L45,Zudio Indiranagar,26.947375,80.938976,10:30,10,18,37.4,1.78,low_traffic,2,6
D7,2026-01-07,2,L16,Quick Commerce Indiranagar,26.874662,80.860536,11:25,11,29,29.9,1.03,low_traffic,3,6
D7,2026-01-07,2,L25,Barista Indiranagar,26.858845,80.864262,12:23,12,20,25.1,0.93,medium_traffic,4,6
D7,2026-01-07,2,L35,Apple Reseller Indiranagar,26.736083,81.072791,13:08,13,27,10.5,1.17,low_traffic,5,6
D7,2026-01-07,2,L06,Star Bazaar Rajajipuram,26.722052,81.068377,13:45,13,27,11.6,1.16,low_traffic,6,6
D7,2026-01-08,3,L05,Spencer's Indiranagar,26.87299,81.000299,09:01,9,19,33.4,1.59,medium_traffic,1,5
D7,2026-01-08,3,L06,Star Bazaar Rajajipuram,26.722052,81.068377,09:53,9,18,18.1,1.39,low_traffic,2,5
D7,2026-01-08,3,L35,Apple Reseller Indiranagar,26.736083,81.072791,10:29,10,28,38.4,1.6,low_traffic,3,5
D7,2026-01-08,3,L16,Quick Commerce Indiranagar,26.874662,80.860536,11:35,11,30,18.9,0.86,low_traffic,4,5
D7,2026-01-08,3,L26,Cafe Coffee Day Rajajipuram,26.968792,81.017735,12:23,12,26,19.3,0.92,low_traffic,5,5
D7,2026-01-09,4,L16,Quick Commerce Indiranagar,26.874662,80.860536,09:40,9,29,23.6,1.31,low_traffic,1,5
D7,2026-01-09,4,L36,Lenovo Hub Rajajipuram,26.917484,80.867866,10:32,10,22,31.0,1.55,low_traffic,2,5
D7,2026-01-09,4,L25,Barista Indiranagar,26.858845,80.864262,11:25,11,16,8.5,0.94,medium_traffic,3,5
D7,2026-01-09,4,L35,Apple Reseller Indiranagar,26.736083,81.072791,11:49,11,37,10.9,0.99,low_traffic,4,5
D7,2026-01-09,4,L06,Star Bazaar Rajajipuram,26.722052,81.068377,12:36,12,15,7.0,0.88,low_traffic,5,5
D7,2026-01-10,5,L16,Quick Commerce Indiranagar,26.874662,80.860536,08:43,8,37,27.5,1.53,low_traffic,1,3
D7,2026-01-10,5,L15,Zepto Store Aliganj,26.870728,80.828277,09:47,9,22,18.3,1.41,low_traffic,2,3
D7,2026-01-10,5,L45,Zudio Indiranagar,26.947375,80.938976,10:27,10,23,25.4,1.41,low_traffic,3,3
D7,2026-01-12,0,L06,Star Bazaar Rajajipuram,26.722052,81.068377,09:35,9,24,19.4,1.62,low_traffic,1,5
D7,2026-01-12,0,L15,Zepto Store Aliganj,26.870728,80.828277,10:18,10,14,33.8,1.41,low_traffic,2,5
D7,2026-01-12,0,L26,Cafe Coffee Day Rajajipuram,26.968792,81.017735,11:05,11,26,8.2,0.91,low_traffic,3,5
D7,2026-01-12,0,L46,Pantaloons Rajajipuram,26.747795,81.001644,11:39,11,16,22.5,0.9,low_traffic,4,5
D7,2026-01-12,0,L05,Spencer's Indiranagar,26.87299,81.000299,12:17,12,28,22.2,1.01,medium_traffic,5,5
D7,2026-01-13,1,L25,Barista Indiranagar,26.858845,80.864262,08:14,8,19,43.7,1.62,medium_traffic,1,6
D7,2026-01-13,1,L05,Spencer's Indiranagar,26.87299,81.000299,09:16,9,26,15.0,1.36,medium_traffic,2,6
D7,2026-01-13,1,L16,Quick Commerce Indiranagar,26.874662,80.860536,09:57,9,37,44.7,1.49,low_traffic,3,6
D7,2026-01-13,1,L15,Zepto Store Aliganj,26.870728,80.828277,11:18,11,18,7.6,0.85,low_traffic,4,6
D7,2026-01-13,1,L36,Lenovo Hub Rajajipuram,26.917484,80.867866,11:43,11,25,23.9,0.92,low_traffic,5,6
D7,2026-01-13,1,L46,Pantaloons Rajajipuram,26.747795,81.001644,12:31,12,20,16.8,0.99,low_traffic,6,6
D7,2026-01-14,2,L46,Pantaloons Rajajipuram,26.747795,81.001644,09:35,9,27,43.7,1.62,low_traffic,1,6
D7,2026-01-14,2,L06,Star Bazaar Rajajipuram,26.722052,81.068377,10:45,10,27,48.1,1.66,low_traffic,2,6
D7,2026-01-14,2,L25,Barista Indiranagar,26.858845,80.864262,12:00,12,9,23.1,1.05,medium_traffic,3,6
D7,2026-01-14,2,L16,Quick Commerce Indiranagar,26.874662,80.860536,12:32,12,28,17.5,1.03,low_traffic,4,6
D7,2026-01-14,2,L35,Apple Reseller Indiranagar,26.736083,81.072791,13:17,13,35,23.0,1.21,low_traffic,5,6
D7,2026-01-14,2,L15,Zepto Store Aliganj,26.870728,80.828277,14:15,14,13,30.7,1.18,low_traffic,6,6
D7,2026-01-15,3,L35,Apple Reseller Indiranagar,26.736083,81.072791,08:11,8,30,25.8,1.72,low_traffic,1,6
D7,2026-01-15,3,L46,Pantaloons Rajajipuram,26.747795,81.001644,09:06,9,22,35.5,1.69,low_traffic,2,6
D7,2026-01-15,3,L16,Quick Commerce Indiranagar,26.874662,80.860536,10:03,10,32,14.2,1.58,low_traffic,3,6
D7,2026-01-15,3,L36,Lenovo Hub Rajajipuram,26.917484,80.867866,10:49,10,24,12.9,1.61,low_traffic,4,6
D7,2026-01-15,3,L25,Barista Indiranagar,26.858845,80.864262,11:25,11,18,18.8,0.94,medium_traffic,5,6
D7,2026-01-15,3,L26,Cafe Coffee Day Rajajipuram,26.968792,81.017735,12:01,12,25,18.3,0.87,low_traffic,6,6
D7,2026-01-16,4,L05,Spencer's Indiranagar,26.87299,81.000299,08:33,8,28,34.2,1.37,medium_traffic,1,8
D7,2026-01-16,4,L46,Pantaloons Rajajipuram,26.747795,81.001644,09:35,9,16,22.3,1.31,low_traffic,2,8
D7,2026-01-16,4,L36,Lenovo Hub Rajajipuram,26.917484,80.867866,10:13,10,26,36.8,1.75,low_traffic,3,8
D7,2026-01-16,4,L16,Quick Commerce Indiranagar,26.874662,80.860536,11:15,11,37,10.4,0.87,low_traffic,4,8
D7,2026-01-16,4,L15,Zepto Store Aliganj,26.870728,80.828277,12:02,12,15,20.2,0.96,low_traffic,5,8
D7,2026-01-16,4,L06,Star Bazaar Rajajipuram,26.722052,81.068377,12:37,12,21,10.3,0.86,low_traffic,6,8
D7,2026-01-16,4,L26,Cafe Coffee Day Rajajipuram,26.968792,81.017735,13:08,13,33,23.2,1.22,low_traffic,7,8
D7,2026-01-16,4,L45,Zudio Indiranagar,26.947375,80.938976,14:04,14,28,26.0,1.24,low_traffic,8,8
D7,2026-01-17,5,L46,Pantaloons Rajajipuram,26.747795,81.001644,08:00,8,17,33.2,1.58,low_traffic,1,4
D7,2026-01-17,5,L05,Spencer's Indiranagar,26.87299,81.000299,08:50,8,18,47.6,1.64,medium_traffic,2,4
D7,2026-01-17,5,L26,Cafe Coffee Day Rajajipuram,26.968792,81.017735,09:55,9,30,40.3,1.68,low_traffic,3,4
D7,2026-01-17,5,L06,Star Bazaar Rajajipuram,26.722052,81.068377,11:05,11,19,10.6,0.96,low_traffic,4,4
D7,2026-01-19,0,L36,Lenovo Hub Rajajipuram,26.917484,80.867866,08:10,8,16,23.1,1.54,low_traffic,1,6
D7,2026-01-19,0,L05,Spencer's Indiranagar,26.87299,81.000299,08:49,8,22,31.2,1.3,medium_traffic,2,6
D7,2026-01-19,0,L35,Apple Reseller Indiranagar,26.736083,81.072791,09:42,9,27,32.0,1.6,low_traffic,3,6
D7,2026-01-19,0,L06,Star Bazaar Rajajipuram,26.722052,81.068377,10:41,10,27,19.8,1.8,low_traffic,4,6
D7,2026-01-19,0,L26,Cafe Coffee Day Rajajipuram,26.968792,81.017735,11:27,11,26,13.0,0.93,low_traffic,5,6
D7,2026-01-19,0,L46,Pantaloons Rajajipuram,26.747795,81.001644,12:06,12,25,12.2,0.87,low_traffic,6,6
D7,2026-01-20,1,L16,Quick Commerce Indiranagar,26.874662,80.860536,08:20,8,38,27.9,1.33,low_traffic,1,7
D7,2026-01-20,1,L26,Cafe Coffee Day Rajajipuram,26.968792,81.017735,09:25,9,33,38.9,1.39,low_traffic,2,7
D7,2026-01-20,1,L06,Star Bazaar Rajajipuram,26.722052,81.068377,10:36,10,22,36.4,1.4,low_traffic,3,7
D7,2026-01-20,1,L25,Barista Indiranagar,26.858845,80.864262,11:34,11,10,27.4,0.98,medium_traffic,4,7
D7,2026-01-20,1,L36,Lenovo Hub Rajajipuram,26.917484,80.867866,12:11,12,19,16.3,0.86,low_traffic,5,7
D7,2026-01-20,1,L45,Zudio Indiranagar,26.947375,80.938976,12:46,12,18,15.7,0.98,low_traffic,6,7
D7,2026-01-20,1,L35,Apple Reseller Indiranagar,26.736083,81.072791,13:19,13,33,28.2,1.28,low_traffic,7,7
D7,2026-01-21,2,L36,Lenovo Hub Rajajipuram,26.917484,80.867866,08:22,8,27,13.1,1.31,low_traffic,1,7
D7,2026-01-21,2,L26,Cafe Coffee Day Rajajipuram,26.968792,81.017735,09:02,9,32,48.7,1.74,low_traffic,2,7
D7,2026-01-21,2,L45,Zudio Indiranagar,26.947375,80.938976,10:22,10,20,15.8,1.76,low_traffic,3,7
D7,2026-01-21,2,L46,Pantaloons Rajajipuram,26.747795,81.001644,10:57,10,17,42.7,1.58,low_traffic,4,7
D7,2026-01-21,2,L15,Zepto Store Aliganj,26.870728,80.828277,11:56,11,10,16.0,1.0,low_traffic,5,7
D7,2026-01-21,2,L35,Apple Reseller Indiranagar,26.736083,81.072791,12:22,12,36,22.3,0.93,low_traffic,6,7
D7,2026-01-21,2,L06,Star Bazaar Rajajipuram,26.722052,81.068377,13:20,13,18,12.1,1.21,low_traffic,7,7
D7,2026-01-22,3,L06,Star Bazaar Rajajipuram,26.722052,81.068377,08:22,8,16,35.2,1.76,low_traffic,1,6
D7,2026-01-22,3,L16,Quick Commerce Indiranagar,26.874662,80.860536,09:13,9,33,15.3,1.53,low_traffic,2,6
D7,2026-01-22,3,L36,Lenovo Hub Rajajipuram,26.917484,80.867866,10:01,10,26,17.0,1.31,low_traffic,3,6
D7,2026-01-22,3,L45,Zudio Indiranagar,26.947375,80.938976,10:44,10,20,36.5,1.35,low_traffic,4,6
D7,2026-01-22,3,L25,Barista Indiranagar,26.858845,80.864262,11:40,11,11,9.3,0.85,medium_traffic,5,6
D7,2026-01-22,3,L15,Zepto Store Aliganj,26.870728,80.828277,12:00,12,18,15.0,1.0,low_traffic,6,6
D7,2026-01-23,4,L15,Zepto Store Aliganj,26.870728,80.828277,08:28,8,18,38.9,1.34,low_traffic,1,7
D7,2026-01-23,4,L06,Star Bazaar Rajajipuram,26.722052,81.068377,09:24,9,24,23.2,1.45,low_traffic,2,7
D7,2026-01-23,4,L05,Spencer's Indiranagar,26.87299,81.000299,10:11,10,25,17.2,1.32,medium_traffic,3,7
D7,2026-01-23,4,L35,Apple Reseller Indiranagar,26.736083,81.072791,10:53,10,32,17.5,1.46,low_traffic,4,7
D7,2026-01-23,4,L46,Pantaloons Rajajipuram,26.747795,81.001644,11:42,11,17,8.2,0.91,low_traffic,5,7
D7,2026-01-23,4,L16,Quick Commerce Indiranagar,26.874662,80.860536,12:07,12,26,16.0,0.94,low_traffic,6,7
D7,2026-01-23,4,L45,Zudio Indiranagar,26.947375,80.938976,12:49,12,28,12.6,0.9,low_traffic,7,7
D7,2026-01-24,5,L06,Star Bazaar Rajajipuram,26.722052,81.068377,08:11,8,25,17.4,1.34,low_traffic,1,4
D7,2026-01-24,5,L36,Lenovo Hub Rajajipuram,26.917484,80.867866,08:53,8,25,31.1,1.35,low_traffic,2,4
D7,2026-01-24,5,L25,Barista Indiranagar,26.858845,80.864262,09:49,9,9,20.4,1.57,medium_traffic,3,4
D7,2026-01-24,5,L35,Apple Reseller Indiranagar,26.736083,81.072791,10:18,10,34,25.8,1.61,low_traffic,4,4
D7,2026-01-26,0,L46,Pantaloons Rajajipuram,26.747795,81.001644,08:34,8,24,15.6,1.42,low_traffic,1,8
D7,2026-01-26,0,L15,Zepto Store Aliganj,26.870728,80.828277,09:13,9,15,40.3,1.39,low_traffic,2,8
D7,2026-01-26,0,L05,Spencer's Indiranagar,26.87299,81.000299,10:08,10,19,27.0,1.5,medium_traffic,3,8
D7,2026-01-26,0,L16,Quick Commerce Indiranagar,26.874662,80.860536,10:54,10,37,35.0,1.59,low_traffic,4,8
D7,2026-01-26,0,L45,Zudio Indiranagar,26.947375,80.938976,12:06,12,27,25.5,0.85,low_traffic,5,8
D7,2026-01-26,0,L35,Apple Reseller Indiranagar,26.736083,81.072791,12:58,12,32,26.9,0.96,low_traffic,6,8
D7,2026-01-26,0,L26,Cafe Coffee Day Rajajipuram,26.968792,81.017735,13:56,13,32,13.0,1.18,low_traffic,7,8
D7,2026-01-26,0,L06,Star Bazaar Rajajipuram,26.722052,81.068377,14:41,14,21,10.8,1.2,low_traffic,8,8
D7,2026-01-27,1,L45,Zudio Indiranagar,26.947375,80.938976,08:42,8,21,22.4,1.72,low_traffic,1,8
D7,2026-01-27,1,L46,Pantaloons Rajajipuram,26.747795,81.001644,09:25,9,26,29.0,1.61,low_traffic,2,8
D7,2026-01-27,1,L15,Zepto Store Aliganj,26.870728,80.828277,10:20,10,20,27.6,1.38,low_traffic,3,8
D7,2026-01-27,1,L06,Star Bazaar Rajajipuram,26.722052,81.068377,11:07,11,15,19.4,1.02,low_traffic,4,8
D7,2026-01-27,1,L26,Cafe Coffee Day Rajajipuram,26.968792,81.017735,11:41,11,32,25.2,1.01,low_traffic,5,8
D7,2026-01-27,1,L05,Spencer's Indiranagar,26.87299,81.000299,12:38,12,20,30.2,1.04,medium_traffic,6,8
D7,2026-01-27,1,L36,Lenovo Hub Rajajipuram,26.917484,80.867866,13:28,13,27,14.2,1.18,low_traffic,7,8
D7,2026-01-27,1,L25,Barista Indiranagar,26.858845,80.864262,14:09,14,20,31.1,1.11,medium_traffic,8,8
D7,2026-01-28,2,L16,Quick Commerce Indiranagar,26.874662,80.860536,08:27,8,30,40.2,1.61,low_traffic,1,6
D7,2026-01-28,2,L46,Pantaloons Rajajipuram,26.747795,81.001644,09:37,9,18,13.5,1.69,low_traffic,2,6
D7,2026-01-28,2,L36,Lenovo Hub Rajajipuram,26.917484,80.867866,10:08,10,21,12.2,1.36,low_traffic,3,6
D7,2026-01-28,2,L05,Spencer's Indiranagar,26.87299,81.000299,10:41,10,27,45.9,1.7,medium_traffic,4,6
D7,2026-01-28,2,L26,Cafe Coffee Day Rajajipuram,26.968792,81.017735,11:53,11,33,29.0,1.0,low_traffic,5,6
D7,2026-01-28,2,L35,Apple Reseller Indiranagar,26.736083,81.072791,12:55,12,37,25.4,0.94,low_traffic,6,6
D7,2026-01-29,3,L15,Zepto Store Aliganj,26.870728,80.828277,09:22,9,18,38.2,1.53,low_traffic,1,7
D7,2026-01-29,3,L35,Apple Reseller Indiranagar,26.736083,81.072791,10:18,10,37,13.8,1.53,low_traffic,2,7
D7,2026-01-29,3,L06,Star Bazaar Rajajipuram,26.722052,81.068377,11:08,11,20,9.8,0.98,low_traffic,3,7
D7,2026-01-29,3,L05,Spencer's Indiranagar,26.87299,81.000299,11:37,11,24,15.5,1.03,medium_traffic,4,7
D7,2026-01-29,3,L16,Quick Commerce Indiranagar,26.874662,80.860536,12:16,12,33,18.6,0.93,low_traffic,5,7
D7,2026-01-29,3,L46,Pantaloons Rajajipuram,26.747795,81.001644,13:07,13,18,33.1,1.14,low_traffic,6,7
D7,2026-01-29,3,L26,Cafe Coffee Day Rajajipuram,26.968792,81.017735,13:58,13,32,30.0,1.11,low_traffic,7,7
D7,2026-01-30,4,L05,Spencer's Indiranagar,26.87299,81.000299,09:34,9,25,37.0,1.37,medium_traffic,1,7
D7,2026-01-30,4,L26,Cafe Coffee Day Rajajipuram,26.968792,81.017735,10:36,10,32,42.2,1.76,low_traffic,2,7
D7,2026-01-30,4,L25,Barista Indiranagar,26.858845,80.864262,11:50,11,10,11.9,0.99,medium_traffic,3,7
D7,2026-01-30,4,L45,Zudio Indiranagar,26.947375,80.938976,12:11,12,21,23.7,0.91,low_traffic,4,7
D7,2026-01-30,4,L35,Apple Reseller Indiranagar,26.736083,81.072791,12:55,12,38,8.5,0.95,low_traffic,5,7
D7,2026-01-30,4,L46,Pantaloons Rajajipuram,26.747795,81.001644,13:41,13,26,22.1,1.23,low_traffic,6,7
D7,2026-01-30,4,L06,Star Bazaar Rajajipuram,26.722052,81.068377,14:29,14,25,24.0,1.2,low_traffic,7,7
D7,2026-01-31,5,L45,Zudio Indiranagar,26.947375,80.938976,09:43,9,18,13.8,1.53,low_traffic,1,3
D7,2026-01-31,5,L46,Pantaloons Rajajipuram,26.747795,81.001644,10:14,10,20,21.3,1.64,low_traffic,2,3
D7,2026-01-31,5,L15,Zepto Store Aliganj,26.870728,80.828277,10:55,10,22,22.8,1.75,low_traffic,3,3
D7,2026-02-02,0,L05,Spencer's Indiranagar,26.87299,81.000299,08:08,8,20,40.0,1.48,medium_traffic,1,7
D7,2026-02-02,0,L16,Quick Commerce Indiranagar,26.874662,80.860536,09:08,9,36,20.8,1.39,low_traffic,2,7
D7,2026-02-02,0,L25,Barista Indiranagar,26.858845,80.864262,10:04,10,16,51.6,1.78,medium_traffic,3,7
D7,2026-02-02,0,L46,Pantaloons Rajajipuram,26.747795,81.001644,11:11,11,28,16.0,1.0,low_traffic,4,7
D7,2026-02-02,0,L35,Apple Reseller Indiranagar,26.736083,81.072791,11:55,11,29,14.0,0.93,low_traffic,5,7
D7,2026-02-02,0,L26,Cafe Coffee Day Rajajipuram,26.968792,81.017735,12:38,12,26,25.0,0.96,low_traffic,6,7
D7,2026-02-02,0,L15,Zepto Store Aliganj,26.870728,80.828277,13:29,13,14,15.2,1.17,low_traffic,7,7
D7,2026-02-03,1,L16,Quick Commerce Indiranagar,26.874662,80.860536,08:25,8,37,26.6,1.77,low_traffic,1,5
D7,2026-02-03,1,L05,Spencer's Indiranagar,26.87299,81.000299,09:28,9,25,33.8,1.41,medium_traffic,2,5
D7,2026-02-03,1,L45,Zudio Indiranagar,26.947375,80.938976,10:26,10,19,32.1,1.69,low_traffic,3,5
D7,2026-02-03,1,L36,Lenovo Hub Rajajipuram,26.917484,80.867866,11:17,11,17,21.4,0.89,low_traffic,4,5
D7,2026-02-03,1,L15,Zepto Store Aliganj,26.870728,80.828277,11:55,11,15,19.2,0.96,low_traffic,5,5
D7,2026-02-04,2,L16,Quick Commerce Indiranagar,26.874662,80.860536,09:43,9,29,23.0,1.44,low_traffic,1,7
D7,2026-02-04,2,L15,Zepto Store Aliganj,26.870728,80.828277,10:35,10,20,22.1,1.3,low_traffic,2,7
D7,2026-02-04,2,L06,Star Bazaar Rajajipuram,26.722052,81.068377,11:17,11,23,28.1,0.97,low_traffic,3,7
D7,2026-02-04,2,L46,Pantaloons Rajajipuram,26.747795,81.001644,12:08,12,17,10.1,1.01,low_traffic,4,7
D7,2026-02-04,2,L25,Barista Indiranagar,26.858845,80.864262,12:35,12,15,27.8,1.03,medium_traffic,5,7
D7,2026-02-04,2,L36,Lenovo Hub Rajajipuram,26.917484,80.867866,13:17,13,24,15.8,1.13,low_traffic,6,7
D7,2026-02-04,2,L35,Apple Reseller Indiranagar,26.736083,81.072791,13:56,13,35,22.9,1.27,low_traffic,7,7
D7,2026-02-05,3,L06,Star Bazaar Rajajipuram,26.722052,81.068377,09:18,9,20,27.5,1.53,low_traffic,1,6
D7,2026-02-05,3,L36,Lenovo Hub Rajajipuram,26.917484,80.867866,10:05,10,27,19.6,1.4,low_traffic,2,6
D7,2026-02-05,3,L46,Pantaloons Rajajipuram,26.747795,81.001644,10:51,10,19,37.5,1.39,low_traffic,3,6
D7,2026-02-05,3,L35,Apple Reseller Indiranagar,26.736083,81.072791,11:47,11,37,23.2,1.01,low_traffic,4,6
D7,2026-02-05,3,L26,Cafe Coffee Day Rajajipuram,26.968792,81.017735,12:47,12,26,24.5,1.02,low_traffic,5,6
D7,2026-02-05,3,L25,Barista Indiranagar,26.858845,80.864262,13:37,13,15,24.1,1.15,medium_traffic,6,6
D7,2026-02-06,4,L06,Star Bazaar Rajajipuram,26.722052,81.068377,09:11,9,23,41.3,1.53,low_traffic,1,7
D7,2026-02-06,4,L35,Apple Reseller Indiranagar,26.736083,81.072791,10:15,10,37,19.5,1.77,low_traffic,2,7
D7,2026-02-06,4,L26,Cafe Coffee Day Rajajipuram,26.968792,81.017735,11:11,11,33,22.3,0.97,low_traffic,3,7
D7,2026-02-06,4,L25,Barista Indiranagar,26.858845,80.864262,12:06,12,20,10.3,0.86,medium_traffic,4,7
D7,2026-02-06,4,L36,Lenovo Hub Rajajipuram,26.917484,80.867866,12:36,12,21,15.2,0.95,low_traffic,5,7
D7,2026-02-06,4,L15,Zepto Store Aliganj,26.870728,80.828277,13:12,13,18,27.1,1.13,low_traffic,6,7
D7,2026-02-06,4,L16,Quick Commerce Indiranagar,26.874662,80.860536,13:57,13,32,23.0,1.21,low_traffic,7,7
D7,2026-02-07,5,L36,Lenovo Hub Rajajipuram,26.917484,80.867866,09:19,9,23,20.8,1.73,low_traffic,1,3
D7,2026-02-07,5,L45,Zudio Indiranagar,26.947375,80.938976,10:02,10,23,39.6,1.65,low_traffic,2,3
D7,2026-02-07,5,L15,Zepto Store Aliganj,26.870728,80.828277,11:04,11,14,30.5,1.05,low_traffic,3,3
D7,2026-02-09,0,L15,Zepto Store Aliganj,26.870728,80.828277,09:39,9,22,17.6,1.76,low_traffic,1,7
D7,2026-02-09,0,L35,Apple Reseller Indiranagar,26.736083,81.072791,10:18,10,26,29.7,1.65,low_traffic,2,7
D7,2026-02-09,0,L05,Spencer's Indiranagar,26.87299,81.000299,11:13,11,16,7.0,0.88,medium_traffic,3,7
D7,2026-02-09,0,L26,Cafe Coffee Day Rajajipuram,26.968792,81.017735,11:36,11,30,14.6,0.86,low_traffic,4,7
D7,2026-02-09,0,L45,Zudio Indiranagar,26.947375,80.938976,12:20,12,28,25.5,0.98,low_traffic,5,7
D7,2026-02-09,0,L25,Barista Indiranagar,26.858845,80.864262,13:13,13,11,12.8,1.28,medium_traffic,6,7
D7,2026-02-09,0,L36,Lenovo Hub Rajajipuram,26.917484,80.867866,13:36,13,28,12.4,1.13,low_traffic,7,7
D7,2026-02-10,1,L36,Lenovo Hub Rajajipuram,26.917484,80.867866,09:35,9,17,48.4,1.67,low_traffic,1,7
D7,2026-02-10,1,L45,Zudio Indiranagar,26.947375,80.938976,10:40,10,26,24.5,1.44,low_traffic,2,7
D7,2026-02-10,1,L16,Quick Commerce Indiranagar,26.874662,80.860536,11:30,11,32,19.0,0.95,low_traffic,3,7
D7,2026-02-10,1,L26,Cafe Coffee Day Rajajipuram,26.968792,81.017735,12:21,12,32,29.1,0.97,low_traffic,4,7
D7,2026-02-10,1,L46,Pantaloons Rajajipuram,26.747795,81.001644,13:22,13,19,33.9,1.13,low_traffic,5,7
D7,2026-02-10,1,L25,Barista Indiranagar,26.858845,80.864262,14:14,14,20,33.0,1.18,medium_traffic,6,7
D7,2026-02-10,1,L05,Spencer's Indiranagar,26.87299,81.000299,15:07,15,26,16.0,0.94,medium_traffic,7,7
D7,2026-02-11,2,L35,Apple Reseller Indiranagar,26.736083,81.072791,08:33,8,37,18.3,1.41,low_traffic,1,8
D7,2026-02-11,2,L36,Lenovo Hub Rajajipuram,26.917484,80.867866,09:28,9,27,17.3,1.57,low_traffic,2,8
D7,2026-02-11,2,L06,Star Bazaar Rajajipuram,26.722052,81.068377,10:12,10,17,13.7,1.37,low_traffic,3,8
D7,2026-02-11,2,L16,Quick Commerce Indiranagar,26.874662,80.860536,10:42,10,36,16.8,1.4,low_traffic,4,8
D7,2026-02-11,2,L15,Zepto Store Aliganj,26.870728,80.828277,11:34,11,19,14.4,0.85,low_traffic,5,8
D7,2026-02-11,2,L45,Zudio Indiranagar,26.947375,80.938976,12:07,12,29,17.4,0.87,low_traffic,6,8
D7,2026-02-11,2,L26,Cafe Coffee Day Rajajipuram,26.968792,81.017735,12:53,12,33,8.5,0.85,low_traffic,7,8
D7,2026-02-11,2,L46,Pantaloons Rajajipuram,26.747795,81.001644,13:34,13,23,18.4,1.15,low_traffic,8,8
D7,2026-02-12,3,L06,Star Bazaar Rajajipuram,26.722052,81.068377,08:42,8,20,19.9,1.53,low_traffic,1,6
D7,2026-02-12,3,L16,Quick Commerce Indiranagar,26.874662,80.860536,09:21,9,30,27.7,1.54,low_traffic,2,6
D7,2026-02-12,3,L46,Pantaloons Rajajipuram,26.747795,81.001644,10:18,10,24,31.7,1.67,low_traffic,3,6
D7,2026-02-12,3,L15,Zepto Store Aliganj,26.870728,80.828277,11:13,11,12,22.5,0.98,low_traffic,4,6
D7,2026-02-12,3,L45,Zudio Indiranagar,26.947375,80.938976,11:47,11,18,24.2,0.93,low_traffic,5,6
D7,2026-02-12,3,L05,Spencer's Indiranagar,26.87299,81.000299,12:29,12,17,24.8,0.92,medium_traffic,6,6
D7,2026-02-13,4,L15,Zepto Store Aliganj,26.870728,80.828277,09:07,9,11,21.1,1.62,low_traffic,1,8
D7,2026-02-13,4,L45,Zudio Indiranagar,26.947375,80.938976,09:39,9,21,21.4,1.53,low_traffic,2,8
D7,2026-02-13,4,L25,Barista Indiranagar,26.858845,80.864262,10:21,10,19,45.6,1.52,medium_traffic,3,8
D7,2026-02-13,4,L46,Pantaloons Rajajipuram,26.747795,81.001644,11:25,11,26,23.1,0.89,low_traffic,4,8
D7,2026-02-13,4,L26,Cafe Coffee Day Rajajipuram,26.968792,81.017735,12:14,12,25,12.6,0.97,low_traffic,5,8
D7,2026-02-13,4,L05,Spencer's Indiranagar,26.87299,81.000299,12:51,12,18,12.0,0.92,medium_traffic,6,8
D7,2026-02-13,4,L06,Star Bazaar Rajajipuram,26.722052,81.068377,13:21,13,24,31.7,1.22,low_traffic,7,8
D7,2026-02-13,4,L35,Apple Reseller Indiranagar,26.736083,81.072791,14:16,14,28,23.9,1.14,low_traffic,8,8
D7,2026-02-14,5,L35,Apple Reseller Indiranagar,26.736083,81.072791,09:41,9,38,22.2,1.48,low_traffic,1,3
D7,2026-02-14,5,L46,Pantaloons Rajajipuram,26.747795,81.001644,10:41,10,19,39.8,1.59,low_traffic,2,3
D7,2026-02-14,5,L05,Spencer's Indiranagar,26.87299,81.000299,11:39,11,20,15.5,0.91,medium_traffic,3,3
D7,2026-02-16,0,L25,Barista Indiranagar,26.858845,80.864262,09:15,9,13,46.0,1.77,medium_traffic,1,8
D7,2026-02-16,0,L45,Zudio Indiranagar,26.947375,80.938976,10:14,10,27,22.9,1.43,low_traffic,2,8
D7,2026-02-16,0,L05,Spencer's Indiranagar,26.87299,81.000299,11:03,11,25,23.2,1.01,medium_traffic,3,8
D7,2026-02-16,0,L46,Pantaloons Rajajipuram,26.747795,81.001644,11:51,11,18,10.9,0.99,low_traffic,4,8
D7,2026-02-16,0,L35,Apple Reseller Indiranagar,26.736083,81.072791,12:19,12,35,27.8,1.03,low_traffic,5,8
D7,2026-02-16,0,L16,Quick Commerce Indiranagar,26.874662,80.860536,13:21,13,35,15.5,1.19,low_traffic,6,8
D7,2026-02-16,0,L06,Star Bazaar Rajajipuram,26.722052,81.068377,14:11,14,17,11.3,1.13,low_traffic,7,8
D7,2026-02-16,0,L36,Lenovo Hub Rajajipuram,26.917484,80.867866,14:39,14,26,16.7,1.11,low_traffic,8,8
D7,2026-02-17,1,L06,Star Bazaar Rajajipuram,26.722052,81.068377,08:09,8,27,38.0,1.31,low_traffic,1,8
D7,2026-02-17,1,L05,Spencer's Indiranagar,26.87299,81.000299,09:14,9,28,21.5,1.79,medium_traffic,2,8
D7,2026-02-17,1,L45,Zudio Indiranagar,26.947375,80.938976,10:03,10,26,13.3,1.48,low_traffic,3,8
D7,2026-02-17,1,L16,Quick Commerce Indiranagar,26.874662,80.860536,10:42,10,26,12.5,1.39,low_traffic,4,8
D7,2026-02-17,1,L25,Barista Indiranagar,26.858845,80.864262,11:20,11,15,22.5,0.9,medium_traffic,5,8
D7,2026-02-17,1,L35,Apple Reseller Indiranagar,26.736083,81.072791,11:57,11,33,28.1,0.97,low_traffic,6,8
D7,2026-02-17,1,L46,Pantaloons Rajajipuram,26.747795,81.001644,12:58,12,25,22.8,0.95,low_traffic,7,8
D7,2026-02-17,1,L15,Zepto Store Aliganj,26.870728,80.828277,13:45,13,13,34.5,1.19,low_traffic,8,8
D7,2026-02-18,2,L16,Quick Commerce Indiranagar,26.874662,80.860536,08:01,8,29,24.5,1.44,low_traffic,1,7
D7,2026-02-18,2,L26,Cafe Coffee Day Rajajipuram,26.968792,81.017735,08:54,8,26,49.3,1.76,low_traffic,2,7
D7,2026-02-18,2,L05,Spencer's Indiranagar,26.87299,81.000299,10:09,10,21,44.5,1.71,medium_traffic,3,7
D7,2026-02-18,2,L35,Apple Reseller Indiranagar,26.736083,81.072791,11:14,11,31,8.7,0.87,low_traffic,4,7
D7,2026-02-18,2,L45,Zudio Indiranagar,26.947375,80.938976,11:53,11,21,13.3,1.02,low_traffic,5,7
D7,2026-02-18,2,L46,Pantaloons Rajajipuram,26.747795,81.001644,12:27,12,17,26.5,1.02,low_traffic,6,7
D7,2026-02-18,2,L15,Zepto Store Aliganj,26.870728,80.828277,13:10,13,20,13.2,1.1,low_traffic,7,7
D7,2026-02-19,3,L36,Lenovo Hub Rajajipuram,26.917484,80.867866,08:39,8,25,13.7,1.71,low_traffic,1,6
D7,2026-02-19,3,L16,Quick Commerce Indiranagar,26.874662,80.860536,09:17,9,27,34.7,1.51,low_traffic,2,6
D7,2026-02-19,3,L45,Zudio Indiranagar,26.947375,80.938976,10:18,10,25,36.7,1.41,low_traffic,3,6
D7,2026-02-19,3,L35,Apple Reseller Indiranagar,26.736083,81.072791,11:19,11,28,9.6,0.87,low_traffic,4,6
D7,2026-02-19,3,L15,Zepto Store Aliganj,26.870728,80.828277,11:56,11,12,26.0,0.93,low_traffic,5,6
D7,2026-02-19,3,L25,Barista Indiranagar,26.858845,80.864262,12:34,12,11,11.0,1.0,medium_traffic,6,6
D7,2026-02-20,4,L45,Zudio Indiranagar,26.947375,80.938976,08:07,8,20,16.4,1.49,low_traffic,1,6
D7,2026-02-20,4,L25,Barista Indiranagar,26.858845,80.864262,08:43,8,9,15.8,1.76,medium_traffic,2,6
D7,2026-02-20,4,L36,Lenovo Hub Rajajipuram,26.917484,80.867866,09:07,9,23,14.5,1.61,low_traffic,3,6
D7,2026-02-20,4,L05,Spencer's Indiranagar,26.87299,81.000299,09:44,9,26,24.7,1.37,medium_traffic,4,6
D7,2026-02-20,4,L46,Pantaloons Rajajipuram,26.747795,81.001644,10:34,10,28,40.1,1.67,low_traffic,5,6
D7,2026-02-20,4,L06,Star Bazaar Rajajipuram,26.722052,81.068377,11:42,11,18,14.1,0.94,low_traffic,6,6
D7,2026-02-21,5,L25,Barista Indiranagar,26.858845,80.864262,08:42,8,18,38.9,1.39,medium_traffic,1,5
D7,2026-02-21,5,L36,Lenovo Hub Rajajipuram,26.917484,80.867866,09:38,9,17,41.0,1.71,low_traffic,2,5
D7,2026-02-21,5,L06,Star Bazaar Rajajipuram,26.722052,81.068377,10:36,10,17,23.3,1.37,low_traffic,3,5
D7,2026-02-21,5,L16,Quick Commerce Indiranagar,26.874662,80.860536,11:16,11,26,14.8,0.87,low_traffic,4,5
D7,2026-02-21,5,L46,Pantaloons Rajajipuram,26.747795,81.001644,11:56,11,22,29.3,1.01,low_traffic,5,5
D7,2026-02-23,0,L35,Apple Reseller Indiranagar,26.736083,81.072791,08:37,8,31,26.6,1.4,low_traffic,1,6
D7,2026-02-23,0,L36,Lenovo Hub Rajajipuram,26.917484,80.867866,09:34,9,28,16.6,1.66,low_traffic,2,6
D7,2026-02-23,0,L26,Cafe Coffee Day Rajajipuram,26.968792,81.017735,10:18,10,25,46.8,1.67,low_traffic,3,6
D7,2026-02-23,0,L25,Barista Indiranagar,26.858845,80.864262,11:29,11,19,14.1,1.01,medium_traffic,4,6
D7,2026-02-23,0,L45,Zudio Indiranagar,26.947375,80.938976,12:02,12,23,26.5,0.98,low_traffic,5,6
D7,2026-02-23,0,L16,Quick Commerce Indiranagar,26.874662,80.860536,12:51,12,35,26.4,0.88,low_traffic,6,6
D7,2026-02-24,1,L16,Quick Commerce Indiranagar,26.874662,80.860536,09:35,9,32,27.7,1.46,low_traffic,1,8
D7,2026-02-24,1,L45,Zudio Indiranagar,26.947375,80.938976,10:34,10,21,17.4,1.45,low_traffic,2,8
D7,2026-02-24,1,L06,Star Bazaar Rajajipuram,26.722052,81.068377,11:12,11,16,16.3,1.02,low_traffic,3,8
D7,2026-02-24,1,L25,Barista Indiranagar,26.858845,80.864262,11:44,11,8,12.4,1.03,medium_traffic,4,8
D7,2026-02-24,1,L36,Lenovo Hub Rajajipuram,26.917484,80.867866,12:04,12,16,20.2,0.88,low_traffic,5,8
D7,2026-02-24,1,L46,Pantaloons Rajajipuram,26.747795,81.001644,12:40,12,25,17.7,0.93,low_traffic,6,8
D7,2026-02-24,1,L26,Cafe Coffee Day Rajajipuram,26.968792,81.017735,13:22,13,33,16.9,1.13,low_traffic,7,8
D7,2026-02-24,1,L35,Apple Reseller Indiranagar,26.736083,81.072791,14:11,14,28,10.8,1.2,low_traffic,8,8
D7,2026-02-25,2,L36,Lenovo Hub Rajajipuram,26.917484,80.867866,08:18,8,21,17.3,1.57,low_traffic,1,5
D7,2026-02-25,2,L25,Barista Indiranagar,26.858845,80.864262,08:56,8,18,19.0,1.46,medium_traffic,2,5
D7,2026-02-25,2,L06,Star Bazaar Rajajipuram,26.722052,81.068377,09:33,9,18,13.0,1.62,low_traffic,3,5
D7,2026-02-25,2,L46,Pantaloons Rajajipuram,26.747795,81.001644,10:04,10,16,28.0,1.65,low_traffic,4,5
D7,2026-02-25,2,L05,Spencer's Indiranagar,26.87299,81.000299,10:48,10,16,15.6,1.42,medium_traffic,5,5
D7,2026-02-26,3,L06,Star Bazaar Rajajipuram,26.722052,81.068377,09:23,9,18,18.7,1.44,low_traffic,1,7
D7,2026-02-26,3,L45,Zudio Indiranagar,26.947375,80.938976,09:59,9,20,15.7,1.43,low_traffic,2,7
D7,2026-02-26,3,L15,Zepto Store Aliganj,26.870728,80.828277,10:34,10,17,27.5,1.72,low_traffic,3,7
D7,2026-02-26,3,L05,Spencer's Indiranagar,26.87299,81.000299,11:18,11,16,10.3,0.94,medium_traffic,4,7
D7,2026-02-26,3,L46,Pantaloons Rajajipuram,26.747795,81.001644,11:44,11,28,10.6,0.96,low_traffic,5,7
D7,2026-02-26,3,L35,Apple Reseller Indiranagar,26.736083,81.072791,12:22,12,26,11.1,1.01,low_traffic,6,7
D7,2026-02-26,3,L25,Barista Indiranagar,26.858845,80.864262,12:59,12,16,18.7,0.89,medium_traffic,7,7
D7,2026-02-27,4,L36,Lenovo Hub Rajajipuram,26.917484,80.867866,08:33,8,21,39.2,1.35,low_traffic,1,6
D7,2026-02-27,4,L06,Star Bazaar Rajajipuram,26.722052,81.068377,09:33,9,24,18.2,1.52,low_traffic,2,6
D7,2026-02-27,4,L45,Zudio Indiranagar,26.947375,80.938976,10:15,10,23,14.5,1.32,low_traffic,3,6
D7,2026-02-27,4,L46,Pantaloons Rajajipuram,26.747795,81.001644,10:52,10,17,36.3,1.65,low_traffic,4,6
D7,2026-02-27,4,L35,Apple Reseller Indiranagar,26.736083,81.072791,11:45,11,32,8.0,0.89,low_traffic,5,6
D7,2026-02-27,4,L05,Spencer's Indiranagar,26.87299,81.000299,12:25,12,16,14.1,0.94,medium_traffic,6,6
D7,2026-02-28,5,L16,Quick Commerce Indiranagar,26.874662,80.860536,08:25,8,29,41.7,1.39,low_traffic,1,4
D7,2026-02-28,5,L46,Pantaloons Rajajipuram,26.747795,81.001644,09:35,9,22,34.1,1.31,low_traffic,2,4
D7,2026-02-28,5,L26,Cafe Coffee Day Rajajipuram,26.968792,81.017735,10:31,10,33,34.8,1.39,low_traffic,3,4
D7,2026-02-28,5,L45,Zudio Indiranagar,26.947375,80.938976,11:38,11,24,21.8,0.99,low_traffic,4,4
D7,2026-03-02,0,L25,Barista Indiranagar,26.858845,80.864262,08:38,8,12,33.0,1.5,medium_traffic,1,8
D7,2026-03-02,0,L35,Apple Reseller Indiranagar,26.736083,81.072791,09:23,9,32,34.4,1.72,low_traffic,2,8
D7,2026-03-02,0,L06,Star Bazaar Rajajipuram,26.722052,81.068377,10:29,10,20,17.1,1.71,low_traffic,3,8
D7,2026-03-02,0,L36,Lenovo Hub Rajajipuram,26.917484,80.867866,11:06,11,19,23.3,0.97,low_traffic,4,8
D7,2026-03-02,0,L16,Quick Commerce Indiranagar,26.874662,80.860536,11:48,11,33,30.6,1.02,low_traffic,5,8
D7,2026-03-02,0,L15,Zepto Store Aliganj,26.870728,80.828277,12:51,12,14,7.6,0.85,low_traffic,6,8
D7,2026-03-02,0,L05,Spencer's Indiranagar,26.87299,81.000299,13:12,13,17,24.8,1.18,medium_traffic,7,8
D7,2026-03-02,0,L26,Cafe Coffee Day Rajajipuram,26.968792,81.017735,13:53,13,35,20.9,1.16,low_traffic,8,8
D7,2026-03-03,1,L25,Barista Indiranagar,26.858845,80.864262,08:01,8,17,26.7,1.67,medium_traffic,1,5
D7,2026-03-03,1,L36,Lenovo Hub Rajajipuram,26.917484,80.867866,08:44,8,17,35.5,1.42,low_traffic,2,5
D7,2026-03-03,1,L26,Cafe Coffee Day Rajajipuram,26.968792,81.017735,09:36,9,37,44.5,1.71,low_traffic,3,5
D7,2026-03-03,1,L06,Star Bazaar Rajajipuram,26.722052,81.068377,10:57,10,25,49.5,1.65,low_traffic,4,5
D7,2026-03-03,1,L16,Quick Commerce Indiranagar,26.874662,80.860536,12:11,12,26,25.7,0.99,low_traffic,5,5
D7,2026-03-04,2,L26,Cafe Coffee Day Rajajipuram,26.968792,81.017735,09:41,9,31,39.6,1.72,low_traffic,1,7
D7,2026-03-04,2,L45,Zudio Indiranagar,26.947375,80.938976,10:51,10,25,40.6,1.69,low_traffic,2,7
D7,2026-03-04,2,L46,Pantaloons Rajajipuram,26.747795,81.001644,11:56,11,17,27.4,0.98,low_traffic,3,7
D7,2026-03-04,2,L25,Barista Indiranagar,26.858845,80.864262,12:40,12,15,23.1,0.89,medium_traffic,4,7
D7,2026-03-04,2,L05,Spencer's Indiranagar,26.87299,81.000299,13:18,13,22,26.0,1.24,medium_traffic,5,7
D7,2026-03-04,2,L36,Lenovo Hub Rajajipuram,26.917484,80.867866,14:06,14,17,20.7,1.22,low_traffic,6,7
D7,2026-03-04,2,L16,Quick Commerce Indiranagar,26.874662,80.860536,14:43,14,27,23.6,1.18,low_traffic,7,7
D7,2026-03-05,3,L15,Zepto Store Aliganj,26.870728,80.828277,08:20,8,21,21.3,1.52,low_traffic,1,6
D7,2026-03-05,3,L36,Lenovo Hub Rajajipuram,26.917484,80.867866,09:02,9,26,39.4,1.64,low_traffic,2,6
D7,2026-03-05,3,L16,Quick Commerce Indiranagar,26.874662,80.860536,10:07,10,35,27.2,1.6,low_traffic,3,6
D7,2026-03-05,3,L25,Barista Indiranagar,26.858845,80.864262,11:09,11,17,10.6,0.96,medium_traffic,4,6
D7,2026-03-05,3,L06,Star Bazaar Rajajipuram,26.722052,81.068377,11:36,11,16,7.5,0.94,low_traffic,5,6
D7,2026-03-05,3,L46,Pantaloons Rajajipuram,26.747795,81.001644,11:59,11,18,15.8,0.99,low_traffic,6,6
D7,2026-03-06,4,L15,Zepto Store Aliganj,26.870728,80.828277,08:05,8,20,19.6,1.51,low_traffic,1,8
D7,2026-03-06,4,L06,Star Bazaar Rajajipuram,26.722052,81.068377,08:44,8,25,13.0,1.63,low_traffic,2,8
D7,2026-03-06,4,L46,Pantaloons Rajajipuram,26.747795,81.001644,09:22,9,20,47.6,1.7,low_traffic,3,8
D7,2026-03-06,4,L16,Quick Commerce Indiranagar,26.874662,80.860536,10:29,10,38,33.8,1.35,low_traffic,4,8
D7,2026-03-06,4,L45,Zudio Indiranagar,26.947375,80.938976,11:40,11,28,16.5,0.87,low_traffic,5,8
D7,2026-03-06,4,L36,Lenovo Hub Rajajipuram,26.917484,80.867866,12:24,12,25,26.7,0.99,low_traffic,6,8
D7,2026-03-06,4,L26,Cafe Coffee Day Rajajipuram,26.968792,81.017735,13:15,13,37,28.8,1.2,low_traffic,7,8
D7,2026-03-06,4,L35,Apple Reseller Indiranagar,26.736083,81.072791,14:20,14,27,14.6,1.22,low_traffic,8,8
D7,2026-03-07,5,L35,Apple Reseller Indiranagar,26.736083,81.072791,09:19,9,38,20.4,1.57,low_traffic,1,3
D7,2026-03-07,5,L15,Zepto Store Aliganj,26.870728,80.828277,10:17,10,18,25.8,1.36,low_traffic,2,3
D7,2026-03-07,5,L25,Barista Indiranagar,26.858845,80.864262,11:00,11,17,14.2,0.95,medium_traffic,3,3
D7,2026-03-09,0,L25,Barista Indiranagar,26.858845,80.864262,08:26,8,18,35.4,1.54,medium_traffic,1,8
D7,2026-03-09,0,L46,Pantaloons Rajajipuram,26.747795,81.001644,09:19,9,19,17.6,1.35,low_traffic,2,8
D7,2026-03-09,0,L35,Apple Reseller Indiranagar,26.736083,81.072791,09:55,9,30,14.9,1.49,low_traffic,3,8
D7,2026-03-09,0,L16,Quick Commerce Indiranagar,26.874662,80.860536,10:39,10,38,16.0,1.6,low_traffic,4,8
D7,2026-03-09,0,L15,Zepto Store Aliganj,26.870728,80.828277,11:33,11,12,9.8,0.98,low_traffic,5,8
D7,2026-03-09,0,L45,Zudio Indiranagar,26.947375,80.938976,11:54,11,28,21.8,0.95,low_traffic,6,8
D7,2026-03-09,0,L05,Spencer's Indiranagar,26.87299,81.000299,12:43,12,28,16.2,1.01,medium_traffic,7,8
D7,2026-03-09,0,L26,Cafe Coffee Day Rajajipuram,26.968792,81.017735,13:27,13,31,32.8,1.13,low_traffic,8,8
D7,2026-03-10,1,L35,Apple Reseller Indiranagar,26.736083,81.072791,08:45,8,38,13.6,1.36,low_traffic,1,6
D7,2026-03-10,1,L15,Zepto Store Aliganj,26.870728,80.828277,09:36,9,15,17.5,1.59,low_traffic,2,6
D7,2026-03-10,1,L45,Zudio Indiranagar,26.947375,80.938976,10:08,10,26,34.7,1.51,low_traffic,3,6
D7,2026-03-10,1,L25,Barista Indiranagar,26.858845,80.864262,11:08,11,15,12.7,0.98,medium_traffic,4,6
D7,2026-03-10,1,L05,Spencer's Indiranagar,26.87299,81.000299,11:35,11,24,27.3,0.91,medium_traffic,5,6
D7,2026-03-10,1,L36,Lenovo Hub Rajajipuram,26.917484,80.867866,12:26,12,27,17.3,0.96,low_traffic,6,6
D7,2026-03-11,2,L25,Barista Indiranagar,26.858845,80.864262,09:44,9,14,43.7,1.62,medium_traffic,1,8
D7,2026-03-11,2,L05,Spencer's Indiranagar,26.87299,81.000299,10:41,10,27,22.4,1.49,medium_traffic,2,8
D7,2026-03-11,2,L16,Quick Commerce Indiranagar,26.874662,80.860536,11:30,11,32,24.3,0.9,low_traffic,3,8
D7,2026-03-11,2,L36,Lenovo Hub Rajajipuram,26.917484,80.867866,12:26,12,24,18.9,0.86,low_traffic,4,8
D7,2026-03-11,2,L35,Apple Reseller Indiranagar,26.736083,81.072791,13:08,13,33,11.6,1.16,low_traffic,5,8
D7,2026-03-11,2,L46,Pantaloons Rajajipuram,26.747795,81.001644,13:52,13,21,27.5,1.1,low_traffic,6,8
D7,2026-03-11,2,L45,Zudio Indiranagar,26.947375,80.938976,14:40,14,20,13.4,1.12,low_traffic,7,8
D7,2026-03-11,2,L26,Cafe Coffee Day Rajajipuram,26.968792,81.017735,15:13,15,34,19.9,1.05,low_traffic,8,8
D7,2026-03-12,3,L46,Pantaloons Rajajipuram,26.747795,81.001644,08:39,8,18,27.7,1.32,low_traffic,1,6
D7,2026-03-12,3,L26,Cafe Coffee Day Rajajipuram,26.968792,81.017735,09:24,9,32,35.8,1.79,low_traffic,2,6
D7,2026-03-12,3,L35,Apple Reseller Indiranagar,26.736083,81.072791,10:31,10,33,33.1,1.38,low_traffic,3,6
D7,2026-03-12,3,L15,Zepto Store Aliganj,26.870728,80.828277,11:37,11,16,9.7,0.97,low_traffic,4,6
D7,2026-03-12,3,L06,Star Bazaar Rajajipuram,26.722052,81.068377,12:02,12,16,8.5,0.85,low_traffic,5,6
D7,2026-03-12,3,L36,Lenovo Hub Rajajipuram,26.917484,80.867866,12:26,12,17,12.7,0.91,low_traffic,6,6
D7,2026-03-13,4,L36,Lenovo Hub Rajajipuram,26.917484,80.867866,09:00,9,16,22.1,1.47,low_traffic,1,6
D7,2026-03-13,4,L16,Quick Commerce Indiranagar,26.874662,80.860536,09:38,9,34,31.7,1.76,low_traffic,2,6
D7,2026-03-13,4,L45,Zudio Indiranagar,26.947375,80.938976,10:43,10,23,31.2,1.56,low_traffic,3,6
D7,2026-03-13,4,L15,Zepto Store Aliganj,26.870728,80.828277,11:37,11,10,30.3,1.01,low_traffic,4,6
D7,2026-03-13,4,L05,Spencer's Indiranagar,26.87299,81.000299,12:17,12,20,19.6,1.03,medium_traffic,5,6
D7,2026-03-13,4,L26,Cafe Coffee Day Rajajipuram,26.968792,81.017735,12:56,12,27,23.0,1.0,low_traffic,6,6
D7,2026-03-14,5,L45,Zudio Indiranagar,26.947375,80.938976,09:01,9,24,35.5,1.69,low_traffic,1,4
D7,2026-03-14,5,L35,Apple Reseller Indiranagar,26.736083,81.072791,10:00,10,38,39.6,1.72,low_traffic,2,4
D7,2026-03-14,5,L26,Cafe Coffee Day Rajajipuram,26.968792,81.017735,11:17,11,37,10.0,1.0,low_traffic,3,4
D7,2026-03-14,5,L36,Lenovo Hub Rajajipuram,26.917484,80.867866,12:04,12,20,28.5,0.95,low_traffic,4,4
D7,2026-03-16,0,L25,Barista Indiranagar,26.858845,80.864262,08:28,8,9,34.6,1.44,medium_traffic,1,5
D7,2026-03-16,0,L45,Zudio Indiranagar,26.947375,80.938976,09:11,9,27,30.4,1.69,low_traffic,2,5
D7,2026-03-16,0,L26,Cafe Coffee Day Rajajipuram,26.968792,81.017735,10:08,10,35,27.8,1.39,low_traffic,3,5
D7,2026-03-16,0,L15,Zepto Store Aliganj,26.870728,80.828277,11:10,11,18,14.9,0.93,low_traffic,4,5
D7,2026-03-16,0,L06,Star Bazaar Rajajipuram,26.722052,81.068377,11:42,11,23,27.0,0.93,low_traffic,5,5
D7,2026-03-17,1,L15,Zepto Store Aliganj,26.870728,80.828277,09:21,9,22,28.6,1.59,low_traffic,1,6
D7,2026-03-17,1,L05,Spencer's Indiranagar,26.87299,81.000299,10:11,10,17,17.9,1.63,medium_traffic,2,6
D7,2026-03-17,1,L06,Star Bazaar Rajajipuram,26.722052,81.068377,10:45,10,25,43.5,1.61,low_traffic,3,6
D7,2026-03-17,1,L36,Lenovo Hub Rajajipuram,26.917484,80.867866,11:53,11,28,25.8,0.89,low_traffic,4,6
D7,2026-03-17,1,L35,Apple Reseller Indiranagar,26.736083,81.072791,12:46,12,29,18.1,0.95,low_traffic,5,6
D7,2026-03-17,1,L45,Zudio Indiranagar,26.947375,80.938976,13:33,13,29,24.8,1.24,low_traffic,6,6
D7,2026-03-18,2,L25,Barista Indiranagar,26.858845,80.864262,08:26,8,19,30.7,1.46,medium_traffic,1,5
D7,2026-03-18,2,L26,Cafe Coffee Day Rajajipuram,26.968792,81.017735,09:15,9,33,17.8,1.62,low_traffic,2,5
D7,2026-03-18,2,L45,Zudio Indiranagar,26.947375,80.938976,10:05,10,23,28.6,1.59,low_traffic,3,5
D7,2026-03-18,2,L46,Pantaloons Rajajipuram,26.747795,81.001644,10:56,10,23,32.0,1.6,low_traffic,4,5
D7,2026-03-18,2,L16,Quick Commerce Indiranagar,26.874662,80.860536,11:51,11,35,6.8,0.85,low_traffic,5,5
D7,2026-03-19,3,L06,Star Bazaar Rajajipuram,26.722052,81.068377,09:27,9,20,14.0,1.55,low_traffic,1,7
D7,2026-03-19,3,L26,Cafe Coffee Day Rajajipuram,26.968792,81.017735,10:01,10,27,27.0,1.69,low_traffic,2,7
D7,2026-03-19,3,L16,Quick Commerce Indiranagar,26.874662,80.860536,10:55,10,31,22.3,1.31,low_traffic,3,7
D7,2026-03-19,3,L35,Apple Reseller Indiranagar,26.736083,81.072791,11:48,11,33,17.7,0.93,low_traffic,4,7
D7,2026-03-19,3,L46,Pantaloons Rajajipuram,26.747795,81.001644,12:38,12,24,18.0,1.0,low_traffic,5,7
D7,2026-03-19,3,L05,Spencer's Indiranagar,26.87299,81.000299,13:20,13,23,33.3,1.28,medium_traffic,6,7
D7,2026-03-19,3,L15,Zepto Store Aliganj,26.870728,80.828277,14:16,14,22,21.4,1.26,low_traffic,7,7
D7,2026-03-20,4,L26,Cafe Coffee Day Rajajipuram,26.968792,81.017735,09:08,9,37,22.5,1.73,low_traffic,1,7
D7,2026-03-20,4,L16,Quick Commerce Indiranagar,26.874662,80.860536,10:07,10,30,45.3,1.51,low_traffic,2,7
D7,2026-03-20,4,L45,Zudio Indiranagar,26.947375,80.938976,11:22,11,28,17.2,0.86,low_traffic,3,7
D7,2026-03-20,4,L25,Barista Indiranagar,26.858845,80.864262,12:07,12,13,24.8,0.92,medium_traffic,4,7
D7,2026-03-20,4,L06,Star Bazaar Rajajipuram,26.722052,81.068377,12:44,12,15,8.1,0.9,low_traffic,5,7
D7,2026-03-20,4,L15,Zepto Store Aliganj,26.870728,80.828277,13:07,13,16,36.0,1.24,low_traffic,6,7
D7,2026-03-20,4,L36,Lenovo Hub Rajajipuram,26.917484,80.867866,13:59,13,17,14.7,1.13,low_traffic,7,7
D7,2026-03-21,5,L05,Spencer's Indiranagar,26.87299,81.000299,09:25,9,25,24.7,1.37,medium_traffic,1,3
D7,2026-03-21,5,L15,Zepto Store Aliganj,26.870728,80.828277,10:14,10,11,10.6,1.33,low_traffic,2,3
D7,2026-03-21,5,L26,Cafe Coffee Day Rajajipuram,26.968792,81.017735,10:35,10,36,21.4,1.34,low_traffic,3,3
D7,2026-03-23,0,L46,Pantaloons Rajajipuram,26.747795,81.001644,08:30,8,23,31.8,1.59,low_traffic,1,5
D7,2026-03-23,0,L25,Barista Indiranagar,26.858845,80.864262,09:24,9,10,41.5,1.66,medium_traffic,2,5
D7,2026-03-23,0,L36,Lenovo Hub Rajajipuram,26.917484,80.867866,10:15,10,18,14.0,1.4,low_traffic,3,5
D7,2026-03-23,0,L05,Spencer's Indiranagar,26.87299,81.000299,10:47,10,23,30.2,1.59,medium_traffic,4,5
D7,2026-03-23,0,L35,Apple Reseller Indiranagar,26.736083,81.072791,11:40,11,38,8.3,1.04,low_traffic,5,5
D7,2026-03-24,1,L45,Zudio Indiranagar,26.947375,80.938976,08:10,8,22,31.9,1.33,low_traffic,1,7
D7,2026-03-24,1,L06,Star Bazaar Rajajipuram,26.722052,81.068377,09:03,9,20,32.4,1.41,low_traffic,2,7
D7,2026-03-24,1,L05,Spencer's Indiranagar,26.87299,81.000299,09:55,9,27,26.8,1.41,medium_traffic,3,7
D7,2026-03-24,1,L35,Apple Reseller Indiranagar,26.736083,81.072791,10:48,10,38,31.8,1.59,low_traffic,4,7
D7,2026-03-24,1,L15,Zepto Store Aliganj,26.870728,80.828277,11:57,11,18,21.1,0.96,low_traffic,5,7
D7,2026-03-24,1,L36,Lenovo Hub Rajajipuram,26.917484,80.867866,12:36,12,18,25.8,0.92,low_traffic,6,7
D7,2026-03-24,1,L46,Pantaloons Rajajipuram,26.747795,81.001644,13:19,13,24,18.7,1.17,low_traffic,7,7
D7,2026-03-25,2,L05,Spencer's Indiranagar,26.87299,81.000299,09:03,9,20,27.7,1.32,medium_traffic,1,6
D7,2026-03-25,2,L35,Apple Reseller Indiranagar,26.736083,81.072791,09:50,9,30,27.6,1.45,low_traffic,2,6
D7,2026-03-25,2,L16,Quick Commerce Indiranagar,26.874662,80.860536,10:47,10,37,29.3,1.63,low_traffic,3,6
D7,2026-03-25,2,L36,Lenovo Hub Rajajipuram,26.917484,80.867866,11:53,11,17,12.3,0.88,low_traffic,4,6
D7,2026-03-25,2,L26,Cafe Coffee Day Rajajipuram,26.968792,81.017735,12:22,12,27,12.2,0.87,low_traffic,5,6
D7,2026-03-25,2,L46,Pantaloons Rajajipuram,26.747795,81.001644,13:01,13,20,28.4,1.29,low_traffic,6,6
D7,2026-03-26,3,L05,Spencer's Indiranagar,26.87299,81.000299,08:31,8,24,19.3,1.38,medium_traffic,1,8
D7,2026-03-26,3,L06,Star Bazaar Rajajipuram,26.722052,81.068377,09:14,9,17,45.5,1.57,low_traffic,2,8
D7,2026-03-26,3,L25,Barista Indiranagar,26.858845,80.864262,10:16,10,13,39.3,1.71,medium_traffic,3,8
D7,2026-03-26,3,L45,Zudio Indiranagar,26.947375,80.938976,11:08,11,26,27.7,0.99,low_traffic,4,8
D7,2026-03-26,3,L36,Lenovo Hub Rajajipuram,26.917484,80.867866,12:01,12,25,8.6,0.86,low_traffic,5,8
D7,2026-03-26,3,L16,Quick Commerce Indiranagar,26.874662,80.860536,12:34,12,26,15.2,1.01,low_traffic,6,8
D7,2026-03-26,3,L35,Apple Reseller Indiranagar,26.736083,81.072791,13:15,13,36,34.5,1.15,low_traffic,7,8
D7,2026-03-26,3,L26,Cafe Coffee Day Rajajipuram,26.968792,81.017735,14:25,14,34,22.8,1.14,low_traffic,8,8
D7,2026-03-27,4,L35,Apple Reseller Indiranagar,26.736083,81.072791,08:02,8,38,51.9,1.73,low_traffic,1,6
D7,2026-03-27,4,L46,Pantaloons Rajajipuram,26.747795,81.001644,09:31,9,24,17.8,1.62,low_traffic,2,6
D7,2026-03-27,4,L05,Spencer's Indiranagar,26.87299,81.000299,10:12,10,23,26.6,1.33,medium_traffic,3,6
D7,2026-03-27,4,L16,Quick Commerce Indiranagar,26.874662,80.860536,11:01,11,34,16.0,0.94,low_traffic,4,6
D7,2026-03-27,4,L15,Zepto Store Aliganj,26.870728,80.828277,11:51,11,15,21.6,1.03,low_traffic,5,6
D7,2026-03-27,4,L45,Zudio Indiranagar,26.947375,80.938976,12:27,12,22,16.8,1.05,low_traffic,6,6
D7,2026-03-28,5,L46,Pantaloons Rajajipuram,26.747795,81.001644,08:30,8,23,22.4,1.6,low_traffic,1,4
D7,2026-03-28,5,L16,Quick Commerce Indiranagar,26.874662,80.860536,09:15,9,27,41.2,1.65,low_traffic,2,4
D7,2026-03-28,5,L25,Barista Indiranagar,26.858845,80.864262,10:23,10,18,38.0,1.31,medium_traffic,3,4
D7,2026-03-28,5,L15,Zepto Store Aliganj,26.870728,80.828277,11:19,11,15,29.0,1.0,low_traffic,4,4
D7,2026-03-30,0,L05,Spencer's Indiranagar,26.87299,81.000299,09:37,9,28,18.7,1.56,medium_traffic,1,6
D7,2026-03-30,0,L36,Lenovo Hub Rajajipuram,26.917484,80.867866,10:23,10,20,14.8,1.65,low_traffic,2,6
D7,2026-03-30,0,L06,Star Bazaar Rajajipuram,26.722052,81.068377,10:57,10,22,32.4,1.8,low_traffic,3,6
D7,2026-03-30,0,L26,Cafe Coffee Day Rajajipuram,26.968792,81.017735,11:51,11,32,11.6,0.97,low_traffic,4,6
D7,2026-03-30,0,L16,Quick Commerce Indiranagar,26.874662,80.860536,12:34,12,36,19.1,0.87,low_traffic,5,6
D7,2026-03-30,0,L35,Apple Reseller Indiranagar,26.736083,81.072791,13:29,13,29,22.6,1.13,low_traffic,6,6
D7,2026-03-31,1,L45,Zudio Indiranagar,26.947375,80.938976,08:37,8,21,36.5,1.52,low_traffic,1,5
D7,2026-03-31,1,L35,Apple Reseller Indiranagar,26.736083,81.072791,09:34,9,28,15.6,1.42,low_traffic,2,5
D7,2026-03-31,1,L05,Spencer's Indiranagar,26.87299,81.000299,10:17,10,26,50.1,1.79,medium_traffic,3,5
D7,2026-03-31,1,L26,Cafe Coffee Day Rajajipuram,26.968792,81.017735,11:33,11,31,7.7,0.96,low_traffic,4,5
D7,2026-03-31,1,L46,Pantaloons Rajajipuram,26.747795,81.001644,12:11,12,25,13.4,1.03,low_traffic,5,5
D7,2026-04-01,2,L35,Apple Reseller Indiranagar,26.736083,81.072791,08:02,8,28,13.7,1.71,low_traffic,1,6
D7,2026-04-01,2,L46,Pantaloons Rajajipuram,26.747795,81.001644,08:43,8,16,11.4,1.42,low_traffic,2,6
D7,2026-04-01,2,L26,Cafe Coffee Day Rajajipuram,26.968792,81.017735,09:10,9,31,31.9,1.33,low_traffic,3,6
D7,2026-04-01,2,L15,Zepto Store Aliganj,26.870728,80.828277,10:12,10,11,30.6,1.53,low_traffic,4,6
D7,2026-04-01,2,L16,Quick Commerce Indiranagar,26.874662,80.860536,10:53,10,34,10.6,1.32,low_traffic,5,6
D7,2026-04-01,2,L45,Zudio Indiranagar,26.947375,80.938976,11:37,11,28,27.5,1.02,low_traffic,6,6
D7,2026-04-02,3,L06,Star Bazaar Rajajipuram,26.722052,81.068377,08:18,8,23,20.0,1.33,low_traffic,1,8
D7,2026-04-02,3,L46,Pantaloons Rajajipuram,26.747795,81.001644,09:01,9,26,25.9,1.44,low_traffic,2,8
D7,2026-04-02,3,L35,Apple Reseller Indiranagar,26.736083,81.072791,09:52,9,35,14.2,1.42,low_traffic,3,8
D7,2026-04-02,3,L36,Lenovo Hub Rajajipuram,26.917484,80.867866,10:41,10,28,14.0,1.56,low_traffic,4,8
D7,2026-04-02,3,L25,Barista Indiranagar,26.858845,80.864262,11:23,11,20,19.9,0.95,medium_traffic,5,8
D7,2026-04-02,3,L26,Cafe Coffee Day Rajajipuram,26.968792,81.017735,12:02,12,35,25.0,1.0,low_traffic,6,8
D7,2026-04-02,3,L45,Zudio Indiranagar,26.947375,80.938976,13:02,13,22,20.3,1.13,low_traffic,7,8
D7,2026-04-02,3,L05,Spencer's Indiranagar,26.87299,81.000299,13:44,13,21,30.7,1.18,medium_traffic,8,8
D7,2026-04-03,4,L15,Zepto Store Aliganj,26.870728,80.828277,09:17,9,16,46.0,1.77,low_traffic,1,5
D7,2026-04-03,4,L25,Barista Indiranagar,26.858845,80.864262,10:19,10,13,15.2,1.52,medium_traffic,2,5
D7,2026-04-03,4,L16,Quick Commerce Indiranagar,26.874662,80.860536,10:47,10,26,39.3,1.31,low_traffic,3,5
D7,2026-04-03,4,L45,Zudio Indiranagar,26.947375,80.938976,11:52,11,24,27.3,0.94,low_traffic,4,5
D7,2026-04-03,4,L26,Cafe Coffee Day Rajajipuram,26.968792,81.017735,12:43,12,26,9.3,0.93,low_traffic,5,5
D7,2026-04-04,5,L25,Barista Indiranagar,26.858845,80.864262,09:34,9,17,29.2,1.46,medium_traffic,1,3
D7,2026-04-04,5,L26,Cafe Coffee Day Rajajipuram,26.968792,81.017735,10:20,10,29,44.5,1.71,low_traffic,2,3
D7,2026-04-04,5,L35,Apple Reseller Indiranagar,26.736083,81.072791,11:33,11,26,23.0,1.0,low_traffic,3,3
D7,2026-04-06,0,L25,Barista Indiranagar,26.858845,80.864262,09:34,9,17,43.2,1.66,medium_traffic,1,5
D7,2026-04-06,0,L05,Spencer's Indiranagar,26.87299,81.000299,10:34,10,25,30.0,1.5,medium_traffic,2,5
D7,2026-04-06,0,L46,Pantaloons Rajajipuram,26.747795,81.001644,11:29,11,24,7.5,0.94,low_traffic,3,5
D7,2026-04-06,0,L15,Zepto Store Aliganj,26.870728,80.828277,12:00,12,18,18.9,0.9,low_traffic,4,5
D7,2026-04-06,0,L45,Zudio Indiranagar,26.947375,80.938976,12:36,12,27,26.9,0.96,low_traffic,5,5
D7,2026-04-07,1,L35,Apple Reseller Indiranagar,26.736083,81.072791,09:11,9,35,14.8,1.48,low_traffic,1,5
D7,2026-04-07,1,L15,Zepto Store Aliganj,26.870728,80.828277,10:00,10,10,30.6,1.53,low_traffic,2,5
D7,2026-04-07,1,L06,Star Bazaar Rajajipuram,26.722052,81.068377,10:40,10,17,24.8,1.65,low_traffic,3,5
D7,2026-04-07,1,L25,Barista Indiranagar,26.858845,80.864262,11:21,11,10,8.5,0.85,medium_traffic,4,5
D7,2026-04-07,1,L05,Spencer's Indiranagar,26.87299,81.000299,11:39,11,28,28.2,0.94,medium_traffic,5,5
D7,2026-04-08,2,L15,Zepto Store Aliganj,26.870728,80.828277,09:08,9,15,38.9,1.77,low_traffic,1,7
D7,2026-04-08,2,L16,Quick Commerce Indiranagar,26.874662,80.860536,10:01,10,27,26.5,1.47,low_traffic,2,7
D7,2026-04-08,2,L45,Zudio Indiranagar,26.947375,80.938976,10:54,10,22,33.7,1.53,low_traffic,3,7
D7,2026-04-08,2,L06,Star Bazaar Rajajipuram,26.722052,81.068377,11:49,11,26,28.7,0.99,low_traffic,4,7
D7,2026-04-08,2,L46,Pantaloons Rajajipuram,26.747795,81.001644,12:43,12,22,15.0,0.88,low_traffic,5,7
D7,2026-04-08,2,L05,Spencer's Indiranagar,26.87299,81.000299,13:20,13,17,12.2,1.22,medium_traffic,6,7
D7,2026-04-08,2,L35,Apple Reseller Indiranagar,26.736083,81.072791,13:49,13,34,33.9,1.21,low_traffic,7,7
D7,2026-04-09,3,L06,Star Bazaar Rajajipuram,26.722052,81.068377,09:21,9,22,15.6,1.56,low_traffic,1,6
D7,2026-04-09,3,L46,Pantaloons Rajajipuram,26.747795,81.001644,09:58,9,20,39.9,1.33,low_traffic,2,6
D7,2026-04-09,3,L05,Spencer's Indiranagar,26.87299,81.000299,10:57,10,20,31.5,1.66,medium_traffic,3,6
D7,2026-04-09,3,L26,Cafe Coffee Day Rajajipuram,26.968792,81.017735,11:48,11,33,11.3,1.03,low_traffic,4,6
D7,2026-04-09,3,L25,Barista Indiranagar,26.858845,80.864262,12:32,12,13,15.6,0.92,medium_traffic,5,6
D7,2026-04-09,3,L35,Apple Reseller Indiranagar,26.736083,81.072791,13:00,13,31,10.8,1.2,low_traffic,6,6
D7,2026-04-10,4,L26,Cafe Coffee Day Rajajipuram,26.968792,81.017735,08:45,8,26,14.3,1.59,low_traffic,1,8
D7,2026-04-10,4,L46,Pantaloons Rajajipuram,26.747795,81.001644,09:25,9,27,24.3,1.62,low_traffic,2,8
D7,2026-04-10,4,L35,Apple Reseller Indiranagar,26.736083,81.072791,10:16,10,30,36.8,1.75,low_traffic,3,8
D7,2026-04-10,4,L06,Star Bazaar Rajajipuram,26.722052,81.068377,11:22,11,17,22.9,1.04,low_traffic,4,8
D7,2026-04-10,4,L15,Zepto Store Aliganj,26.870728,80.828277,12:01,12,14,10.7,0.89,low_traffic,5,8
D7,2026-04-10,4,L45,Zudio Indiranagar,26.947375,80.938976,12:25,12,20,23.5,1.02,low_traffic,6,8
D7,2026-04-10,4,L16,Quick Commerce Indiranagar,26.874662,80.860536,13:08,13,35,30.0,1.2,low_traffic,7,8
D7,2026-04-10,4,L05,Spencer's Indiranagar,26.87299,81.000299,14:13,14,16,18.7,1.17,medium_traffic,8,8
D7,2026-04-11,5,L16,Quick Commerce Indiranagar,26.874662,80.860536,08:26,8,38,33.5,1.34,low_traffic,1,3
D7,2026-04-11,5,L45,Zudio Indiranagar,26.947375,80.938976,09:37,9,25,13.5,1.69,low_traffic,2,3
D7,2026-04-11,5,L05,Spencer's Indiranagar,26.87299,81.000299,10:15,10,24,25.3,1.33,medium_traffic,3,3
D7,2026-04-13,0,L26,Cafe Coffee Day Rajajipuram,26.968792,81.017735,09:11,9,36,13.6,1.51,low_traffic,1,5
D7,2026-04-13,0,L25,Barista Indiranagar,26.858845,80.864262,10:00,10,8,32.6,1.48,medium_traffic,2,5
D7,2026-04-13,0,L16,Quick Commerce Indiranagar,26.874662,80.860536,10:40,10,29,20.5,1.71,low_traffic,3,5
D7,2026-04-13,0,L35,Apple Reseller Indiranagar,26.736083,81.072791,11:29,11,27,18.9,0.86,low_traffic,4,5
D7,2026-04-13,0,L36,Lenovo Hub Rajajipuram,26.917484,80.867866,12:14,12,21,26.3,1.01,low_traffic,5,5
D7,2026-04-14,1,L36,Lenovo Hub Rajajipuram,26.917484,80.867866,09:14,9,28,20.5,1.71,low_traffic,1,5
D7,2026-04-14,1,L15,Zepto Store Aliganj,26.870728,80.828277,10:02,10,16,34.8,1.58,low_traffic,2,5
D7,2026-04-14,1,L35,Apple Reseller Indiranagar,26.736083,81.072791,10:52,10,29,41.6,1.6,low_traffic,3,5
D7,2026-04-14,1,L25,Barista Indiranagar,26.858845,80.864262,12:02,12,13,21.4,1.02,medium_traffic,4,5
D7,2026-04-14,1,L46,Pantaloons Rajajipuram,26.747795,81.001644,12:36,12,20,14.1,0.88,low_traffic,5,5
D7,2026-04-15,2,L25,Barista Indiranagar,26.858845,80.864262,09:34,9,8,13.4,1.34,medium_traffic,1,8
D7,2026-04-15,2,L05,Spencer's Indiranagar,26.87299,81.000299,09:55,9,18,12.9,1.43,medium_traffic,2,8
D7,2026-04-15,2,L35,Apple Reseller Indiranagar,26.736083,81.072791,10:25,10,36,37.0,1.48,low_traffic,3,8
D7,2026-04-15,2,L26,Cafe Coffee Day Rajajipuram,26.968792,81.017735,11:38,11,35,14.5,0.97,low_traffic,4,8
D7,2026-04-15,2,L36,Lenovo Hub Rajajipuram,26.917484,80.867866,12:27,12,20,19.6,0.89,low_traffic,5,8
D7,2026-04-15,2,L06,Star Bazaar Rajajipuram,26.722052,81.068377,13:06,13,22,21.7,1.14,low_traffic,6,8
D7,2026-04-15,2,L45,Zudio Indiranagar,26.947375,80.938976,13:49,13,23,17.2,1.15,low_traffic,7,8
D7,2026-04-15,2,L46,Pantaloons Rajajipuram,26.747795,81.001644,14:29,14,22,15.2,1.27,low_traffic,8,8
D7,2026-04-16,3,L15,Zepto Store Aliganj,26.870728,80.828277,09:19,9,13,42.5,1.77,low_traffic,1,5
D7,2026-04-16,3,L25,Barista Indiranagar,26.858845,80.864262,10:14,10,13,20.4,1.57,medium_traffic,2,5
D7,2026-04-16,3,L26,Cafe Coffee Day Rajajipuram,26.968792,81.017735,10:47,10,37,34.0,1.7,low_traffic,3,5
D7,2026-04-16,3,L36,Lenovo Hub Rajajipuram,26.917484,80.867866,11:58,11,22,17.5,1.03,low_traffic,4,5
D7,2026-04-16,3,L35,Apple Reseller Indiranagar,26.736083,81.072791,12:37,12,26,25.8,1.03,low_traffic,5,5
D7,2026-04-17,4,L46,Pantaloons Rajajipuram,26.747795,81.001644,09:39,9,21,14.7,1.47,low_traffic,1,7
D7,2026-04-17,4,L45,Zudio Indiranagar,26.947375,80.938976,10:14,10,21,23.1,1.78,low_traffic,2,7
D7,2026-04-17,4,L15,Zepto Store Aliganj,26.870728,80.828277,10:58,10,19,12.6,1.58,low_traffic,3,7
D7,2026-04-17,4,L36,Lenovo Hub Rajajipuram,26.917484,80.867866,11:29,11,28,15.5,0.86,low_traffic,4,7
D7,2026-04-17,4,L25,Barista Indiranagar,26.858845,80.864262,12:12,12,15,8.2,0.91,medium_traffic,5,7
D7,2026-04-17,4,L35,Apple Reseller Indiranagar,26.736083,81.072791,12:35,12,37,16.7,0.98,low_traffic,6,7
D7,2026-04-17,4,L16,Quick Commerce Indiranagar,26.874662,80.860536,13:28,13,27,30.0,1.11,low_traffic,7,7
D7,2026-04-18,5,L26,Cafe Coffee Day Rajajipuram,26.968792,81.017735,08:21,8,32,51.0,1.7,low_traffic,1,3
D7,2026-04-18,5,L06,Star Bazaar Rajajipuram,26.722052,81.068377,09:44,9,25,14.8,1.64,low_traffic,2,3
D7,2026-04-18,5,L25,Barista Indiranagar,26.858845,80.864262,10:23,10,18,21.4,1.65,medium_traffic,3,3
D7,2026-04-20,0,L26,Cafe Coffee Day Rajajipuram,26.968792,81.017735,08:11,8,37,27.4,1.52,low_traffic,1,5
D7,2026-04-20,0,L36,Lenovo Hub Rajajipuram,26.917484,80.867866,09:15,9,21,44.2,1.7,low_traffic,2,5
D7,2026-04-20,0,L45,Zudio Indiranagar,26.947375,80.938976,10:20,10,18,15.7,1.74,low_traffic,3,5
D7,2026-04-20,0,L15,Zepto Store Aliganj,26.870728,80.828277,10:53,10,22,29.0,1.38,low_traffic,4,5
D7,2026-04-20,0,L05,Spencer's Indiranagar,26.87299,81.000299,11:44,11,17,9.1,1.01,medium_traffic,5,5
D7,2026-04-21,1,L05,Spencer's Indiranagar,26.87299,81.000299,09:40,9,16,31.5,1.75,medium_traffic,1,7
D7,2026-04-21,1,L45,Zudio Indiranagar,26.947375,80.938976,10:27,10,25,13.7,1.52,low_traffic,2,7
D7,2026-04-21,1,L26,Cafe Coffee Day Rajajipuram,26.968792,81.017735,11:05,11,36,19.1,0.87,low_traffic,3,7
D7,2026-04-21,1,L25,Barista Indiranagar,26.858845,80.864262,12:00,12,15,10.7,0.89,medium_traffic,4,7
D7,2026-04-21,1,L46,Pantaloons Rajajipuram,26.747795,81.001644,12:25,12,21,8.7,0.97,low_traffic,5,7
D7,2026-04-21,1,L36,Lenovo Hub Rajajipuram,26.917484,80.867866,12:54,12,26,25.7,0.99,low_traffic,6,7
D7,2026-04-21,1,L16,Quick Commerce Indiranagar,26.874662,80.860536,13:45,13,29,9.4,1.17,low_traffic,7,7
D7,2026-04-22,2,L26,Cafe Coffee Day Rajajipuram,26.968792,81.017735,08:44,8,25,19.2,1.75,low_traffic,1,5
D7,2026-04-22,2,L36,Lenovo Hub Rajajipuram,26.917484,80.867866,09:28,9,16,17.3,1.44,low_traffic,2,5
D7,2026-04-22,2,L35,Apple Reseller Indiranagar,26.736083,81.072791,10:01,10,26,36.5,1.74,low_traffic,3,5
D7,2026-04-22,2,L15,Zepto Store Aliganj,26.870728,80.828277,11:03,11,22,28.5,0.95,low_traffic,4,5
D7,2026-04-22,2,L45,Zudio Indiranagar,26.947375,80.938976,11:53,11,26,9.1,0.91,low_traffic,5,5
D7,2026-04-23,3,L05,Spencer's Indiranagar,26.87299,81.000299,09:15,9,25,50.8,1.75,medium_traffic,1,7
D7,2026-04-23,3,L26,Cafe Coffee Day Rajajipuram,26.968792,81.017735,10:30,10,30,13.2,1.47,low_traffic,2,7
D7,2026-04-23,3,L16,Quick Commerce Indiranagar,26.874662,80.860536,11:13,11,26,8.4,0.93,low_traffic,3,7
D7,2026-04-23,3,L36,Lenovo Hub Rajajipuram,26.917484,80.867866,11:47,11,25,21.4,0.93,low_traffic,4,7
D7,2026-04-23,3,L45,Zudio Indiranagar,26.947375,80.938976,12:33,12,28,8.3,1.04,low_traffic,5,7
D7,2026-04-23,3,L25,Barista Indiranagar,26.858845,80.864262,13:09,13,14,28.6,1.1,medium_traffic,6,7
D7,2026-04-23,3,L06,Star Bazaar Rajajipuram,26.722052,81.068377,13:51,13,15,32.2,1.29,low_traffic,7,7
D7,2026-04-24,4,L45,Zudio Indiranagar,26.947375,80.938976,08:45,8,28,24.4,1.74,low_traffic,1,5
D7,2026-04-24,4,L06,Star Bazaar Rajajipuram,26.722052,81.068377,09:37,9,19,23.8,1.4,low_traffic,2,5
D7,2026-04-24,4,L46,Pantaloons Rajajipuram,26.747795,81.001644,10:19,10,19,30.2,1.59,low_traffic,3,5
D7,2026-04-24,4,L15,Zepto Store Aliganj,26.870728,80.828277,11:08,11,17,17.0,0.85,low_traffic,4,5
D7,2026-04-24,4,L05,Spencer's Indiranagar,26.87299,81.000299,11:42,11,21,12.2,0.94,medium_traffic,5,5
D7,2026-04-25,5,L16,Quick Commerce Indiranagar,26.874662,80.860536,09:20,9,28,28.6,1.43,low_traffic,1,4
D7,2026-04-25,5,L36,Lenovo Hub Rajajipuram,26.917484,80.867866,10:16,10,24,31.7,1.44,low_traffic,2,4
D7,2026-04-25,5,L15,Zepto Store Aliganj,26.870728,80.828277,11:11,11,10,23.4,0.9,low_traffic,3,4
D7,2026-04-25,5,L45,Zudio Indiranagar,26.947375,80.938976,11:44,11,27,28.4,0.98,low_traffic,4,4
D7,2026-04-27,0,L15,Zepto Store Aliganj,26.870728,80.828277,08:41,8,20,36.8,1.75,low_traffic,1,6
D7,2026-04-27,0,L36,Lenovo Hub Rajajipuram,26.917484,80.867866,09:37,9,16,19.8,1.32,low_traffic,2,6
D7,2026-04-27,0,L16,Quick Commerce Indiranagar,26.874662,80.860536,10:12,10,34,40.5,1.62,low_traffic,3,6
D7,2026-04-27,0,L26,Cafe Coffee Day Rajajipuram,26.968792,81.017735,11:26,11,29,24.7,1.03,low_traffic,4,6
D7,2026-04-27,0,L06,Star Bazaar Rajajipuram,26.722052,81.068377,12:19,12,16,10.8,0.9,low_traffic,5,6
D7,2026-04-27,0,L05,Spencer's Indiranagar,26.87299,81.000299,12:45,12,23,17.4,0.87,medium_traffic,6,6
D7,2026-04-28,1,L36,Lenovo Hub Rajajipuram,26.917484,80.867866,09:36,9,18,17.3,1.73,low_traffic,1,6
D7,2026-04-28,1,L15,Zepto Store Aliganj,26.870728,80.828277,10:11,10,22,41.6,1.6,low_traffic,2,6
D7,2026-04-28,1,L26,Cafe Coffee Day Rajajipuram,26.968792,81.017735,11:14,11,31,12.1,0.93,low_traffic,3,6
D7,2026-04-28,1,L16,Quick Commerce Indiranagar,26.874662,80.860536,11:57,11,32,12.9,0.86,low_traffic,4,6
D7,2026-04-28,1,L35,Apple Reseller Indiranagar,26.736083,81.072791,12:41,12,38,12.7,0.98,low_traffic,5,6
D7,2026-04-28,1,L46,Pantaloons Rajajipuram,26.747795,81.001644,13:31,13,18,33.0,1.1,low_traffic,6,6
D7,2026-04-29,2,L15,Zepto Store Aliganj,26.870728,80.828277,08:28,8,12,25.8,1.36,low_traffic,1,8
D7,2026-04-29,2,L36,Lenovo Hub Rajajipuram,26.917484,80.867866,09:05,9,16,35.2,1.41,low_traffic,2,8
D7,2026-04-29,2,L16,Quick Commerce Indiranagar,26.874662,80.860536,09:56,9,37,29.2,1.39,low_traffic,3,8
D7,2026-04-29,2,L45,Zudio Indiranagar,26.947375,80.938976,11:02,11,28,11.4,1.04,low_traffic,4,8
D7,2026-04-29,2,L35,Apple Reseller Indiranagar,26.736083,81.072791,11:41,11,28,29.3,1.01,low_traffic,5,8
D7,2026-04-29,2,L26,Cafe Coffee Day Rajajipuram,26.968792,81.017735,12:38,12,37,20.6,0.86,low_traffic,6,8
D7,2026-04-29,2,L05,Spencer's Indiranagar,26.87299,81.000299,13:35,13,23,29.1,1.12,medium_traffic,7,8
D7,2026-04-29,2,L25,Barista Indiranagar,26.858845,80.864262,14:27,14,13,36.0,1.24,medium_traffic,8,8
D7,2026-04-30,3,L06,Star Bazaar Rajajipuram,26.722052,81.068377,09:36,9,22,50.1,1.67,low_traffic,1,5
D7,2026-04-30,3,L05,Spencer's Indiranagar,26.87299,81.000299,10:48,10,17,41.4,1.38,medium_traffic,2,5
D7,2026-04-30,3,L46,Pantaloons Rajajipuram,26.747795,81.001644,11:46,11,16,22.3,0.93,low_traffic,3,5
D7,2026-04-30,3,L25,Barista Indiranagar,26.858845,80.864262,12:24,12,11,17.8,0.99,medium_traffic,4,5
D7,2026-04-30,3,L26,Cafe Coffee Day Rajajipuram,26.968792,81.017735,12:52,12,34,28.5,0.95,low_traffic,5,5
D8,2026-01-02,4,L27,Third Wave Coffee Mahanagar,26.96097,81.048855,09:19,9,15,50.2,1.73,low_traffic,1,6
D8,2026-01-02,4,L08,V-Mart Chinhat,26.763974,80.863885,10:24,10,14,21.6,1.8,low_traffic,2,6
D8,2026-01-02,4,L07,More Supermarket Mahanagar,26.933135,80.871408,10:59,10,17,38.2,1.66,low_traffic,3,6
D8,2026-01-02,4,L37,HP Store Mahanagar,26.718136,81.02822,11:54,11,41,11.0,0.85,low_traffic,4,6
D8,2026-01-02,4,L28,Tea Trunk Chinhat,26.872154,81.055887,12:46,12,38,15.1,0.89,low_traffic,5,6
D8,2026-01-02,4,L48,Raymond Shop Chinhat,26.917151,80.944587,13:39,13,16,16.9,1.13,medium_traffic,6,6
D8,2026-01-03,5,L28,Tea Trunk Chinhat,26.872154,81.055887,08:33,8,36,16.7,1.67,low_traffic,1,5
D8,2026-01-03,5,L18,MedPlus Mahanagar,26.967764,81.026383,09:25,9,18,34.0,1.79,low_traffic,2,5
D8,2026-01-03,5,L17,Apollo Pharmacy Rajajipuram,26.733613,81.06291,10:17,10,32,22.4,1.6,low_traffic,3,5
D8,2026-01-03,5,L37,HP Store Mahanagar,26.718136,81.02822,11:11,11,44,10.2,0.85,low_traffic,4,5
D8,2026-01-03,5,L08,V-Mart Chinhat,26.763974,80.863885,12:05,12,14,7.8,0.98,low_traffic,5,5
D8,2026-01-05,0,L48,Raymond Shop Chinhat,26.917151,80.944587,09:31,9,25,17.8,1.48,medium_traffic,1,5
D8,2026-01-05,0,L27,Third Wave Coffee Mahanagar,26.96097,81.048855,10:13,10,19,26.1,1.74,low_traffic,2,5
D8,2026-01-05,0,L38,Boat Service Chinhat,26.900483,81.005742,10:58,10,47,14.9,1.66,low_traffic,3,5
D8,2026-01-05,0,L28,Tea Trunk Chinhat,26.872154,81.055887,11:59,11,31,24.0,1.0,low_traffic,4,5
D8,2026-01-05,0,L17,Apollo Pharmacy Rajajipuram,26.733613,81.06291,12:54,12,27,8.4,0.93,low_traffic,5,5
D8,2026-01-06,1,L48,Raymond Shop Chinhat,26.917151,80.944587,09:22,9,15,39.0,1.5,medium_traffic,1,7
D8,2026-01-06,1,L47,Manyavar Mahanagar,26.914504,80.962132,10:16,10,14,24.2,1.61,medium_traffic,2,7
D8,2026-01-06,1,L38,Boat Service Chinhat,26.900483,81.005742,10:54,10,35,48.7,1.68,low_traffic,3,7
D8,2026-01-06,1,L17,Apollo Pharmacy Rajajipuram,26.733613,81.06291,12:17,12,22,26.5,0.98,low_traffic,4,7
D8,2026-01-06,1,L27,Third Wave Coffee Mahanagar,26.96097,81.048855,13:05,13,25,34.2,1.18,low_traffic,5,7
D8,2026-01-06,1,L28,Tea Trunk Chinhat,26.872154,81.055887,14:04,14,36,18.9,1.11,low_traffic,6,7
D8,2026-01-06,1,L08,V-Mart Chinhat,26.763974,80.863885,14:58,14,14,11.4,1.27,low_traffic,7,7
D8,2026-01-07,2,L37,HP Store Mahanagar,26.718136,81.02822,09:10,9,45,13.8,1.38,low_traffic,1,6
D8,2026-01-07,2,L18,MedPlus Mahanagar,26.967764,81.026383,10:08,10,15,19.0,1.73,low_traffic,2,6
D8,2026-01-07,2,L38,Boat Service Chinhat,26.900483,81.005742,10:42,10,35,37.0,1.54,low_traffic,3,6
D8,2026-01-07,2,L27,Third Wave Coffee Mahanagar,26.96097,81.048855,11:54,11,19,23.0,0.92,low_traffic,4,6
D8,2026-01-07,2,L28,Tea Trunk Chinhat,26.872154,81.055887,12:36,12,36,21.8,1.04,low_traffic,5,6
D8,2026-01-07,2,L08,V-Mart Chinhat,26.763974,80.863885,13:33,13,18,10.7,1.19,low_traffic,6,6
D8,2026-01-08,3,L08,V-Mart Chinhat,26.763974,80.863885,09:37,9,16,23.0,1.44,low_traffic,1,6
D8,2026-01-08,3,L07,More Supermarket Mahanagar,26.933135,80.871408,10:16,10,21,35.9,1.63,low_traffic,2,6
D8,2026-01-08,3,L28,Tea Trunk Chinhat,26.872154,81.055887,11:12,11,40,13.0,0.93,low_traffic,3,6
D8,2026-01-08,3,L38,Boat Service Chinhat,26.900483,81.005742,12:05,12,46,12.7,0.91,low_traffic,4,6
D8,2026-01-08,3,L37,HP Store Mahanagar,26.718136,81.02822,13:03,13,38,23.9,1.14,low_traffic,5,6
D8,2026-01-08,3,L48,Raymond Shop Chinhat,26.917151,80.944587,14:04,14,23,30.8,1.1,medium_traffic,6,6
D8,2026-01-09,4,L48,Raymond Shop Chinhat,26.917151,80.944587,08:18,8,17,28.5,1.78,medium_traffic,1,8
D8,2026-01-09,4,L07,More Supermarket Mahanagar,26.933135,80.871408,09:03,9,17,49.0,1.69,low_traffic,2,8
D8,2026-01-09,4,L47,Manyavar Mahanagar,26.914504,80.962132,10:09,10,22,31.7,1.76,medium_traffic,3,8
D8,2026-01-09,4,L08,V-Mart Chinhat,26.763974,80.863885,11:02,11,16,17.3,0.96,low_traffic,4,8
D8,2026-01-09,4,L38,Boat Service Chinhat,26.900483,81.005742,11:35,11,45,10.8,0.98,low_traffic,5,8
D8,2026-01-09,4,L18,MedPlus Mahanagar,26.967764,81.026383,12:30,12,19,22.8,0.95,low_traffic,6,8
D8,2026-01-09,4,L17,Apollo Pharmacy Rajajipuram,26.733613,81.06291,13:11,13,29,11.5,1.28,low_traffic,7,8
D8,2026-01-09,4,L37,HP Store Mahanagar,26.718136,81.02822,13:51,13,43,33.8,1.25,low_traffic,8,8
D8,2026-01-10,5,L37,HP Store Mahanagar,26.718136,81.02822,09:14,9,45,25.2,1.4,low_traffic,1,5
D8,2026-01-10,5,L38,Boat Service Chinhat,26.900483,81.005742,10:24,10,46,17.0,1.42,low_traffic,2,5
D8,2026-01-10,5,L47,Manyavar Mahanagar,26.914504,80.962132,11:27,11,19,17.7,1.04,medium_traffic,3,5
D8,2026-01-10,5,L07,More Supermarket Mahanagar,26.933135,80.871408,12:03,12,20,13.5,1.04,low_traffic,4,5
D8,2026-01-10,5,L28,Tea Trunk Chinhat,26.872154,81.055887,12:36,12,38,18.6,0.98,low_traffic,5,5
D8,2026-01-12,0,L27,Third Wave Coffee Mahanagar,26.96097,81.048855,09:25,9,19,21.0,1.31,low_traffic,1,6
D8,2026-01-12,0,L28,Tea Trunk Chinhat,26.872154,81.055887,10:05,10,41,34.6,1.73,low_traffic,2,6
D8,2026-01-12,0,L38,Boat Service Chinhat,26.900483,81.005742,11:20,11,42,15.4,0.96,low_traffic,3,6
D8,2026-01-12,0,L08,V-Mart Chinhat,26.763974,80.863885,12:17,12,18,20.2,0.92,low_traffic,4,6
D8,2026-01-12,0,L18,MedPlus Mahanagar,26.967764,81.026383,12:55,12,20,15.5,0.97,low_traffic,5,6
D8,2026-01-12,0,L07,More Supermarket Mahanagar,26.933135,80.871408,13:30,13,20,35.0,1.25,low_traffic,6,6
D8,2026-01-13,1,L07,More Supermarket Mahanagar,26.933135,80.871408,09:04,9,17,24.3,1.52,low_traffic,1,6
D8,2026-01-13,1,L48,Raymond Shop Chinhat,26.917151,80.944587,09:45,9,18,24.1,1.34,medium_traffic,2,6
D8,2026-01-13,1,L17,Apollo Pharmacy Rajajipuram,26.733613,81.06291,10:27,10,32,37.0,1.48,low_traffic,3,6
D8,2026-01-13,1,L28,Tea Trunk Chinhat,26.872154,81.055887,11:36,11,35,26.8,1.03,low_traffic,4,6
D8,2026-01-13,1,L38,Boat Service Chinhat,26.900483,81.005742,12:37,12,39,28.1,1.04,low_traffic,5,6
D8,2026-01-13,1,L47,Manyavar Mahanagar,26.914504,80.962132,13:44,13,14,21.6,1.2,medium_traffic,6,6
D8,2026-01-14,2,L07,More Supermarket Mahanagar,26.933135,80.871408,09:11,9,15,20.4,1.36,low_traffic,1,8
D8,2026-01-14,2,L28,Tea Trunk Chinhat,26.872154,81.055887,09:46,9,32,24.5,1.53,low_traffic,2,8
D8,2026-01-14,2,L17,Apollo Pharmacy Rajajipuram,26.733613,81.06291,10:42,10,30,42.6,1.42,low_traffic,3,8
D8,2026-01-14,2,L37,HP Store Mahanagar,26.718136,81.02822,11:54,11,35,16.8,1.05,low_traffic,4,8
D8,2026-01-14,2,L47,Manyavar Mahanagar,26.914504,80.962132,12:45,12,12,15.8,0.93,medium_traffic,5,8
D8,2026-01-14,2,L38,Boat Service Chinhat,26.900483,81.005742,13:12,13,45,20.8,1.3,low_traffic,6,8
D8,2026-01-14,2,L18,MedPlus Mahanagar,26.967764,81.026383,14:17,14,12,16.9,1.21,low_traffic,7,8
D8,2026-01-14,2,L08,V-Mart Chinhat,26.763974,80.863885,14:45,14,18,16.4,1.26,low_traffic,8,8
D8,2026-01-15,3,L28,Tea Trunk Chinhat,26.872154,81.055887,08:42,8,31,25.3,1.69,low_traffic,1,5
D8,2026-01-15,3,L18,MedPlus Mahanagar,26.967764,81.026383,09:38,9,9,51.6,1.78,low_traffic,2,5
D8,2026-01-15,3,L27,Third Wave Coffee Mahanagar,26.96097,81.048855,10:38,10,24,36.7,1.31,low_traffic,3,5
D8,2026-01-15,3,L37,HP Store Mahanagar,26.718136,81.02822,11:38,11,41,23.0,1.0,low_traffic,4,5
D8,2026-01-15,3,L07,More Supermarket Mahanagar,26.933135,80.871408,12:42,12,17,13.1,1.01,low_traffic,5,5
D8,2026-01-16,4,L48,Raymond Shop Chinhat,26.917151,80.944587,09:42,9,20,18.7,1.44,medium_traffic,1,5
D8,2026-01-16,4,L37,HP Store Mahanagar,26.718136,81.02822,10:20,10,45,41.8,1.74,low_traffic,2,5
D8,2026-01-16,4,L18,MedPlus Mahanagar,26.967764,81.026383,11:46,11,19,15.0,0.94,low_traffic,3,5
D8,2026-01-16,4,L38,Boat Service Chinhat,26.900483,81.005742,12:20,12,42,28.4,0.98,low_traffic,4,5
D8,2026-01-16,4,L27,Third Wave Coffee Mahanagar,26.96097,81.048855,13:30,13,17,25.5,1.11,low_traffic,5,5
D8,2026-01-17,5,L38,Boat Service Chinhat,26.900483,81.005742,09:08,9,45,31.8,1.59,low_traffic,1,5
D8,2026-01-17,5,L08,V-Mart Chinhat,26.763974,80.863885,10:24,10,15,20.4,1.46,low_traffic,2,5
D8,2026-01-17,5,L37,HP Store Mahanagar,26.718136,81.02822,10:59,10,37,16.8,1.53,low_traffic,3,5
D8,2026-01-17,5,L47,Manyavar Mahanagar,26.914504,80.962132,11:52,11,12,28.8,1.03,medium_traffic,4,5
D8,2026-01-17,5,L17,Apollo Pharmacy Rajajipuram,26.733613,81.06291,12:32,12,32,29.1,1.04,low_traffic,5,5
D8,2026-01-19,0,L38,Boat Service Chinhat,26.900483,81.005742,08:30,8,46,22.5,1.73,low_traffic,1,7
D8,2026-01-19,0,L47,Manyavar Mahanagar,26.914504,80.962132,09:38,9,14,23.1,1.36,medium_traffic,2,7
D8,2026-01-19,0,L37,HP Store Mahanagar,26.718136,81.02822,10:15,10,36,42.3,1.46,low_traffic,3,7
D8,2026-01-19,0,L18,MedPlus Mahanagar,26.967764,81.026383,11:33,11,18,7.0,0.87,low_traffic,4,7
D8,2026-01-19,0,L08,V-Mart Chinhat,26.763974,80.863885,11:58,11,23,23.7,0.91,low_traffic,5,7
D8,2026-01-19,0,L48,Raymond Shop Chinhat,26.917151,80.944587,12:44,12,26,14.1,1.01,medium_traffic,6,7
D8,2026-01-19,0,L07,More Supermarket Mahanagar,26.933135,80.871408,13:24,13,26,33.0,1.18,low_traffic,7,7
D8,2026-01-20,1,L08,V-Mart Chinhat,26.763974,80.863885,09:45,9,14,27.6,1.38,low_traffic,1,5
D8,2026-01-20,1,L47,Manyavar Mahanagar,26.914504,80.962132,10:26,10,21,14.0,1.75,medium_traffic,2,5
D8,2026-01-20,1,L38,Boat Service Chinhat,26.900483,81.005742,11:01,11,46,25.5,0.98,low_traffic,3,5
D8,2026-01-20,1,L37,HP Store Mahanagar,26.718136,81.02822,12:12,12,45,22.5,0.98,low_traffic,4,5
D8,2026-01-20,1,L18,MedPlus Mahanagar,26.967764,81.026383,13:19,13,20,13.8,1.15,low_traffic,5,5
D8,2026-01-21,2,L07,More Supermarket Mahanagar,26.933135,80.871408,08:44,8,24,38.6,1.61,low_traffic,1,7
D8,2026-01-21,2,L28,Tea Trunk Chinhat,26.872154,81.055887,09:46,9,34,12.8,1.6,low_traffic,2,7
D8,2026-01-21,2,L27,Third Wave Coffee Mahanagar,26.96097,81.048855,10:32,10,25,34.0,1.48,low_traffic,3,7
D8,2026-01-21,2,L47,Manyavar Mahanagar,26.914504,80.962132,11:31,11,24,14.8,0.99,medium_traffic,4,7
D8,2026-01-21,2,L38,Boat Service Chinhat,26.900483,81.005742,12:09,12,38,11.0,0.92,low_traffic,5,7
D8,2026-01-21,2,L18,MedPlus Mahanagar,26.967764,81.026383,12:58,12,17,9.3,0.93,low_traffic,6,7
D8,2026-01-21,2,L17,Apollo Pharmacy Rajajipuram,26.733613,81.06291,13:24,13,28,10.5,1.17,low_traffic,7,7
D8,2026-01-22,3,L18,MedPlus Mahanagar,26.967764,81.026383,08:32,8,15,23.8,1.7,low_traffic,1,8
D8,2026-01-22,3,L08,V-Mart Chinhat,26.763974,80.863885,09:10,9,19,10.6,1.32,low_traffic,2,8
D8,2026-01-22,3,L27,Third Wave Coffee Mahanagar,26.96097,81.048855,09:39,9,15,27.2,1.36,low_traffic,3,8
D8,2026-01-22,3,L37,HP Store Mahanagar,26.718136,81.02822,10:21,10,36,37.0,1.48,low_traffic,4,8
D8,2026-01-22,3,L48,Raymond Shop Chinhat,26.917151,80.944587,11:34,11,24,25.8,1.03,medium_traffic,5,8
D8,2026-01-22,3,L47,Manyavar Mahanagar,26.914504,80.962132,12:23,12,23,12.5,0.96,medium_traffic,6,8
D8,2026-01-22,3,L38,Boat Service Chinhat,26.900483,81.005742,12:58,12,45,20.0,0.87,low_traffic,7,8
D8,2026-01-22,3,L28,Tea Trunk Chinhat,26.872154,81.055887,14:03,14,36,35.3,1.26,low_traffic,8,8
D8,2026-01-23,4,L48,Raymond Shop Chinhat,26.917151,80.944587,08:13,8,25,25.1,1.79,medium_traffic,1,7
D8,2026-01-23,4,L07,More Supermarket Mahanagar,26.933135,80.871408,09:03,9,17,21.5,1.79,low_traffic,2,7
D8,2026-01-23,4,L08,V-Mart Chinhat,26.763974,80.863885,09:41,9,12,42.2,1.76,low_traffic,3,7
D8,2026-01-23,4,L28,Tea Trunk Chinhat,26.872154,81.055887,10:35,10,34,43.7,1.62,low_traffic,4,7
D8,2026-01-23,4,L27,Third Wave Coffee Mahanagar,26.96097,81.048855,11:52,11,19,10.8,0.9,low_traffic,5,7
D8,2026-01-23,4,L17,Apollo Pharmacy Rajajipuram,26.733613,81.06291,12:21,12,32,27.8,0.96,low_traffic,6,7
D8,2026-01-23,4,L37,HP Store Mahanagar,26.718136,81.02822,13:20,13,43,36.3,1.21,low_traffic,7,7
D8,2026-01-24,5,L28,Tea Trunk Chinhat,26.872154,81.055887,08:23,8,33,32.6,1.63,low_traffic,1,5
D8,2026-01-24,5,L47,Manyavar Mahanagar,26.914504,80.962132,09:28,9,24,48.2,1.72,medium_traffic,2,5
D8,2026-01-24,5,L38,Boat Service Chinhat,26.900483,81.005742,10:40,10,36,24.9,1.66,low_traffic,3,5
D8,2026-01-24,5,L17,Apollo Pharmacy Rajajipuram,26.733613,81.06291,11:40,11,29,11.2,1.02,low_traffic,4,5
D8,2026-01-24,5,L18,MedPlus Mahanagar,26.967764,81.026383,12:20,12,19,17.2,0.86,low_traffic,5,5
D8,2026-01-26,0,L18,MedPlus Mahanagar,26.967764,81.026383,08:41,8,9,19.0,1.58,low_traffic,1,8
D8,2026-01-26,0,L08,V-Mart Chinhat,26.763974,80.863885,09:09,9,15,17.4,1.74,low_traffic,2,8
D8,2026-01-26,0,L48,Raymond Shop Chinhat,26.917151,80.944587,09:41,9,20,22.0,1.69,medium_traffic,3,8
D8,2026-01-26,0,L38,Boat Service Chinhat,26.900483,81.005742,10:23,10,47,39.1,1.63,low_traffic,4,8
D8,2026-01-26,0,L27,Third Wave Coffee Mahanagar,26.96097,81.048855,11:49,11,17,18.2,0.91,low_traffic,5,8
D8,2026-01-26,0,L28,Tea Trunk Chinhat,26.872154,81.055887,12:24,12,40,22.1,0.96,low_traffic,6,8
D8,2026-01-26,0,L07,More Supermarket Mahanagar,26.933135,80.871408,13:26,13,20,11.7,1.17,low_traffic,7,8
D8,2026-01-26,0,L37,HP Store Mahanagar,26.718136,81.02822,13:57,13,33,28.8,1.25,low_traffic,8,8
D8,2026-01-27,1,L37,HP Store Mahanagar,26.718136,81.02822,09:04,9,38,38.9,1.34,low_traffic,1,7
D8,2026-01-27,1,L48,Raymond Shop Chinhat,26.917151,80.944587,10:20,10,14,23.4,1.46,medium_traffic,2,7
D8,2026-01-27,1,L38,Boat Service Chinhat,26.900483,81.005742,10:57,10,36,45.8,1.58,low_traffic,3,7
D8,2026-01-27,1,L27,Third Wave Coffee Mahanagar,26.96097,81.048855,12:18,12,23,19.4,0.97,low_traffic,4,7
D8,2026-01-27,1,L07,More Supermarket Mahanagar,26.933135,80.871408,13:00,13,20,33.8,1.3,low_traffic,5,7
D8,2026-01-27,1,L28,Tea Trunk Chinhat,26.872154,81.055887,13:53,13,35,27.4,1.19,low_traffic,6,7
D8,2026-01-27,1,L18,MedPlus Mahanagar,26.967764,81.026383,14:55,14,16,11.3,1.26,low_traffic,7,7
D8,2026-01-28,2,L48,Raymond Shop Chinhat,26.917151,80.944587,08:08,8,16,16.6,1.66,medium_traffic,1,5
D8,2026-01-28,2,L28,Tea Trunk Chinhat,26.872154,81.055887,08:40,8,39,20.3,1.45,low_traffic,2,5
D8,2026-01-28,2,L08,V-Mart Chinhat,26.763974,80.863885,09:39,9,18,42.6,1.42,low_traffic,3,5
D8,2026-01-28,2,L38,Boat Service Chinhat,26.900483,81.005742,10:39,10,41,47.2,1.75,low_traffic,4,5
D8,2026-01-28,2,L18,MedPlus Mahanagar,26.967764,81.026383,12:07,12,19,24.4,0.94,low_traffic,5,5
D8,2026-01-29,3,L08,V-Mart Chinhat,26.763974,80.863885,08:05,8,14,22.1,1.7,low_traffic,1,8
D8,2026-01-29,3,L27,Third Wave Coffee Mahanagar,26.96097,81.048855,08:41,8,24,30.4,1.52,low_traffic,2,8
D8,2026-01-29,3,L47,Manyavar Mahanagar,26.914504,80.962132,09:35,9,17,37.0,1.68,medium_traffic,3,8
D8,2026-01-29,3,L37,HP Store Mahanagar,26.718136,81.02822,10:29,10,41,39.6,1.65,low_traffic,4,8
D8,2026-01-29,3,L48,Raymond Shop Chinhat,26.917151,80.944587,11:49,11,22,27.2,0.97,medium_traffic,5,8
D8,2026-01-29,3,L38,Boat Service Chinhat,26.900483,81.005742,12:38,12,45,14.0,0.93,low_traffic,6,8
D8,2026-01-29,3,L17,Apollo Pharmacy Rajajipuram,26.733613,81.06291,13:37,13,31,36.1,1.29,low_traffic,7,8
D8,2026-01-29,3,L28,Tea Trunk Chinhat,26.872154,81.055887,14:44,14,41,36.3,1.21,low_traffic,8,8
D8,2026-01-30,4,L28,Tea Trunk Chinhat,26.872154,81.055887,09:11,9,30,17.0,1.42,low_traffic,1,7
D8,2026-01-30,4,L18,MedPlus Mahanagar,26.967764,81.026383,09:58,9,10,35.9,1.38,low_traffic,2,7
D8,2026-01-30,4,L07,More Supermarket Mahanagar,26.933135,80.871408,10:43,10,27,11.8,1.48,low_traffic,3,7
D8,2026-01-30,4,L47,Manyavar Mahanagar,26.914504,80.962132,11:21,11,16,18.4,0.92,medium_traffic,4,7
D8,2026-01-30,4,L27,Third Wave Coffee Mahanagar,26.96097,81.048855,11:55,11,24,27.3,1.05,low_traffic,5,7
D8,2026-01-30,4,L48,Raymond Shop Chinhat,26.917151,80.944587,12:46,12,21,16.0,0.94,medium_traffic,6,7
D8,2026-01-30,4,L08,V-Mart Chinhat,26.763974,80.863885,13:23,13,12,9.9,1.1,low_traffic,7,7
D8,2026-01-31,5,L07,More Supermarket Mahanagar,26.933135,80.871408,09:36,9,19,33.4,1.52,low_traffic,1,3
D8,2026-01-31,5,L47,Manyavar Mahanagar,26.914504,80.962132,10:28,10,18,17.4,1.74,medium_traffic,2,3
D8,2026-01-31,5,L17,Apollo Pharmacy Rajajipuram,26.733613,81.06291,11:03,11,26,20.2,1.01,low_traffic,3,3
D8,2026-02-02,0,L28,Tea Trunk Chinhat,26.872154,81.055887,08:30,8,41,36.4,1.4,low_traffic,1,8
D8,2026-02-02,0,L27,Third Wave Coffee Mahanagar,26.96097,81.048855,09:47,9,23,23.8,1.49,low_traffic,2,8
D8,2026-02-02,0,L38,Boat Service Chinhat,26.900483,81.005742,10:33,10,42,19.6,1.51,low_traffic,3,8
D8,2026-02-02,0,L17,Apollo Pharmacy Rajajipuram,26.733613,81.06291,11:34,11,31,10.3,0.94,low_traffic,4,8
D8,2026-02-02,0,L37,HP Store Mahanagar,26.718136,81.02822,12:15,12,35,18.2,0.96,low_traffic,5,8
D8,2026-02-02,0,L18,MedPlus Mahanagar,26.967764,81.026383,13:08,13,12,24.2,1.21,low_traffic,6,8
D8,2026-02-02,0,L48,Raymond Shop Chinhat,26.917151,80.944587,13:44,13,25,10.4,1.16,medium_traffic,7,8
D8,2026-02-02,0,L08,V-Mart Chinhat,26.763974,80.863885,14:19,14,23,25.7,1.17,low_traffic,8,8
D8,2026-02-03,1,L18,MedPlus Mahanagar,26.967764,81.026383,08:27,8,14,14.5,1.45,low_traffic,1,5
D8,2026-02-03,1,L48,Raymond Shop Chinhat,26.917151,80.944587,08:55,8,23,38.6,1.61,medium_traffic,2,5
D8,2026-02-03,1,L37,HP Store Mahanagar,26.718136,81.02822,09:56,9,45,44.7,1.72,low_traffic,3,5
D8,2026-02-03,1,L28,Tea Trunk Chinhat,26.872154,81.055887,11:25,11,35,18.4,0.92,low_traffic,4,5
D8,2026-02-03,1,L47,Manyavar Mahanagar,26.914504,80.962132,12:18,12,22,21.6,1.03,medium_traffic,5,5
D8,2026-02-04,2,L07,More Supermarket Mahanagar,26.933135,80.871408,08:19,8,24,32.2,1.61,low_traffic,1,8
D8,2026-02-04,2,L38,Boat Service Chinhat,26.900483,81.005742,09:15,9,38,45.8,1.76,low_traffic,2,8
D8,2026-02-04,2,L48,Raymond Shop Chinhat,26.917151,80.944587,10:38,10,25,25.2,1.68,medium_traffic,3,8
D8,2026-02-04,2,L17,Apollo Pharmacy Rajajipuram,26.733613,81.06291,11:28,11,25,16.6,1.04,low_traffic,4,8
D8,2026-02-04,2,L28,Tea Trunk Chinhat,26.872154,81.055887,12:09,12,33,16.5,0.97,low_traffic,5,8
D8,2026-02-04,2,L27,Third Wave Coffee Mahanagar,26.96097,81.048855,12:58,12,20,15.4,0.96,low_traffic,6,8
D8,2026-02-04,2,L18,MedPlus Mahanagar,26.967764,81.026383,13:33,13,21,27.6,1.15,low_traffic,7,8
D8,2026-02-04,2,L08,V-Mart Chinhat,26.763974,80.863885,14:21,14,23,36.0,1.24,low_traffic,8,8
D8,2026-02-05,3,L08,V-Mart Chinhat,26.763974,80.863885,08:36,8,22,40.8,1.63,low_traffic,1,6
D8,2026-02-05,3,L17,Apollo Pharmacy Rajajipuram,26.733613,81.06291,09:38,9,30,40.6,1.69,low_traffic,2,6
D8,2026-02-05,3,L28,Tea Trunk Chinhat,26.872154,81.055887,10:48,10,31,27.7,1.73,low_traffic,3,6
D8,2026-02-05,3,L38,Boat Service Chinhat,26.900483,81.005742,11:46,11,35,9.9,0.9,low_traffic,4,6
D8,2026-02-05,3,L18,MedPlus Mahanagar,26.967764,81.026383,12:30,12,16,27.3,1.05,low_traffic,5,6
D8,2026-02-05,3,L48,Raymond Shop Chinhat,26.917151,80.944587,13:13,13,16,33.9,1.13,medium_traffic,6,6
D8,2026-02-06,4,L37,HP Store Mahanagar,26.718136,81.02822,09:23,9,35,38.2,1.47,low_traffic,1,5
D8,2026-02-06,4,L17,Apollo Pharmacy Rajajipuram,26.733613,81.06291,10:36,10,21,20.8,1.73,low_traffic,2,5
D8,2026-02-06,4,L38,Boat Service Chinhat,26.900483,81.005742,11:17,11,39,8.1,0.9,low_traffic,3,5
D8,2026-02-06,4,L08,V-Mart Chinhat,26.763974,80.863885,12:04,12,16,19.1,0.91,low_traffic,4,5
D8,2026-02-06,4,L47,Manyavar Mahanagar,26.914504,80.962132,12:39,12,14,9.3,0.93,medium_traffic,5,5
D8,2026-02-07,5,L47,Manyavar Mahanagar,26.914504,80.962132,08:13,8,17,36.7,1.67,medium_traffic,1,5
D8,2026-02-07,5,L38,Boat Service Chinhat,26.900483,81.005742,09:06,9,43,32.9,1.73,low_traffic,2,5
D8,2026-02-07,5,L08,V-Mart Chinhat,26.763974,80.863885,10:21,10,15,33.0,1.65,low_traffic,3,5
D8,2026-02-07,5,L27,Third Wave Coffee Mahanagar,26.96097,81.048855,11:09,11,24,16.6,0.92,low_traffic,4,5
D8,2026-02-07,5,L17,Apollo Pharmacy Rajajipuram,26.733613,81.06291,11:49,11,21,22.8,0.99,low_traffic,5,5
D8,2026-02-09,0,L38,Boat Service Chinhat,26.900483,81.005742,09:25,9,36,14.9,1.49,low_traffic,1,8
D8,2026-02-09,0,L28,Tea Trunk Chinhat,26.872154,81.055887,10:15,10,38,35.2,1.41,low_traffic,2,8
D8,2026-02-09,0,L07,More Supermarket Mahanagar,26.933135,80.871408,11:28,11,19,12.9,0.92,low_traffic,3,8
D8,2026-02-09,0,L47,Manyavar Mahanagar,26.914504,80.962132,11:59,11,18,14.4,1.03,medium_traffic,4,8
D8,2026-02-09,0,L18,MedPlus Mahanagar,26.967764,81.026383,12:31,12,20,25.5,0.88,low_traffic,5,8
D8,2026-02-09,0,L08,V-Mart Chinhat,26.763974,80.863885,13:16,13,15,16.9,1.13,low_traffic,6,8
D8,2026-02-09,0,L27,Third Wave Coffee Mahanagar,26.96097,81.048855,13:47,13,16,19.7,1.16,low_traffic,7,8
D8,2026-02-09,0,L48,Raymond Shop Chinhat,26.917151,80.944587,14:22,14,24,16.1,1.15,medium_traffic,8,8
D8,2026-02-10,1,L48,Raymond Shop Chinhat,26.917151,80.944587,08:02,8,19,44.2,1.58,medium_traffic,1,5
D8,2026-02-10,1,L17,Apollo Pharmacy Rajajipuram,26.733613,81.06291,09:05,9,30,19.9,1.66,low_traffic,2,5
D8,2026-02-10,1,L27,Third Wave Coffee Mahanagar,26.96097,81.048855,09:54,9,26,34.6,1.73,low_traffic,3,5
D8,2026-02-10,1,L18,MedPlus Mahanagar,26.967764,81.026383,10:54,10,11,14.3,1.59,low_traffic,4,5
D8,2026-02-10,1,L38,Boat Service Chinhat,26.900483,81.005742,11:19,11,36,28.8,1.03,low_traffic,5,5
D8,2026-02-11,2,L08,V-Mart Chinhat,26.763974,80.863885,09:03,9,24,34.5,1.38,low_traffic,1,8
D8,2026-02-11,2,L18,MedPlus Mahanagar,26.967764,81.026383,10:01,10,9,32.3,1.7,low_traffic,2,8
D8,2026-02-11,2,L38,Boat Service Chinhat,26.900483,81.005742,10:42,10,44,34.5,1.38,low_traffic,3,8
D8,2026-02-11,2,L07,More Supermarket Mahanagar,26.933135,80.871408,12:00,12,21,21.8,1.04,low_traffic,4,8
D8,2026-02-11,2,L48,Raymond Shop Chinhat,26.917151,80.944587,12:42,12,26,20.2,0.92,medium_traffic,5,8
D8,2026-02-11,2,L27,Third Wave Coffee Mahanagar,26.96097,81.048855,13:28,13,17,15.2,1.17,low_traffic,6,8
D8,2026-02-11,2,L37,HP Store Mahanagar,26.718136,81.02822,14:00,14,35,27.4,1.14,low_traffic,7,8
D8,2026-02-11,2,L17,Apollo Pharmacy Rajajipuram,26.733613,81.06291,15:02,15,21,14.5,0.97,low_traffic,8,8
D8,2026-02-12,3,L18,MedPlus Mahanagar,26.967764,81.026383,08:01,8,15,22.6,1.41,low_traffic,1,6
D8,2026-02-12,3,L38,Boat Service Chinhat,26.900483,81.005742,08:38,8,46,15.3,1.53,low_traffic,2,6
D8,2026-02-12,3,L28,Tea Trunk Chinhat,26.872154,81.055887,09:39,9,36,47.8,1.65,low_traffic,3,6
D8,2026-02-12,3,L17,Apollo Pharmacy Rajajipuram,26.733613,81.06291,11:02,11,21,19.2,1.01,low_traffic,4,6
D8,2026-02-12,3,L48,Raymond Shop Chinhat,26.917151,80.944587,11:42,11,16,19.7,0.94,medium_traffic,5,6
D8,2026-02-12,3,L47,Manyavar Mahanagar,26.914504,80.962132,12:17,12,21,27.3,1.01,medium_traffic,6,6
D8,2026-02-13,4,L38,Boat Service Chinhat,26.900483,81.005742,08:14,8,47,41.8,1.67,low_traffic,1,7
D8,2026-02-13,4,L47,Manyavar Mahanagar,26.914504,80.962132,09:42,9,14,32.9,1.43,medium_traffic,2,7
D8,2026-02-13,4,L28,Tea Trunk Chinhat,26.872154,81.055887,10:28,10,34,19.9,1.42,low_traffic,3,7
D8,2026-02-13,4,L18,MedPlus Mahanagar,26.967764,81.026383,11:21,11,9,11.9,0.99,low_traffic,4,7
D8,2026-02-13,4,L48,Raymond Shop Chinhat,26.917151,80.944587,11:41,11,21,15.0,0.88,medium_traffic,5,7
D8,2026-02-13,4,L27,Third Wave Coffee Mahanagar,26.96097,81.048855,12:17,12,26,22.4,0.86,low_traffic,6,7
D8,2026-02-13,4,L17,Apollo Pharmacy Rajajipuram,26.733613,81.06291,13:05,13,22,10.0,1.25,low_traffic,7,7
D8,2026-02-14,5,L37,HP Store Mahanagar,26.718136,81.02822,09:42,9,44,38.3,1.74,low_traffic,1,4
D8,2026-02-14,5,L47,Manyavar Mahanagar,26.914504,80.962132,11:04,11,19,11.1,1.01,medium_traffic,2,4
D8,2026-02-14,5,L17,Apollo Pharmacy Rajajipuram,26.733613,81.06291,11:34,11,28,29.4,0.98,low_traffic,3,4
D8,2026-02-14,5,L08,V-Mart Chinhat,26.763974,80.863885,12:31,12,18,14.6,0.91,low_traffic,4,4
D8,2026-02-16,0,L18,MedPlus Mahanagar,26.967764,81.026383,08:43,8,14,18.4,1.53,low_traffic,1,5
D8,2026-02-16,0,L08,V-Mart Chinhat,26.763974,80.863885,09:15,9,14,15.5,1.55,low_traffic,2,5
D8,2026-02-16,0,L28,Tea Trunk Chinhat,26.872154,81.055887,09:44,9,30,37.3,1.38,low_traffic,3,5
D8,2026-02-16,0,L17,Apollo Pharmacy Rajajipuram,26.733613,81.06291,10:51,10,33,44.2,1.7,low_traffic,4,5
D8,2026-02-16,0,L38,Boat Service Chinhat,26.900483,81.005742,12:08,12,41,19.8,0.99,low_traffic,5,5
D8,2026-02-17,1,L28,Tea Trunk Chinhat,26.872154,81.055887,08:06,8,30,13.6,1.36,low_traffic,1,7
D8,2026-02-17,1,L07,More Supermarket Mahanagar,26.933135,80.871408,08:49,8,23,29.9,1.36,low_traffic,2,7
D8,2026-02-17,1,L08,V-Mart Chinhat,26.763974,80.863885,09:41,9,17,39.6,1.32,low_traffic,3,7
D8,2026-02-17,1,L48,Raymond Shop Chinhat,26.917151,80.944587,10:37,10,20,44.8,1.79,medium_traffic,4,7
D8,2026-02-17,1,L18,MedPlus Mahanagar,26.967764,81.026383,11:41,11,9,27.3,1.01,low_traffic,5,7
D8,2026-02-17,1,L37,HP Store Mahanagar,26.718136,81.02822,12:17,12,40,9.8,0.98,low_traffic,6,7
D8,2026-02-17,1,L17,Apollo Pharmacy Rajajipuram,26.733613,81.06291,13:06,13,25,29.2,1.27,low_traffic,7,7
D8,2026-02-18,2,L18,MedPlus Mahanagar,26.967764,81.026383,08:38,8,16,16.1,1.46,low_traffic,1,5
D8,2026-02-18,2,L17,Apollo Pharmacy Rajajipuram,26.733613,81.06291,09:10,9,23,17.6,1.35,low_traffic,2,5
D8,2026-02-18,2,L48,Raymond Shop Chinhat,26.917151,80.944587,09:50,9,25,35.0,1.75,medium_traffic,3,5
D8,2026-02-18,2,L38,Boat Service Chinhat,26.900483,81.005742,10:50,10,43,21.4,1.43,low_traffic,4,5
D8,2026-02-18,2,L28,Tea Trunk Chinhat,26.872154,81.055887,11:54,11,30,12.2,0.94,low_traffic,5,5
D8,2026-02-19,3,L18,MedPlus Mahanagar,26.967764,81.026383,09:37,9,12,34.8,1.74,low_traffic,1,7
D8,2026-02-19,3,L48,Raymond Shop Chinhat,26.917151,80.944587,10:23,10,25,14.0,1.75,medium_traffic,2,7
D8,2026-02-19,3,L28,Tea Trunk Chinhat,26.872154,81.055887,11:02,11,33,13.4,0.96,low_traffic,3,7
D8,2026-02-19,3,L08,V-Mart Chinhat,26.763974,80.863885,11:48,11,16,17.9,1.05,low_traffic,4,7
D8,2026-02-19,3,L17,Apollo Pharmacy Rajajipuram,26.733613,81.06291,12:21,12,25,7.5,0.94,low_traffic,5,7
D8,2026-02-19,3,L37,HP Store Mahanagar,26.718136,81.02822,12:53,12,40,22.8,0.95,low_traffic,6,7
D8,2026-02-19,3,L07,More Supermarket Mahanagar,26.933135,80.871408,13:55,13,20,31.2,1.2,low_traffic,7,7
D8,2026-02-20,4,L48,Raymond Shop Chinhat,26.917151,80.944587,09:04,9,17,29.0,1.61,medium_traffic,1,5
D8,2026-02-20,4,L08,V-Mart Chinhat,26.763974,80.863885,09:50,9,19,37.2,1.69,low_traffic,2,5
D8,2026-02-20,4,L37,HP Store Mahanagar,26.718136,81.02822,10:46,10,35,42.9,1.43,low_traffic,3,5
D8,2026-02-20,4,L27,Third Wave Coffee Mahanagar,26.96097,81.048855,12:03,12,24,26.0,0.93,low_traffic,4,5
D8,2026-02-20,4,L38,Boat Service Chinhat,26.900483,81.005742,12:53,12,46,24.0,0.89,low_traffic,5,5
D8,2026-02-21,5,L27,Third Wave Coffee Mahanagar,26.96097,81.048855,08:22,8,20,12.6,1.58,low_traffic,1,4
D8,2026-02-21,5,L07,More Supermarket Mahanagar,26.933135,80.871408,08:54,8,20,26.8,1.34,low_traffic,2,4
D8,2026-02-21,5,L48,Raymond Shop Chinhat,26.917151,80.944587,09:40,9,26,18.8,1.57,medium_traffic,3,4
D8,2026-02-21,5,L28,Tea Trunk Chinhat,26.872154,81.055887,10:24,10,40,12.8,1.6,low_traffic,4,4
D8,2026-02-23,0,L37,HP Store Mahanagar,26.718136,81.02822,08:02,8,38,24.8,1.38,low_traffic,1,7
D8,2026-02-23,0,L08,V-Mart Chinhat,26.763974,80.863885,09:04,9,21,50.4,1.68,low_traffic,2,7
D8,2026-02-23,0,L17,Apollo Pharmacy Rajajipuram,26.733613,81.06291,10:15,10,24,31.5,1.5,low_traffic,3,7
D8,2026-02-23,0,L18,MedPlus Mahanagar,26.967764,81.026383,11:10,11,19,11.3,0.94,low_traffic,4,7
D8,2026-02-23,0,L07,More Supermarket Mahanagar,26.933135,80.871408,11:40,11,26,25.1,0.93,low_traffic,5,7
D8,2026-02-23,0,L28,Tea Trunk Chinhat,26.872154,81.055887,12:31,12,30,11.8,0.91,low_traffic,6,7
D8,2026-02-23,0,L47,Manyavar Mahanagar,26.914504,80.962132,13:12,13,17,11.9,1.19,medium_traffic,7,7
D8,2026-02-24,1,L17,Apollo Pharmacy Rajajipuram,26.733613,81.06291,08:06,8,33,35.2,1.41,low_traffic,1,7
D8,2026-02-24,1,L37,HP Store Mahanagar,26.718136,81.02822,09:14,9,37,15.6,1.73,low_traffic,2,7
D8,2026-02-24,1,L28,Tea Trunk Chinhat,26.872154,81.055887,10:06,10,41,23.9,1.59,low_traffic,3,7
D8,2026-02-24,1,L27,Third Wave Coffee Mahanagar,26.96097,81.048855,11:10,11,24,10.2,1.02,low_traffic,4,7
D8,2026-02-24,1,L47,Manyavar Mahanagar,26.914504,80.962132,11:44,11,13,10.4,0.87,medium_traffic,5,7
D8,2026-02-24,1,L18,MedPlus Mahanagar,26.967764,81.026383,12:07,12,21,13.5,1.04,low_traffic,6,7
D8,2026-02-24,1,L08,V-Mart Chinhat,26.763974,80.863885,12:41,12,20,14.8,0.87,low_traffic,7,7
D8,2026-02-25,2,L07,More Supermarket Mahanagar,26.933135,80.871408,09:19,9,27,19.2,1.75,low_traffic,1,5
D8,2026-02-25,2,L17,Apollo Pharmacy Rajajipuram,26.733613,81.06291,10:05,10,26,38.2,1.59,low_traffic,2,5
D8,2026-02-25,2,L28,Tea Trunk Chinhat,26.872154,81.055887,11:09,11,30,22.5,0.9,low_traffic,3,5
D8,2026-02-25,2,L48,Raymond Shop Chinhat,26.917151,80.944587,12:01,12,26,15.8,0.93,medium_traffic,4,5
D8,2026-02-25,2,L47,Manyavar Mahanagar,26.914504,80.962132,12:42,12,12,25.5,0.88,medium_traffic,5,5
D8,2026-02-26,3,L38,Boat Service Chinhat,26.900483,81.005742,09:24,9,41,27.5,1.62,low_traffic,1,5
D8,2026-02-26,3,L17,Apollo Pharmacy Rajajipuram,26.733613,81.06291,10:32,10,30,18.4,1.67,low_traffic,2,5
D8,2026-02-26,3,L07,More Supermarket Mahanagar,26.933135,80.871408,11:20,11,18,11.3,0.94,low_traffic,3,5
D8,2026-02-26,3,L48,Raymond Shop Chinhat,26.917151,80.944587,11:49,11,15,11.8,0.91,medium_traffic,4,5
D8,2026-02-26,3,L47,Manyavar Mahanagar,26.914504,80.962132,12:15,12,18,29.1,0.97,medium_traffic,5,5
D8,2026-02-27,4,L47,Manyavar Mahanagar,26.914504,80.962132,08:39,8,24,20.0,1.43,medium_traffic,1,6
D8,2026-02-27,4,L18,MedPlus Mahanagar,26.967764,81.026383,09:23,9,20,30.4,1.79,low_traffic,2,6
D8,2026-02-27,4,L28,Tea Trunk Chinhat,26.872154,81.055887,10:13,10,39,37.0,1.54,low_traffic,3,6
D8,2026-02-27,4,L08,V-Mart Chinhat,26.763974,80.863885,11:29,11,13,30.0,1.0,low_traffic,4,6
D8,2026-02-27,4,L48,Raymond Shop Chinhat,26.917151,80.944587,12:12,12,21,23.5,0.87,medium_traffic,5,6
D8,2026-02-27,4,L07,More Supermarket Mahanagar,26.933135,80.871408,12:56,12,24,18.5,0.88,low_traffic,6,6
D8,2026-02-28,5,L37,HP Store Mahanagar,26.718136,81.02822,08:14,8,39,36.5,1.74,low_traffic,1,5
D8,2026-02-28,5,L27,Third Wave Coffee Mahanagar,26.96097,81.048855,09:29,9,25,39.3,1.31,low_traffic,2,5
D8,2026-02-28,5,L07,More Supermarket Mahanagar,26.933135,80.871408,10:33,10,15,11.0,1.38,low_traffic,3,5
D8,2026-02-28,5,L18,MedPlus Mahanagar,26.967764,81.026383,10:59,10,20,18.2,1.3,low_traffic,4,5
D8,2026-02-28,5,L38,Boat Service Chinhat,26.900483,81.005742,11:37,11,38,15.8,0.88,low_traffic,5,5
D8,2026-03-02,0,L48,Raymond Shop Chinhat,26.917151,80.944587,08:33,8,25,43.8,1.75,medium_traffic,1,8
D8,2026-03-02,0,L38,Boat Service Chinhat,26.900483,81.005742,09:41,9,43,24.7,1.3,low_traffic,2,8
D8,2026-03-02,0,L47,Manyavar Mahanagar,26.914504,80.962132,10:48,10,24,34.4,1.64,medium_traffic,3,8
D8,2026-03-02,0,L18,MedPlus Mahanagar,26.967764,81.026383,11:46,11,21,28.1,0.97,low_traffic,4,8
D8,2026-03-02,0,L28,Tea Trunk Chinhat,26.872154,81.055887,12:35,12,30,25.9,0.96,low_traffic,5,8
D8,2026-03-02,0,L08,V-Mart Chinhat,26.763974,80.863885,13:30,13,20,22.2,1.11,low_traffic,6,8
D8,2026-03-02,0,L27,Third Wave Coffee Mahanagar,26.96097,81.048855,14:12,14,21,16.1,1.24,low_traffic,7,8
D8,2026-03-02,0,L07,More Supermarket Mahanagar,26.933135,80.871408,14:49,14,18,18.8,1.25,low_traffic,8,8
D8,2026-03-03,1,L27,Third Wave Coffee Mahanagar,26.96097,81.048855,09:40,9,22,38.1,1.36,low_traffic,1,6
D8,2026-03-03,1,L07,More Supermarket Mahanagar,26.933135,80.871408,10:40,10,17,35.2,1.76,low_traffic,2,6
D8,2026-03-03,1,L47,Manyavar Mahanagar,26.914504,80.962132,11:32,11,15,10.2,0.93,medium_traffic,3,6
D8,2026-03-03,1,L48,Raymond Shop Chinhat,26.917151,80.944587,11:57,11,26,16.0,0.94,medium_traffic,4,6
D8,2026-03-03,1,L28,Tea Trunk Chinhat,26.872154,81.055887,12:39,12,33,8.7,0.87,low_traffic,5,6
D8,2026-03-03,1,L17,Apollo Pharmacy Rajajipuram,26.733613,81.06291,13:20,13,33,27.1,1.13,low_traffic,6,6
D8,2026-03-04,2,L28,Tea Trunk Chinhat,26.872154,81.055887,09:38,9,38,16.6,1.66,low_traffic,1,6
D8,2026-03-04,2,L18,MedPlus Mahanagar,26.967764,81.026383,10:32,10,21,46.2,1.54,low_traffic,2,6
D8,2026-03-04,2,L38,Boat Service Chinhat,26.900483,81.005742,11:39,11,35,30.0,1.0,low_traffic,3,6
D8,2026-03-04,2,L17,Apollo Pharmacy Rajajipuram,26.733613,81.06291,12:44,12,28,21.4,0.93,low_traffic,4,6
D8,2026-03-04,2,L47,Manyavar Mahanagar,26.914504,80.962132,13:33,13,12,33.0,1.18,medium_traffic,5,6
D8,2026-03-04,2,L08,V-Mart Chinhat,26.763974,80.863885,14:18,14,23,33.0,1.18,low_traffic,6,6
D8,2026-03-05,3,L37,HP Store Mahanagar,26.718136,81.02822,08:04,8,42,35.4,1.61,low_traffic,1,7
D8,2026-03-05,3,L17,Apollo Pharmacy Rajajipuram,26.733613,81.06291,09:21,9,22,31.9,1.52,low_traffic,2,7
D8,2026-03-05,3,L38,Boat Service Chinhat,26.900483,81.005742,10:14,10,46,36.7,1.53,low_traffic,3,7
D8,2026-03-05,3,L28,Tea Trunk Chinhat,26.872154,81.055887,11:36,11,36,22.6,0.87,low_traffic,4,7
D8,2026-03-05,3,L18,MedPlus Mahanagar,26.967764,81.026383,12:34,12,19,24.2,0.97,low_traffic,5,7
D8,2026-03-05,3,L47,Manyavar Mahanagar,26.914504,80.962132,13:17,13,16,34.5,1.15,medium_traffic,6,7
D8,2026-03-05,3,L08,V-Mart Chinhat,26.763974,80.863885,14:07,14,14,26.9,1.17,low_traffic,7,7
D8,2026-03-06,4,L28,Tea Trunk Chinhat,26.872154,81.055887,08:08,8,34,20.4,1.46,low_traffic,1,5
D8,2026-03-06,4,L17,Apollo Pharmacy Rajajipuram,26.733613,81.06291,09:02,9,30,41.9,1.61,low_traffic,2,5
D8,2026-03-06,4,L07,More Supermarket Mahanagar,26.933135,80.871408,10:13,10,20,22.8,1.75,low_traffic,3,5
D8,2026-03-06,4,L47,Manyavar Mahanagar,26.914504,80.962132,10:55,10,16,39.4,1.46,medium_traffic,4,5
D8,2026-03-06,4,L37,HP Store Mahanagar,26.718136,81.02822,11:50,11,43,27.4,0.98,low_traffic,5,5
D8,2026-03-07,5,L08,V-Mart Chinhat,26.763974,80.863885,08:39,8,16,39.3,1.51,low_traffic,1,3
D8,2026-03-07,5,L48,Raymond Shop Chinhat,26.917151,80.944587,09:34,9,23,29.3,1.33,medium_traffic,2,3
D8,2026-03-07,5,L17,Apollo Pharmacy Rajajipuram,26.733613,81.06291,10:26,10,21,37.0,1.61,low_traffic,3,3
D8,2026-03-09,0,L07,More Supermarket Mahanagar,26.933135,80.871408,09:25,9,18,34.6,1.44,low_traffic,1,5
D8,2026-03-09,0,L17,Apollo Pharmacy Rajajipuram,26.733613,81.06291,10:17,10,25,40.8,1.7,low_traffic,2,5
D8,2026-03-09,0,L48,Raymond Shop Chinhat,26.917151,80.944587,11:22,11,17,19.1,0.87,medium_traffic,3,5
D8,2026-03-09,0,L27,Third Wave Coffee Mahanagar,26.96097,81.048855,11:58,11,22,20.0,0.91,low_traffic,4,5
D8,2026-03-09,0,L37,HP Store Mahanagar,26.718136,81.02822,12:40,12,36,18.7,1.04,low_traffic,5,5
D8,2026-03-10,1,L18,MedPlus Mahanagar,26.967764,81.026383,09:00,9,19,22.1,1.7,low_traffic,1,8
D8,2026-03-10,1,L08,V-Mart Chinhat,26.763974,80.863885,09:41,9,12,32.4,1.62,low_traffic,2,8
D8,2026-03-10,1,L28,Tea Trunk Chinhat,26.872154,81.055887,10:25,10,31,19.0,1.46,low_traffic,3,8
D8,2026-03-10,1,L07,More Supermarket Mahanagar,26.933135,80.871408,11:15,11,17,9.2,1.02,low_traffic,4,8
D8,2026-03-10,1,L47,Manyavar Mahanagar,26.914504,80.962132,11:41,11,12,20.5,0.93,medium_traffic,5,8
D8,2026-03-10,1,L27,Third Wave Coffee Mahanagar,26.96097,81.048855,12:13,12,22,15.8,0.93,low_traffic,6,8
D8,2026-03-10,1,L37,HP Store Mahanagar,26.718136,81.02822,12:50,12,33,8.7,0.97,low_traffic,7,8
D8,2026-03-10,1,L17,Apollo Pharmacy Rajajipuram,26.733613,81.06291,13:31,13,25,16.5,1.27,low_traffic,8,8
D8,2026-03-11,2,L37,HP Store Mahanagar,26.718136,81.02822,09:30,9,41,36.2,1.45,low_traffic,1,7
D8,2026-03-11,2,L47,Manyavar Mahanagar,26.914504,80.962132,10:47,10,23,38.3,1.42,medium_traffic,2,7
D8,2026-03-11,2,L27,Third Wave Coffee Mahanagar,26.96097,81.048855,11:48,11,22,10.3,0.94,low_traffic,3,7
D8,2026-03-11,2,L48,Raymond Shop Chinhat,26.917151,80.944587,12:20,12,14,13.8,0.92,medium_traffic,4,7
D8,2026-03-11,2,L07,More Supermarket Mahanagar,26.933135,80.871408,12:47,12,27,19.4,0.88,low_traffic,5,7
D8,2026-03-11,2,L28,Tea Trunk Chinhat,26.872154,81.055887,13:33,13,30,9.4,1.17,low_traffic,6,7
D8,2026-03-11,2,L18,MedPlus Mahanagar,26.967764,81.026383,14:12,14,19,9.9,1.1,low_traffic,7,7
D8,2026-03-12,3,L08,V-Mart Chinhat,26.763974,80.863885,09:18,9,24,21.6,1.35,low_traffic,1,7
D8,2026-03-12,3,L37,HP Store Mahanagar,26.718136,81.02822,10:03,10,41,34.8,1.58,low_traffic,2,7
D8,2026-03-12,3,L07,More Supermarket Mahanagar,26.933135,80.871408,11:18,11,21,16.7,0.98,low_traffic,3,7
D8,2026-03-12,3,L28,Tea Trunk Chinhat,26.872154,81.055887,11:55,11,38,8.5,0.94,low_traffic,4,7
D8,2026-03-12,3,L27,Third Wave Coffee Mahanagar,26.96097,81.048855,12:41,12,24,8.0,1.0,low_traffic,5,7
D8,2026-03-12,3,L38,Boat Service Chinhat,26.900483,81.005742,13:13,13,37,25.8,1.12,low_traffic,6,7
D8,2026-03-12,3,L47,Manyavar Mahanagar,26.914504,80.962132,14:15,14,24,33.0,1.18,medium_traffic,7,7
D8,2026-03-13,4,L08,V-Mart Chinhat,26.763974,80.863885,09:19,9,14,28.3,1.77,low_traffic,1,5
D8,2026-03-13,4,L38,Boat Service Chinhat,26.900483,81.005742,10:01,10,41,14.4,1.6,low_traffic,2,5
D8,2026-03-13,4,L18,MedPlus Mahanagar,26.967764,81.026383,10:56,10,14,44.7,1.54,low_traffic,3,5
D8,2026-03-13,4,L47,Manyavar Mahanagar,26.914504,80.962132,11:54,11,18,26.0,1.04,medium_traffic,4,5
D8,2026-03-13,4,L48,Raymond Shop Chinhat,26.917151,80.944587,12:38,12,16,19.2,1.01,medium_traffic,5,5
D8,2026-03-14,5,L47,Manyavar Mahanagar,26.914504,80.962132,09:08,9,24,30.7,1.46,medium_traffic,1,4
D8,2026-03-14,5,L37,HP Store Mahanagar,26.718136,81.02822,10:02,10,34,18.1,1.39,low_traffic,2,4
D8,2026-03-14,5,L08,V-Mart Chinhat,26.763974,80.863885,10:54,10,15,28.8,1.6,low_traffic,3,4
D8,2026-03-14,5,L28,Tea Trunk Chinhat,26.872154,81.055887,11:37,11,40,24.9,0.89,low_traffic,4,4
D8,2026-03-16,0,L38,Boat Service Chinhat,26.900483,81.005742,09:23,9,41,43.2,1.6,low_traffic,1,7
D8,2026-03-16,0,L08,V-Mart Chinhat,26.763974,80.863885,10:47,10,15,16.1,1.46,low_traffic,2,7
D8,2026-03-16,0,L17,Apollo Pharmacy Rajajipuram,26.733613,81.06291,11:18,11,21,17.3,0.96,low_traffic,3,7
D8,2026-03-16,0,L48,Raymond Shop Chinhat,26.917151,80.944587,11:56,11,16,9.5,0.95,medium_traffic,4,7
D8,2026-03-16,0,L18,MedPlus Mahanagar,26.967764,81.026383,12:21,12,12,17.3,0.91,low_traffic,5,7
D8,2026-03-16,0,L27,Third Wave Coffee Mahanagar,26.96097,81.048855,12:50,12,23,26.1,0.87,low_traffic,6,7
D8,2026-03-16,0,L37,HP Store Mahanagar,26.718136,81.02822,13:39,13,39,16.7,1.11,low_traffic,7,7
D8,2026-03-17,1,L07,More Supermarket Mahanagar,26.933135,80.871408,09:10,9,23,24.2,1.51,low_traffic,1,6
D8,2026-03-17,1,L18,MedPlus Mahanagar,26.967764,81.026383,09:57,9,18,24.3,1.62,low_traffic,2,6
D8,2026-03-17,1,L48,Raymond Shop Chinhat,26.917151,80.944587,10:39,10,25,26.5,1.47,medium_traffic,3,6
D8,2026-03-17,1,L47,Manyavar Mahanagar,26.914504,80.962132,11:30,11,17,24.8,0.99,medium_traffic,4,6
D8,2026-03-17,1,L28,Tea Trunk Chinhat,26.872154,81.055887,12:11,12,40,22.9,0.88,low_traffic,5,6
D8,2026-03-17,1,L37,HP Store Mahanagar,26.718136,81.02822,13:13,13,38,33.6,1.16,low_traffic,6,6
D8,2026-03-18,2,L48,Raymond Shop Chinhat,26.917151,80.944587,09:04,9,22,12.0,1.33,medium_traffic,1,6
D8,2026-03-18,2,L28,Tea Trunk Chinhat,26.872154,81.055887,09:38,9,35,15.6,1.73,low_traffic,2,6
D8,2026-03-18,2,L38,Boat Service Chinhat,26.900483,81.005742,10:28,10,39,14.5,1.45,low_traffic,3,6
D8,2026-03-18,2,L37,HP Store Mahanagar,26.718136,81.02822,11:21,11,37,16.0,0.94,low_traffic,4,6
D8,2026-03-18,2,L27,Third Wave Coffee Mahanagar,26.96097,81.048855,12:14,12,24,17.9,0.94,low_traffic,5,6
D8,2026-03-18,2,L47,Manyavar Mahanagar,26.914504,80.962132,12:55,12,16,10.7,0.89,medium_traffic,6,6
D8,2026-03-19,3,L48,Raymond Shop Chinhat,26.917151,80.944587,09:12,9,17,38.6,1.43,medium_traffic,1,8
D8,2026-03-19,3,L28,Tea Trunk Chinhat,26.872154,81.055887,10:07,10,37,19.8,1.32,low_traffic,2,8
D8,2026-03-19,3,L08,V-Mart Chinhat,26.763974,80.863885,11:03,11,15,7.6,0.95,low_traffic,3,8
D8,2026-03-19,3,L27,Third Wave Coffee Mahanagar,26.96097,81.048855,11:25,11,17,21.4,0.89,low_traffic,4,8
D8,2026-03-19,3,L07,More Supermarket Mahanagar,26.933135,80.871408,12:03,12,26,9.3,0.93,low_traffic,5,8
D8,2026-03-19,3,L37,HP Store Mahanagar,26.718136,81.02822,12:38,12,41,24.9,0.89,low_traffic,6,8
D8,2026-03-19,3,L18,MedPlus Mahanagar,26.967764,81.026383,13:43,13,15,16.6,1.28,low_traffic,7,8
D8,2026-03-19,3,L17,Apollo Pharmacy Rajajipuram,26.733613,81.06291,14:14,14,28,31.0,1.29,low_traffic,8,8
D8,2026-03-20,4,L28,Tea Trunk Chinhat,26.872154,81.055887,09:35,9,40,27.4,1.52,low_traffic,1,6
D8,2026-03-20,4,L27,Third Wave Coffee Mahanagar,26.96097,81.048855,10:42,10,15,17.3,1.33,low_traffic,2,6
D8,2026-03-20,4,L07,More Supermarket Mahanagar,26.933135,80.871408,11:14,11,21,16.0,0.94,low_traffic,3,6
D8,2026-03-20,4,L47,Manyavar Mahanagar,26.914504,80.962132,11:51,11,15,26.7,0.92,medium_traffic,4,6
D8,2026-03-20,4,L37,HP Store Mahanagar,26.718136,81.02822,12:32,12,40,15.6,1.04,low_traffic,5,6
D8,2026-03-20,4,L48,Raymond Shop Chinhat,26.917151,80.944587,13:27,13,14,30.2,1.26,medium_traffic,6,6
D8,2026-03-21,5,L07,More Supermarket Mahanagar,26.933135,80.871408,09:31,9,22,30.8,1.34,low_traffic,1,3
D8,2026-03-21,5,L27,Third Wave Coffee Mahanagar,26.96097,81.048855,10:23,10,23,21.7,1.67,low_traffic,2,3
D8,2026-03-21,5,L47,Manyavar Mahanagar,26.914504,80.962132,11:07,11,13,26.3,1.01,medium_traffic,3,3
D8,2026-03-23,0,L07,More Supermarket Mahanagar,26.933135,80.871408,09:21,9,24,34.6,1.33,low_traffic,1,7
D8,2026-03-23,0,L38,Boat Service Chinhat,26.900483,81.005742,10:19,10,46,12.7,1.59,low_traffic,2,7
D8,2026-03-23,0,L28,Tea Trunk Chinhat,26.872154,81.055887,11:17,11,38,7.7,0.86,low_traffic,3,7
D8,2026-03-23,0,L27,Third Wave Coffee Mahanagar,26.96097,81.048855,12:02,12,21,17.5,0.97,low_traffic,4,7
D8,2026-03-23,0,L08,V-Mart Chinhat,26.763974,80.863885,12:40,12,20,7.2,0.9,low_traffic,5,7
D8,2026-03-23,0,L47,Manyavar Mahanagar,26.914504,80.962132,13:07,13,23,37.1,1.28,medium_traffic,6,7
D8,2026-03-23,0,L17,Apollo Pharmacy Rajajipuram,26.733613,81.06291,14:07,14,32,12.9,1.17,low_traffic,7,7
D8,2026-03-24,1,L07,More Supermarket Mahanagar,26.933135,80.871408,09:37,9,23,19.4,1.49,low_traffic,1,5
D8,2026-03-24,1,L28,Tea Trunk Chinhat,26.872154,81.055887,10:19,10,42,33.4,1.76,low_traffic,2,5
D8,2026-03-24,1,L08,V-Mart Chinhat,26.763974,80.863885,11:34,11,22,18.5,1.03,low_traffic,3,5
D8,2026-03-24,1,L37,HP Store Mahanagar,26.718136,81.02822,12:14,12,45,18.8,0.99,low_traffic,4,5
D8,2026-03-24,1,L48,Raymond Shop Chinhat,26.917151,80.944587,13:17,13,25,28.8,1.2,medium_traffic,5,5
D8,2026-03-25,2,L18,MedPlus Mahanagar,26.967764,81.026383,08:19,8,19,21.8,1.56,low_traffic,1,5
D8,2026-03-25,2,L08,V-Mart Chinhat,26.763974,80.863885,08:59,8,13,35.2,1.6,low_traffic,2,5
D8,2026-03-25,2,L28,Tea Trunk Chinhat,26.872154,81.055887,09:47,9,42,27.5,1.53,low_traffic,3,5
D8,2026-03-25,2,L47,Manyavar Mahanagar,26.914504,80.962132,10:56,10,16,27.0,1.59,medium_traffic,4,5
D8,2026-03-25,2,L37,HP Store Mahanagar,26.718136,81.02822,11:39,11,45,11.4,1.04,low_traffic,5,5
D8,2026-03-26,3,L08,V-Mart Chinhat,26.763974,80.863885,08:11,8,12,46.5,1.66,low_traffic,1,7
D8,2026-03-26,3,L07,More Supermarket Mahanagar,26.933135,80.871408,09:09,9,20,33.6,1.4,low_traffic,2,7
D8,2026-03-26,3,L27,Third Wave Coffee Mahanagar,26.96097,81.048855,10:02,10,15,42.0,1.68,low_traffic,3,7
D8,2026-03-26,3,L48,Raymond Shop Chinhat,26.917151,80.944587,10:59,10,17,43.9,1.69,medium_traffic,4,7
D8,2026-03-26,3,L47,Manyavar Mahanagar,26.914504,80.962132,11:59,11,20,22.3,0.97,medium_traffic,5,7
D8,2026-03-26,3,L17,Apollo Pharmacy Rajajipuram,26.733613,81.06291,12:41,12,30,15.7,0.87,low_traffic,6,7
D8,2026-03-26,3,L38,Boat Service Chinhat,26.900483,81.005742,13:26,13,46,8.8,1.1,low_traffic,7,7
D8,2026-03-27,4,L37,HP Store Mahanagar,26.718136,81.02822,09:37,9,34,26.6,1.4,low_traffic,1,6
D8,2026-03-27,4,L48,Raymond Shop Chinhat,26.917151,80.944587,10:37,10,19,46.7,1.61,medium_traffic,2,6
D8,2026-03-27,4,L08,V-Mart Chinhat,26.763974,80.863885,11:42,11,24,25.0,1.0,low_traffic,3,6
D8,2026-03-27,4,L18,MedPlus Mahanagar,26.967764,81.026383,12:31,12,20,18.7,0.85,low_traffic,4,6
D8,2026-03-27,4,L27,Third Wave Coffee Mahanagar,26.96097,81.048855,13:09,13,19,31.9,1.1,low_traffic,5,6
D8,2026-03-27,4,L07,More Supermarket Mahanagar,26.933135,80.871408,13:59,13,21,33.1,1.14,low_traffic,6,6
D8,2026-03-28,5,L38,Boat Service Chinhat,26.900483,81.005742,09:19,9,40,24.7,1.37,low_traffic,1,3
D8,2026-03-28,5,L27,Third Wave Coffee Mahanagar,26.96097,81.048855,10:23,10,14,28.6,1.36,low_traffic,2,3
D8,2026-03-28,5,L28,Tea Trunk Chinhat,26.872154,81.055887,11:05,11,38,28.8,0.96,low_traffic,3,3
D8,2026-03-30,0,L47,Manyavar Mahanagar,26.914504,80.962132,08:45,8,13,30.6,1.53,medium_traffic,1,7
D8,2026-03-30,0,L28,Tea Trunk Chinhat,26.872154,81.055887,09:28,9,42,52.5,1.75,low_traffic,2,7
D8,2026-03-30,0,L37,HP Store Mahanagar,26.718136,81.02822,11:02,11,36,23.2,1.01,low_traffic,3,7
D8,2026-03-30,0,L18,MedPlus Mahanagar,26.967764,81.026383,12:01,12,11,18.6,0.93,low_traffic,4,7
D8,2026-03-30,0,L08,V-Mart Chinhat,26.763974,80.863885,12:30,12,15,10.3,1.03,low_traffic,5,7
D8,2026-03-30,0,L27,Third Wave Coffee Mahanagar,26.96097,81.048855,12:55,12,25,23.8,0.99,low_traffic,6,7
D8,2026-03-30,0,L07,More Supermarket Mahanagar,26.933135,80.871408,13:43,13,18,31.7,1.22,low_traffic,7,7
D8,2026-03-31,1,L38,Boat Service Chinhat,26.900483,81.005742,09:40,9,45,39.2,1.78,low_traffic,1,6
D8,2026-03-31,1,L18,MedPlus Mahanagar,26.967764,81.026383,11:04,11,14,25.2,0.9,low_traffic,2,6
D8,2026-03-31,1,L17,Apollo Pharmacy Rajajipuram,26.733613,81.06291,11:43,11,24,20.4,1.02,low_traffic,3,6
D8,2026-03-31,1,L47,Manyavar Mahanagar,26.914504,80.962132,12:27,12,14,25.2,0.97,medium_traffic,4,6
D8,2026-03-31,1,L27,Third Wave Coffee Mahanagar,26.96097,81.048855,13:06,13,15,12.9,1.17,low_traffic,5,6
D8,2026-03-31,1,L28,Tea Trunk Chinhat,26.872154,81.055887,13:33,13,36,17.7,1.18,low_traffic,6,6
D8,2026-04-01,2,L47,Manyavar Mahanagar,26.914504,80.962132,09:41,9,17,11.9,1.49,medium_traffic,1,5
D8,2026-04-01,2,L48,Raymond Shop Chinhat,26.917151,80.944587,10:09,10,16,29.9,1.76,medium_traffic,2,5
D8,2026-04-01,2,L07,More Supermarket Mahanagar,26.933135,80.871408,10:54,10,27,31.2,1.56,low_traffic,3,5
D8,2026-04-01,2,L08,V-Mart Chinhat,26.763974,80.863885,11:52,11,23,9.0,0.9,low_traffic,4,5
D8,2026-04-01,2,L17,Apollo Pharmacy Rajajipuram,26.733613,81.06291,12:24,12,21,9.9,0.99,low_traffic,5,5
D8,2026-04-02,3,L07,More Supermarket Mahanagar,26.933135,80.871408,08:23,8,18,16.0,1.78,low_traffic,1,5
D8,2026-04-02,3,L37,HP Store Mahanagar,26.718136,81.02822,08:57,8,33,40.8,1.63,low_traffic,2,5
D8,2026-04-02,3,L18,MedPlus Mahanagar,26.967764,81.026383,10:10,10,9,19.2,1.37,low_traffic,3,5
D8,2026-04-02,3,L47,Manyavar Mahanagar,26.914504,80.962132,10:38,10,18,32.9,1.43,medium_traffic,4,5
D8,2026-04-02,3,L27,Third Wave Coffee Mahanagar,26.96097,81.048855,11:28,11,22,10.7,0.89,low_traffic,5,5
D8,2026-04-03,4,L08,V-Mart Chinhat,26.763974,80.863885,08:01,8,24,41.3,1.59,low_traffic,1,5
D8,2026-04-03,4,L18,MedPlus Mahanagar,26.967764,81.026383,09:06,9,15,30.4,1.32,low_traffic,2,5
D8,2026-04-03,4,L27,Third Wave Coffee Mahanagar,26.96097,81.048855,09:51,9,23,41.5,1.43,low_traffic,3,5
D8,2026-04-03,4,L17,Apollo Pharmacy Rajajipuram,26.733613,81.06291,10:55,10,21,48.3,1.61,low_traffic,4,5
D8,2026-04-03,4,L28,Tea Trunk Chinhat,26.872154,81.055887,12:04,12,38,12.5,0.96,low_traffic,5,5
D8,2026-04-04,5,L17,Apollo Pharmacy Rajajipuram,26.733613,81.06291,09:34,9,23,36.7,1.67,low_traffic,1,5
D8,2026-04-04,5,L37,HP Store Mahanagar,26.718136,81.02822,10:33,10,40,18.9,1.72,low_traffic,2,5
D8,2026-04-04,5,L07,More Supermarket Mahanagar,26.933135,80.871408,11:31,11,15,12.6,0.9,low_traffic,3,5
D8,2026-04-04,5,L48,Raymond Shop Chinhat,26.917151,80.944587,11:58,11,26,20.6,0.98,medium_traffic,4,5
D8,2026-04-04,5,L08,V-Mart Chinhat,26.763974,80.863885,12:44,12,13,24.0,0.96,low_traffic,5,5
D8,2026-04-06,0,L37,HP Store Mahanagar,26.718136,81.02822,08:35,8,44,42.8,1.53,low_traffic,1,5
D8,2026-04-06,0,L38,Boat Service Chinhat,26.900483,81.005742,10:01,10,38,35.5,1.48,low_traffic,2,5
D8,2026-04-06,0,L08,V-Mart Chinhat,26.763974,80.863885,11:14,11,18,14.0,1.0,low_traffic,3,5
D8,2026-04-06,0,L28,Tea Trunk Chinhat,26.872154,81.055887,11:46,11,37,20.9,0.91,low_traffic,4,5
D8,2026-04-06,0,L48,Raymond Shop Chinhat,26.917151,80.944587,12:43,12,15,13.6,0.85,medium_traffic,5,5
D8,2026-04-07,1,L08,V-Mart Chinhat,26.763974,80.863885,08:25,8,24,21.9,1.37,low_traffic,1,6
D8,2026-04-07,1,L18,MedPlus Mahanagar,26.967764,81.026383,09:10,9,13,12.4,1.38,low_traffic,2,6
D8,2026-04-07,1,L38,Boat Service Chinhat,26.900483,81.005742,09:35,9,38,17.3,1.33,low_traffic,3,6
D8,2026-04-07,1,L37,HP Store Mahanagar,26.718136,81.02822,10:30,10,33,47.2,1.75,low_traffic,4,6
D8,2026-04-07,1,L47,Manyavar Mahanagar,26.914504,80.962132,11:50,11,19,18.8,0.99,medium_traffic,5,6
D8,2026-04-07,1,L28,Tea Trunk Chinhat,26.872154,81.055887,12:27,12,34,7.5,0.94,low_traffic,6,6
D8,2026-04-08,2,L48,Raymond Shop Chinhat,26.917151,80.944587,08:17,8,22,22.4,1.49,medium_traffic,1,7
D8,2026-04-08,2,L47,Manyavar Mahanagar,26.914504,80.962132,09:01,9,21,14.6,1.62,medium_traffic,2,7
D8,2026-04-08,2,L28,Tea Trunk Chinhat,26.872154,81.055887,09:36,9,34,41.6,1.54,low_traffic,3,7
D8,2026-04-08,2,L27,Third Wave Coffee Mahanagar,26.96097,81.048855,10:51,10,16,37.8,1.35,low_traffic,4,7
D8,2026-04-08,2,L37,HP Store Mahanagar,26.718136,81.02822,11:44,11,41,14.1,0.88,low_traffic,5,7
D8,2026-04-08,2,L18,MedPlus Mahanagar,26.967764,81.026383,12:39,12,18,8.3,1.04,low_traffic,6,7
D8,2026-04-08,2,L08,V-Mart Chinhat,26.763974,80.863885,13:05,13,19,31.2,1.25,low_traffic,7,7
D8,2026-04-09,3,L37,HP Store Mahanagar,26.718136,81.02822,09:09,9,37,11.1,1.39,low_traffic,1,6
D8,2026-04-09,3,L38,Boat Service Chinhat,26.900483,81.005742,09:57,9,45,51.6,1.72,low_traffic,2,6
D8,2026-04-09,3,L07,More Supermarket Mahanagar,26.933135,80.871408,11:33,11,21,12.7,0.98,low_traffic,3,6
D8,2026-04-09,3,L27,Third Wave Coffee Mahanagar,26.96097,81.048855,12:06,12,23,21.8,0.87,low_traffic,4,6
D8,2026-04-09,3,L08,V-Mart Chinhat,26.763974,80.863885,12:50,12,16,12.0,0.86,low_traffic,5,6
D8,2026-04-09,3,L28,Tea Trunk Chinhat,26.872154,81.055887,13:18,13,31,24.8,1.18,low_traffic,6,6
D8,2026-04-10,4,L27,Third Wave Coffee Mahanagar,26.96097,81.048855,08:09,8,23,15.2,1.69,low_traffic,1,8
D8,2026-04-10,4,L18,MedPlus Mahanagar,26.967764,81.026383,08:47,8,15,22.1,1.47,low_traffic,2,8
D8,2026-04-10,4,L08,V-Mart Chinhat,26.763974,80.863885,09:24,9,23,36.8,1.75,low_traffic,3,8
D8,2026-04-10,4,L48,Raymond Shop Chinhat,26.917151,80.944587,10:23,10,19,35.6,1.37,medium_traffic,4,8
D8,2026-04-10,4,L47,Manyavar Mahanagar,26.914504,80.962132,11:17,11,21,22.2,0.89,medium_traffic,5,8
D8,2026-04-10,4,L17,Apollo Pharmacy Rajajipuram,26.733613,81.06291,12:00,12,28,15.5,0.86,low_traffic,6,8
D8,2026-04-10,4,L38,Boat Service Chinhat,26.900483,81.005742,12:43,12,35,17.1,0.95,low_traffic,7,8
D8,2026-04-10,4,L28,Tea Trunk Chinhat,26.872154,81.055887,13:35,13,33,25.5,1.11,low_traffic,8,8
D8,2026-04-11,5,L47,Manyavar Mahanagar,26.914504,80.962132,08:41,8,13,19.9,1.53,medium_traffic,1,3
D8,2026-04-11,5,L27,Third Wave Coffee Mahanagar,26.96097,81.048855,09:13,9,20,33.8,1.35,low_traffic,2,3
D8,2026-04-11,5,L28,Tea Trunk Chinhat,26.872154,81.055887,10:06,10,37,37.9,1.58,low_traffic,3,3
D8,2026-04-13,0,L47,Manyavar Mahanagar,26.914504,80.962132,09:07,9,21,19.8,1.8,medium_traffic,1,5
D8,2026-04-13,0,L37,HP Store Mahanagar,26.718136,81.02822,09:47,9,40,13.8,1.38,low_traffic,2,5
D8,2026-04-13,0,L48,Raymond Shop Chinhat,26.917151,80.944587,10:40,10,18,37.8,1.72,medium_traffic,3,5
D8,2026-04-13,0,L38,Boat Service Chinhat,26.900483,81.005742,11:35,11,35,19.1,0.91,low_traffic,4,5
D8,2026-04-13,0,L08,V-Mart Chinhat,26.763974,80.863885,12:29,12,15,12.6,1.05,low_traffic,5,5
D8,2026-04-14,1,L08,V-Mart Chinhat,26.763974,80.863885,09:11,9,16,36.7,1.41,low_traffic,1,7
D8,2026-04-14,1,L18,MedPlus Mahanagar,26.967764,81.026383,10:03,10,20,20.2,1.68,low_traffic,2,7
D8,2026-04-14,1,L48,Raymond Shop Chinhat,26.917151,80.944587,10:43,10,25,51.0,1.76,medium_traffic,3,7
D8,2026-04-14,1,L37,HP Store Mahanagar,26.718136,81.02822,11:59,11,37,13.6,0.85,low_traffic,4,7
D8,2026-04-14,1,L07,More Supermarket Mahanagar,26.933135,80.871408,12:49,12,27,22.0,1.0,low_traffic,5,7
D8,2026-04-14,1,L17,Apollo Pharmacy Rajajipuram,26.733613,81.06291,13:38,13,27,16.5,1.27,low_traffic,6,7
D8,2026-04-14,1,L28,Tea Trunk Chinhat,26.872154,81.055887,14:21,14,40,17.1,1.22,low_traffic,7,7
D8,2026-04-15,2,L27,Third Wave Coffee Mahanagar,26.96097,81.048855,09:38,9,14,42.8,1.71,low_traffic,1,6
D8,2026-04-15,2,L48,Raymond Shop Chinhat,26.917151,80.944587,10:34,10,16,51.9,1.79,medium_traffic,2,6
D8,2026-04-15,2,L47,Manyavar Mahanagar,26.914504,80.962132,11:41,11,23,17.1,0.9,medium_traffic,3,6
D8,2026-04-15,2,L37,HP Store Mahanagar,26.718136,81.02822,12:21,12,38,23.0,0.92,low_traffic,4,6
D8,2026-04-15,2,L28,Tea Trunk Chinhat,26.872154,81.055887,13:22,13,32,10.1,1.12,low_traffic,5,6
D8,2026-04-15,2,L17,Apollo Pharmacy Rajajipuram,26.733613,81.06291,14:04,14,31,29.1,1.12,low_traffic,6,6
D8,2026-04-16,3,L07,More Supermarket Mahanagar,26.933135,80.871408,09:16,9,27,32.3,1.54,low_traffic,1,5
D8,2026-04-16,3,L18,MedPlus Mahanagar,26.967764,81.026383,10:15,10,19,41.8,1.74,low_traffic,2,5
D8,2026-04-16,3,L27,Third Wave Coffee Mahanagar,26.96097,81.048855,11:15,11,21,13.0,0.93,low_traffic,3,5
D8,2026-04-16,3,L48,Raymond Shop Chinhat,26.917151,80.944587,11:49,11,14,8.4,0.93,medium_traffic,4,5
D8,2026-04-16,3,L47,Manyavar Mahanagar,26.914504,80.962132,12:11,12,16,15.2,0.95,medium_traffic,5,5
D8,2026-04-17,4,L17,Apollo Pharmacy Rajajipuram,26.733613,81.06291,08:31,8,23,37.7,1.45,low_traffic,1,8
D8,2026-04-17,4,L18,MedPlus Mahanagar,26.967764,81.026383,09:31,9,9,22.8,1.34,low_traffic,2,8
D8,2026-04-17,4,L27,Third Wave Coffee Mahanagar,26.96097,81.048855,10:02,10,25,34.6,1.33,low_traffic,3,8
D8,2026-04-17,4,L38,Boat Service Chinhat,26.900483,81.005742,11:01,11,47,24.0,1.0,low_traffic,4,8
D8,2026-04-17,4,L48,Raymond Shop Chinhat,26.917151,80.944587,12:12,12,20,14.4,1.03,medium_traffic,5,8
D8,2026-04-17,4,L08,V-Mart Chinhat,26.763974,80.863885,12:46,12,14,27.2,0.97,low_traffic,6,8
D8,2026-04-17,4,L28,Tea Trunk Chinhat,26.872154,81.055887,13:27,13,33,22.9,1.27,low_traffic,7,8
D8,2026-04-17,4,L37,HP Store Mahanagar,26.718136,81.02822,14:22,14,41,18.6,1.16,low_traffic,8,8
D8,2026-04-18,5,L18,MedPlus Mahanagar,26.967764,81.026383,09:17,9,20,18.2,1.52,low_traffic,1,4
D8,2026-04-18,5,L37,HP Store Mahanagar,26.718136,81.02822,09:55,9,34,22.5,1.73,low_traffic,2,4
D8,2026-04-18,5,L27,Third Wave Coffee Mahanagar,26.96097,81.048855,10:51,10,25,25.2,1.8,low_traffic,3,4
D8,2026-04-18,5,L08,V-Mart Chinhat,26.763974,80.863885,11:41,11,23,29.0,1.0,low_traffic,4,4
D8,2026-04-20,0,L47,Manyavar Mahanagar,26.914504,80.962132,08:35,8,24,23.4,1.56,medium_traffic,1,6
D8,2026-04-20,0,L27,Third Wave Coffee Mahanagar,26.96097,81.048855,09:22,9,20,43.5,1.45,low_traffic,2,6
D8,2026-04-20,0,L37,HP Store Mahanagar,26.718136,81.02822,10:25,10,34,39.8,1.53,low_traffic,3,6
D8,2026-04-20,0,L18,MedPlus Mahanagar,26.967764,81.026383,11:38,11,17,7.8,0.97,low_traffic,4,6
D8,2026-04-20,0,L28,Tea Trunk Chinhat,26.872154,81.055887,12:02,12,31,24.7,0.95,low_traffic,5,6
D8,2026-04-20,0,L17,Apollo Pharmacy Rajajipuram,26.733613,81.06291,12:57,12,27,9.6,0.87,low_traffic,6,6
D8,2026-04-21,1,L27,Third Wave Coffee Mahanagar,26.96097,81.048855,08:29,8,24,43.4,1.67,low_traffic,1,5
D8,2026-04-21,1,L37,HP Store Mahanagar,26.718136,81.02822,09:36,9,44,40.8,1.57,low_traffic,2,5
D8,2026-04-21,1,L48,Raymond Shop Chinhat,26.917151,80.944587,11:00,11,23,28.2,0.94,medium_traffic,3,5
D8,2026-04-21,1,L28,Tea Trunk Chinhat,26.872154,81.055887,11:51,11,38,6.9,0.86,low_traffic,4,5
D8,2026-04-21,1,L38,Boat Service Chinhat,26.900483,81.005742,12:35,12,39,18.2,1.01,low_traffic,5,5
D8,2026-04-22,2,L47,Manyavar Mahanagar,26.914504,80.962132,09:43,9,13,29.6,1.41,medium_traffic,1,5
D8,2026-04-22,2,L48,Raymond Shop Chinhat,26.917151,80.944587,10:25,10,21,26.2,1.75,medium_traffic,2,5
D8,2026-04-22,2,L08,V-Mart Chinhat,26.763974,80.863885,11:12,11,20,9.6,0.87,low_traffic,3,5
D8,2026-04-22,2,L07,More Supermarket Mahanagar,26.933135,80.871408,11:41,11,16,18.5,1.03,low_traffic,4,5
D8,2026-04-22,2,L17,Apollo Pharmacy Rajajipuram,26.733613,81.06291,12:15,12,31,24.5,0.98,low_traffic,5,5
D8,2026-04-23,3,L37,HP Store Mahanagar,26.718136,81.02822,09:42,9,36,24.9,1.31,low_traffic,1,7
D8,2026-04-23,3,L38,Boat Service Chinhat,26.900483,81.005742,10:42,10,39,21.9,1.46,low_traffic,2,7
D8,2026-04-23,3,L07,More Supermarket Mahanagar,26.933135,80.871408,11:42,11,22,7.4,0.93,low_traffic,3,7
D8,2026-04-23,3,L17,Apollo Pharmacy Rajajipuram,26.733613,81.06291,12:11,12,30,23.7,0.91,low_traffic,4,7
D8,2026-04-23,3,L28,Tea Trunk Chinhat,26.872154,81.055887,13:04,13,39,20.7,1.22,low_traffic,5,7
D8,2026-04-23,3,L48,Raymond Shop Chinhat,26.917151,80.944587,14:03,14,20,20.5,1.28,medium_traffic,6,7
D8,2026-04-23,3,L18,MedPlus Mahanagar,26.967764,81.026383,14:43,14,20,14.3,1.19,low_traffic,7,7
D8,2026-04-24,4,L37,HP Store Mahanagar,26.718136,81.02822,08:08,8,40,39.1,1.63,low_traffic,1,5
D8,2026-04-24,4,L47,Manyavar Mahanagar,26.914504,80.962132,09:27,9,12,27.2,1.6,medium_traffic,2,5
D8,2026-04-24,4,L18,MedPlus Mahanagar,26.967764,81.026383,10:06,10,11,27.4,1.37,low_traffic,3,5
D8,2026-04-24,4,L48,Raymond Shop Chinhat,26.917151,80.944587,10:44,10,22,25.1,1.32,medium_traffic,4,5
D8,2026-04-24,4,L38,Boat Service Chinhat,26.900483,81.005742,11:31,11,39,23.7,1.03,low_traffic,5,5
D8,2026-04-25,5,L48,Raymond Shop Chinhat,26.917151,80.944587,08:22,8,14,14.4,1.8,medium_traffic,1,5
D8,2026-04-25,5,L07,More Supermarket Mahanagar,26.933135,80.871408,08:50,8,24,18.8,1.45,low_traffic,2,5
D8,2026-04-25,5,L47,Manyavar Mahanagar,26.914504,80.962132,09:32,9,14,33.8,1.35,medium_traffic,3,5
D8,2026-04-25,5,L37,HP Store Mahanagar,26.718136,81.02822,10:19,10,34,28.4,1.58,low_traffic,4,5
D8,2026-04-25,5,L18,MedPlus Mahanagar,26.967764,81.026383,11:21,11,15,27.8,0.96,low_traffic,5,5
D8,2026-04-27,0,L17,Apollo Pharmacy Rajajipuram,26.733613,81.06291,08:29,8,21,24.0,1.6,low_traffic,1,5
D8,2026-04-27,0,L18,MedPlus Mahanagar,26.967764,81.026383,09:14,9,9,30.0,1.43,low_traffic,2,5
D8,2026-04-27,0,L28,Tea Trunk Chinhat,26.872154,81.055887,09:53,9,38,16.0,1.33,low_traffic,3,5
D8,2026-04-27,0,L37,HP Store Mahanagar,26.718136,81.02822,10:47,10,40,17.0,1.42,low_traffic,4,5
D8,2026-04-27,0,L48,Raymond Shop Chinhat,26.917151,80.944587,11:44,11,25,8.7,0.87,medium_traffic,5,5
D8,2026-04-28,1,L08,V-Mart Chinhat,26.763974,80.863885,09:00,9,18,32.6,1.55,low_traffic,1,6
D8,2026-04-28,1,L48,Raymond Shop Chinhat,26.917151,80.944587,09:50,9,26,25.2,1.68,medium_traffic,2,6
D8,2026-04-28,1,L47,Manyavar Mahanagar,26.914504,80.962132,10:41,10,16,28.0,1.75,medium_traffic,3,6
D8,2026-04-28,1,L17,Apollo Pharmacy Rajajipuram,26.733613,81.06291,11:25,11,25,8.4,0.93,low_traffic,4,6
D8,2026-04-28,1,L28,Tea Trunk Chinhat,26.872154,81.055887,11:58,11,37,11.8,0.98,low_traffic,5,6
D8,2026-04-28,1,L38,Boat Service Chinhat,26.900483,81.005742,12:46,12,45,14.0,0.93,low_traffic,6,6
D8,2026-04-29,2,L48,Raymond Shop Chinhat,26.917151,80.944587,09:40,9,21,30.4,1.79,medium_traffic,1,7
D8,2026-04-29,2,L37,HP Store Mahanagar,26.718136,81.02822,10:31,10,36,27.5,1.72,low_traffic,2,7
D8,2026-04-29,2,L08,V-Mart Chinhat,26.763974,80.863885,11:34,11,13,19.3,0.92,low_traffic,3,7
D8,2026-04-29,2,L28,Tea Trunk Chinhat,26.872154,81.055887,12:06,12,38,19.9,0.95,low_traffic,4,7
D8,2026-04-29,2,L27,Third Wave Coffee Mahanagar,26.96097,81.048855,13:03,13,26,20.3,1.13,low_traffic,5,7
D8,2026-04-29,2,L38,Boat Service Chinhat,26.900483,81.005742,13:49,13,37,32.5,1.12,low_traffic,6,7
D8,2026-04-29,2,L47,Manyavar Mahanagar,26.914504,80.962132,14:58,14,14,36.8,1.27,medium_traffic,7,7
D8,2026-04-30,3,L38,Boat Service Chinhat,26.900483,81.005742,08:08,8,44,14.4,1.44,low_traffic,1,8
D8,2026-04-30,3,L17,Apollo Pharmacy Rajajipuram,26.733613,81.06291,09:06,9,29,36.5,1.74,low_traffic,2,8
D8,2026-04-30,3,L47,Manyavar Mahanagar,26.914504,80.962132,10:11,10,24,24.3,1.52,medium_traffic,3,8
D8,2026-04-30,3,L27,Third Wave Coffee Mahanagar,26.96097,81.048855,10:59,10,21,37.0,1.61,low_traffic,4,8
D8,2026-04-30,3,L08,V-Mart Chinhat,26.763974,80.863885,11:57,11,14,29.6,1.02,low_traffic,5,8
D8,2026-04-30,3,L37,HP Store Mahanagar,26.718136,81.02822,12:40,12,36,27.2,0.97,low_traffic,6,8
D8,2026-04-30,3,L48,Raymond Shop Chinhat,26.917151,80.944587,13:43,13,20,10.5,1.17,medium_traffic,7,8
D8,2026-04-30,3,L18,MedPlus Mahanagar,26.967764,81.026383,14:13,14,21,14.2,1.29,low_traffic,8,8
D9,2026-01-02,4,L33,Reliance Digital Aliganj,26.789743,80.957301,09:03,9,26,30.4,1.45,medium_traffic,1,7
D9,2026-01-02,4,L03,Reliance Fresh Aliganj,26.757265,80.856759,09:59,9,10,42.0,1.68,low_traffic,2,7
D9,2026-01-02,4,L49,Bata Showroom Golf City,26.852611,80.927361,10:51,10,33,21.2,1.77,high_traffic,3,7
D9,2026-01-02,4,L23,Bread Talk Aliganj,26.783983,80.988456,11:45,11,30,25.8,0.92,low_traffic,4,7
D9,2026-01-02,4,L09,Vishal Mega Mart Golf City,26.795803,80.952637,12:40,12,42,27.5,1.02,medium_traffic,5,7
D9,2026-01-02,4,L19,Netmeds Hub Chinhat,26.7959,80.841595,13:49,13,13,16.2,1.25,low_traffic,6,7
D9,2026-01-02,4,L13,Swiggy Dark Store Gomti Extension,26.835278,81.020346,14:18,14,36,14.9,1.15,medium_traffic,7,7
D9,2026-01-03,5,L29,Restaurant Depot Golf City,26.739708,80.867156,08:29,8,34,41.2,1.42,low_traffic,1,4
D9,2026-01-03,5,L23,Bread Talk Aliganj,26.783983,80.988456,09:44,9,29,21.3,1.42,low_traffic,2,4
D9,2026-01-03,5,L39,Noise Hub Golf City,26.91723,80.835452,10:34,10,16,27.9,1.64,low_traffic,3,4
D9,2026-01-03,5,L33,Reliance Digital Aliganj,26.789743,80.957301,11:17,11,27,24.5,1.02,medium_traffic,4,4
D9,2026-01-05,0,L09,Vishal Mega Mart Golf City,26.795803,80.952637,09:01,9,32,16.2,1.47,medium_traffic,1,6
D9,2026-01-05,0,L23,Bread Talk Aliganj,26.783983,80.988456,09:49,9,25,23.4,1.8,low_traffic,2,6
D9,2026-01-05,0,L49,Bata Showroom Golf City,26.852611,80.927361,10:37,10,36,26.2,1.38,high_traffic,3,6
D9,2026-01-05,0,L03,Reliance Fresh Aliganj,26.757265,80.856759,11:39,11,9,14.2,0.89,low_traffic,4,6
D9,2026-01-05,0,L19,Netmeds Hub Chinhat,26.7959,80.841595,12:02,12,11,13.1,1.01,low_traffic,5,6
D9,2026-01-05,0,L33,Reliance Digital Aliganj,26.789743,80.957301,12:26,12,26,11.2,1.02,medium_traffic,6,6
D9,2026-01-06,1,L23,Bread Talk Aliganj,26.783983,80.988456,08:03,8,35,12.6,1.4,low_traffic,1,8
D9,2026-01-06,1,L39,Noise Hub Golf City,26.91723,80.835452,08:50,8,15,37.8,1.4,low_traffic,2,8
D9,2026-01-06,1,L29,Restaurant Depot Golf City,26.739708,80.867156,09:42,9,37,41.1,1.58,low_traffic,3,8
D9,2026-01-06,1,L09,Vishal Mega Mart Golf City,26.795803,80.952637,11:00,11,32,8.7,0.97,medium_traffic,4,8
D9,2026-01-06,1,L33,Reliance Digital Aliganj,26.789743,80.957301,11:40,11,15,13.9,0.87,medium_traffic,5,8
D9,2026-01-06,1,L13,Swiggy Dark Store Gomti Extension,26.835278,81.020346,12:08,12,40,14.6,1.04,medium_traffic,6,8
D9,2026-01-06,1,L49,Bata Showroom Golf City,26.852611,80.927361,13:02,13,33,29.4,1.28,high_traffic,7,8
D9,2026-01-06,1,L19,Netmeds Hub Chinhat,26.7959,80.841595,14:04,14,15,34.5,1.15,low_traffic,8,8
D9,2026-01-07,2,L23,Bread Talk Aliganj,26.783983,80.988456,08:32,8,34,37.2,1.43,low_traffic,1,5
D9,2026-01-07,2,L13,Swiggy Dark Store Gomti Extension,26.835278,81.020346,09:43,9,43,40.3,1.44,medium_traffic,2,5
D9,2026-01-07,2,L43,Lifestyle Store Aliganj,26.797555,80.900748,11:06,11,35,18.2,1.01,medium_traffic,3,5
D9,2026-01-07,2,L33,Reliance Digital Aliganj,26.789743,80.957301,11:59,11,16,28.8,1.03,medium_traffic,4,5
D9,2026-01-07,2,L39,Noise Hub Golf City,26.91723,80.835452,12:43,12,13,19.1,0.87,low_traffic,5,5
D9,2026-01-08,3,L29,Restaurant Depot Golf City,26.739708,80.867156,08:30,8,37,30.1,1.37,low_traffic,1,6
D9,2026-01-08,3,L13,Swiggy Dark Store Gomti Extension,26.835278,81.020346,09:37,9,39,50.4,1.68,medium_traffic,2,6
D9,2026-01-08,3,L43,Lifestyle Store Aliganj,26.797555,80.900748,11:06,11,31,19.7,0.94,medium_traffic,3,6
D9,2026-01-08,3,L33,Reliance Digital Aliganj,26.789743,80.957301,11:56,11,26,23.5,0.94,medium_traffic,4,6
D9,2026-01-08,3,L19,Netmeds Hub Chinhat,26.7959,80.841595,12:45,12,15,25.6,0.95,low_traffic,5,6
D9,2026-01-08,3,L03,Reliance Fresh Aliganj,26.757265,80.856759,13:25,13,10,15.6,1.3,low_traffic,6,6
D9,2026-01-09,4,L29,Restaurant Depot Golf City,26.739708,80.867156,08:02,8,36,31.9,1.52,low_traffic,1,6
D9,2026-01-09,4,L23,Bread Talk Aliganj,26.783983,80.988456,09:09,9,26,13.8,1.73,low_traffic,2,6
D9,2026-01-09,4,L09,Vishal Mega Mart Golf City,26.795803,80.952637,09:48,9,31,42.5,1.7,medium_traffic,3,6
D9,2026-01-09,4,L13,Swiggy Dark Store Gomti Extension,26.835278,81.020346,11:01,11,44,29.4,0.98,medium_traffic,4,6
D9,2026-01-09,4,L03,Reliance Fresh Aliganj,26.757265,80.856759,12:14,12,15,17.5,0.92,low_traffic,5,6
D9,2026-01-09,4,L39,Noise Hub Golf City,26.91723,80.835452,12:46,12,8,24.5,1.02,low_traffic,6,6
D9,2026-01-10,5,L29,Restaurant Depot Golf City,26.739708,80.867156,08:25,8,37,31.8,1.59,low_traffic,1,3
D9,2026-01-10,5,L49,Bata Showroom Golf City,26.852611,80.927361,09:33,9,40,32.6,1.63,high_traffic,2,3
D9,2026-01-10,5,L03,Reliance Fresh Aliganj,26.757265,80.856759,10:45,10,12,32.6,1.48,low_traffic,3,3
D9,2026-01-12,0,L43,Lifestyle Store Aliganj,26.797555,80.900748,08:36,8,41,32.7,1.72,medium_traffic,1,8
D9,2026-01-12,0,L09,Vishal Mega Mart Golf City,26.795803,80.952637,09:49,9,32,20.0,1.67,medium_traffic,2,8
D9,2026-01-12,0,L13,Swiggy Dark Store Gomti Extension,26.835278,81.020346,10:41,10,42,16.1,1.46,medium_traffic,3,8
D9,2026-01-12,0,L39,Noise Hub Golf City,26.91723,80.835452,11:39,11,14,12.4,1.03,low_traffic,4,8
D9,2026-01-12,0,L23,Bread Talk Aliganj,26.783983,80.988456,12:05,12,24,19.8,0.86,low_traffic,5,8
D9,2026-01-12,0,L33,Reliance Digital Aliganj,26.789743,80.957301,12:48,12,15,16.9,0.89,medium_traffic,6,8
D9,2026-01-12,0,L49,Bata Showroom Golf City,26.852611,80.927361,13:19,13,40,36.4,1.3,high_traffic,7,8
D9,2026-01-12,0,L19,Netmeds Hub Chinhat,26.7959,80.841595,14:35,14,12,16.2,1.25,low_traffic,8,8
D9,2026-01-13,1,L09,Vishal Mega Mart Golf City,26.795803,80.952637,08:01,8,42,14.4,1.31,medium_traffic,1,6
D9,2026-01-13,1,L03,Reliance Fresh Aliganj,26.757265,80.856759,08:57,8,8,15.1,1.51,low_traffic,2,6
D9,2026-01-13,1,L29,Restaurant Depot Golf City,26.739708,80.867156,09:20,9,28,21.9,1.46,low_traffic,3,6
D9,2026-01-13,1,L19,Netmeds Hub Chinhat,26.7959,80.841595,10:09,10,9,26.0,1.37,low_traffic,4,6
D9,2026-01-13,1,L23,Bread Talk Aliganj,26.783983,80.988456,10:44,10,36,28.3,1.49,low_traffic,5,6
D9,2026-01-13,1,L49,Bata Showroom Golf City,26.852611,80.927361,11:48,11,38,25.2,1.01,high_traffic,6,6
D9,2026-01-14,2,L49,Bata Showroom Golf City,26.852611,80.927361,08:00,8,44,16.1,1.46,high_traffic,1,7
D9,2026-01-14,2,L03,Reliance Fresh Aliganj,26.757265,80.856759,09:00,9,14,33.1,1.44,low_traffic,2,7
D9,2026-01-14,2,L29,Restaurant Depot Golf City,26.739708,80.867156,09:47,9,35,17.2,1.43,low_traffic,3,7
D9,2026-01-14,2,L13,Swiggy Dark Store Gomti Extension,26.835278,81.020346,10:39,10,48,40.3,1.55,medium_traffic,4,7
D9,2026-01-14,2,L23,Bread Talk Aliganj,26.783983,80.988456,12:07,12,29,10.2,0.93,low_traffic,5,7
D9,2026-01-14,2,L43,Lifestyle Store Aliganj,26.797555,80.900748,12:46,12,35,23.5,0.94,medium_traffic,6,7
D9,2026-01-14,2,L09,Vishal Mega Mart Golf City,26.795803,80.952637,13:44,13,33,12.8,1.16,medium_traffic,7,7
D9,2026-01-15,3,L39,Noise Hub Golf City,26.91723,80.835452,09:32,9,12,25.7,1.35,low_traffic,1,5
D9,2026-01-15,3,L33,Reliance Digital Aliganj,26.789743,80.957301,10:09,10,15,38.6,1.38,medium_traffic,2,5
D9,2026-01-15,3,L23,Bread Talk Aliganj,26.783983,80.988456,11:02,11,31,27.0,1.0,low_traffic,3,5
D9,2026-01-15,3,L43,Lifestyle Store Aliganj,26.797555,80.900748,12:00,12,30,17.6,0.88,medium_traffic,4,5
D9,2026-01-15,3,L13,Swiggy Dark Store Gomti Extension,26.835278,81.020346,12:47,12,42,15.0,0.88,medium_traffic,5,5
D9,2026-01-16,4,L39,Noise Hub Golf City,26.91723,80.835452,08:01,8,16,13.8,1.53,low_traffic,1,7
D9,2026-01-16,4,L09,Vishal Mega Mart Golf City,26.795803,80.952637,08:30,8,37,29.1,1.53,medium_traffic,2,7
D9,2026-01-16,4,L49,Bata Showroom Golf City,26.852611,80.927361,09:36,9,39,47.6,1.7,high_traffic,3,7
D9,2026-01-16,4,L23,Bread Talk Aliganj,26.783983,80.988456,11:02,11,36,26.9,0.96,low_traffic,4,7
D9,2026-01-16,4,L03,Reliance Fresh Aliganj,26.757265,80.856759,12:04,12,19,26.1,0.9,low_traffic,5,7
D9,2026-01-16,4,L13,Swiggy Dark Store Gomti Extension,26.835278,81.020346,12:49,12,43,9.5,0.86,medium_traffic,6,7
D9,2026-01-16,4,L33,Reliance Digital Aliganj,26.789743,80.957301,13:41,13,23,17.4,1.16,medium_traffic,7,7
D9,2026-01-17,5,L09,Vishal Mega Mart Golf City,26.795803,80.952637,08:24,8,33,34.3,1.32,medium_traffic,1,3
D9,2026-01-17,5,L13,Swiggy Dark Store Gomti Extension,26.835278,81.020346,09:31,9,46,29.4,1.47,medium_traffic,2,3
D9,2026-01-17,5,L33,Reliance Digital Aliganj,26.789743,80.957301,10:46,10,22,18.7,1.56,medium_traffic,3,3
D9,2026-01-19,0,L23,Bread Talk Aliganj,26.783983,80.988456,08:28,8,34,32.6,1.63,low_traffic,1,6
D9,2026-01-19,0,L19,Netmeds Hub Chinhat,26.7959,80.841595,09:34,9,9,32.2,1.4,low_traffic,2,6
D9,2026-01-19,0,L13,Swiggy Dark Store Gomti Extension,26.835278,81.020346,10:15,10,39,51.9,1.73,medium_traffic,3,6
D9,2026-01-19,0,L29,Restaurant Depot Golf City,26.739708,80.867156,11:45,11,39,14.6,1.04,low_traffic,4,6
D9,2026-01-19,0,L09,Vishal Mega Mart Golf City,26.795803,80.952637,12:38,12,38,19.2,0.96,medium_traffic,5,6
D9,2026-01-19,0,L33,Reliance Digital Aliganj,26.789743,80.957301,13:35,13,20,14.2,1.18,medium_traffic,6,6
D9,2026-01-20,1,L23,Bread Talk Aliganj,26.783983,80.988456,09:33,9,30,42.2,1.76,low_traffic,1,6
D9,2026-01-20,1,L29,Restaurant Depot Golf City,26.739708,80.867156,10:45,10,30,24.0,1.6,low_traffic,2,6
D9,2026-01-20,1,L13,Swiggy Dark Store Gomti Extension,26.835278,81.020346,11:39,11,48,15.5,0.86,medium_traffic,3,6
D9,2026-01-20,1,L03,Reliance Fresh Aliganj,26.757265,80.856759,12:42,12,12,13.8,0.92,low_traffic,4,6
D9,2026-01-20,1,L49,Bata Showroom Golf City,26.852611,80.927361,13:07,13,42,8.8,1.1,high_traffic,5,6
D9,2026-01-20,1,L43,Lifestyle Store Aliganj,26.797555,80.900748,13:57,13,42,32.4,1.2,medium_traffic,6,6
D9,2026-01-21,2,L49,Bata Showroom Golf City,26.852611,80.927361,08:20,8,43,39.2,1.4,high_traffic,1,6
D9,2026-01-21,2,L43,Lifestyle Store Aliganj,26.797555,80.900748,09:42,9,30,32.1,1.46,medium_traffic,2,6
D9,2026-01-21,2,L13,Swiggy Dark Store Gomti Extension,26.835278,81.020346,10:44,10,45,40.1,1.67,medium_traffic,3,6
D9,2026-01-21,2,L39,Noise Hub Golf City,26.91723,80.835452,12:09,12,19,23.7,1.03,low_traffic,4,6
D9,2026-01-21,2,L23,Bread Talk Aliganj,26.783983,80.988456,12:51,12,26,14.7,0.92,low_traffic,5,6
D9,2026-01-21,2,L03,Reliance Fresh Aliganj,26.757265,80.856759,13:31,13,17,11.9,1.19,low_traffic,6,6
D9,2026-01-22,3,L23,Bread Talk Aliganj,26.783983,80.988456,09:13,9,26,41.7,1.39,low_traffic,1,5
D9,2026-01-22,3,L03,Reliance Fresh Aliganj,26.757265,80.856759,10:20,10,10,38.9,1.39,low_traffic,2,5
D9,2026-01-22,3,L29,Restaurant Depot Golf City,26.739708,80.867156,11:08,11,40,10.4,0.95,low_traffic,3,5
D9,2026-01-22,3,L09,Vishal Mega Mart Golf City,26.795803,80.952637,11:58,11,36,19.1,0.87,medium_traffic,4,5
D9,2026-01-22,3,L49,Bata Showroom Golf City,26.852611,80.927361,12:53,12,38,22.5,0.98,high_traffic,5,5
D9,2026-01-23,4,L09,Vishal Mega Mart Golf City,26.795803,80.952637,08:18,8,37,35.8,1.43,medium_traffic,1,5
D9,2026-01-23,4,L33,Reliance Digital Aliganj,26.789743,80.957301,09:30,9,15,23.9,1.59,medium_traffic,2,5
D9,2026-01-23,4,L43,Lifestyle Store Aliganj,26.797555,80.900748,10:08,10,36,16.4,1.49,medium_traffic,3,5
D9,2026-01-23,4,L49,Bata Showroom Golf City,26.852611,80.927361,11:00,11,35,8.3,1.04,high_traffic,4,5
D9,2026-01-23,4,L23,Bread Talk Aliganj,26.783983,80.988456,11:43,11,26,12.6,0.97,low_traffic,5,5
D9,2026-01-24,5,L39,Noise Hub Golf City,26.91723,80.835452,08:03,8,9,12.1,1.51,low_traffic,1,3
D9,2026-01-24,5,L09,Vishal Mega Mart Golf City,26.795803,80.952637,08:24,8,34,12.2,1.53,medium_traffic,2,3
D9,2026-01-24,5,L43,Lifestyle Store Aliganj,26.797555,80.900748,09:10,9,36,17.0,1.7,medium_traffic,3,3
D9,2026-01-26,0,L13,Swiggy Dark Store Gomti Extension,26.835278,81.020346,08:11,8,38,33.2,1.51,medium_traffic,1,6
D9,2026-01-26,0,L43,Lifestyle Store Aliganj,26.797555,80.900748,09:22,9,36,22.9,1.43,medium_traffic,2,6
D9,2026-01-26,0,L33,Reliance Digital Aliganj,26.789743,80.957301,10:20,10,27,17.5,1.59,medium_traffic,3,6
D9,2026-01-26,0,L23,Bread Talk Aliganj,26.783983,80.988456,11:04,11,28,24.4,0.94,low_traffic,4,6
D9,2026-01-26,0,L19,Netmeds Hub Chinhat,26.7959,80.841595,11:56,11,11,21.2,1.01,low_traffic,5,6
D9,2026-01-26,0,L39,Noise Hub Golf City,26.91723,80.835452,12:28,12,16,8.2,1.03,low_traffic,6,6
D9,2026-01-27,1,L43,Lifestyle Store Aliganj,26.797555,80.900748,09:06,9,41,24.8,1.65,medium_traffic,1,6
D9,2026-01-27,1,L13,Swiggy Dark Store Gomti Extension,26.835278,81.020346,10:11,10,43,19.2,1.6,medium_traffic,2,6
D9,2026-01-27,1,L33,Reliance Digital Aliganj,26.789743,80.957301,11:13,11,17,22.8,0.99,medium_traffic,3,6
D9,2026-01-27,1,L39,Noise Hub Golf City,26.91723,80.835452,11:52,11,10,9.6,0.96,low_traffic,4,6
D9,2026-01-27,1,L09,Vishal Mega Mart Golf City,26.795803,80.952637,12:11,12,37,11.3,1.03,medium_traffic,5,6
D9,2026-01-27,1,L23,Bread Talk Aliganj,26.783983,80.988456,12:59,12,24,24.9,0.89,low_traffic,6,6
D9,2026-01-28,2,L29,Restaurant Depot Golf City,26.739708,80.867156,08:29,8,38,43.2,1.73,low_traffic,1,7
D9,2026-01-28,2,L23,Bread Talk Aliganj,26.783983,80.988456,09:50,9,33,20.3,1.45,low_traffic,2,7
D9,2026-01-28,2,L39,Noise Hub Golf City,26.91723,80.835452,10:43,10,19,41.6,1.54,low_traffic,3,7
D9,2026-01-28,2,L43,Lifestyle Store Aliganj,26.797555,80.900748,11:43,11,30,18.6,0.98,medium_traffic,4,7
D9,2026-01-28,2,L09,Vishal Mega Mart Golf City,26.795803,80.952637,12:31,12,39,7.5,0.94,medium_traffic,5,7
D9,2026-01-28,2,L33,Reliance Digital Aliganj,26.789743,80.957301,13:17,13,19,26.7,1.27,medium_traffic,6,7
D9,2026-01-28,2,L13,Swiggy Dark Store Gomti Extension,26.835278,81.020346,14:02,14,47,26.5,1.26,medium_traffic,7,7
D9,2026-01-29,3,L39,Noise Hub Golf City,26.91723,80.835452,08:38,8,20,17.2,1.32,low_traffic,1,8
D9,2026-01-29,3,L33,Reliance Digital Aliganj,26.789743,80.957301,09:15,9,27,25.5,1.34,medium_traffic,2,8
D9,2026-01-29,3,L23,Bread Talk Aliganj,26.783983,80.988456,10:07,10,27,29.1,1.71,low_traffic,3,8
D9,2026-01-29,3,L49,Bata Showroom Golf City,26.852611,80.927361,11:03,11,36,15.5,0.97,high_traffic,4,8
D9,2026-01-29,3,L43,Lifestyle Store Aliganj,26.797555,80.900748,11:54,11,39,8.6,0.96,medium_traffic,5,8
D9,2026-01-29,3,L29,Restaurant Depot Golf City,26.739708,80.867156,12:41,12,33,11.7,0.9,low_traffic,6,8
D9,2026-01-29,3,L13,Swiggy Dark Store Gomti Extension,26.835278,81.020346,13:25,13,39,19.4,1.29,medium_traffic,7,8
D9,2026-01-29,3,L03,Reliance Fresh Aliganj,26.757265,80.856759,14:23,14,11,14.7,1.13,low_traffic,8,8
D9,2026-01-30,4,L49,Bata Showroom Golf City,26.852611,80.927361,08:21,8,42,43.2,1.44,high_traffic,1,7
D9,2026-01-30,4,L33,Reliance Digital Aliganj,26.789743,80.957301,09:46,9,21,26.2,1.75,medium_traffic,2,7
D9,2026-01-30,4,L39,Noise Hub Golf City,26.91723,80.835452,10:33,10,20,39.8,1.59,low_traffic,3,7
D9,2026-01-30,4,L43,Lifestyle Store Aliganj,26.797555,80.900748,11:32,11,42,28.8,0.96,medium_traffic,4,7
D9,2026-01-30,4,L09,Vishal Mega Mart Golf City,26.795803,80.952637,12:42,12,43,12.5,0.89,medium_traffic,5,7
D9,2026-01-30,4,L29,Restaurant Depot Golf City,26.739708,80.867156,13:37,13,30,17.6,1.26,low_traffic,6,7
D9,2026-01-30,4,L19,Netmeds Hub Chinhat,26.7959,80.841595,14:24,14,14,17.4,1.16,low_traffic,7,7
D9,2026-01-31,5,L13,Swiggy Dark Store Gomti Extension,26.835278,81.020346,08:08,8,48,27.5,1.72,medium_traffic,1,3
D9,2026-01-31,5,L09,Vishal Mega Mart Golf City,26.795803,80.952637,09:23,9,40,18.7,1.44,medium_traffic,2,3
D9,2026-01-31,5,L33,Reliance Digital Aliganj,26.789743,80.957301,10:21,10,27,23.9,1.33,medium_traffic,3,3
D9,2026-02-02,0,L39,Noise Hub Golf City,26.91723,80.835452,08:30,8,13,39.8,1.53,low_traffic,1,8
D9,2026-02-02,0,L19,Netmeds Hub Chinhat,26.7959,80.841595,09:22,9,8,14.4,1.44,low_traffic,2,8
D9,2026-02-02,0,L43,Lifestyle Store Aliganj,26.797555,80.900748,09:44,9,42,40.2,1.49,medium_traffic,3,8
D9,2026-02-02,0,L33,Reliance Digital Aliganj,26.789743,80.957301,11:06,11,16,28.6,1.02,medium_traffic,4,8
D9,2026-02-02,0,L49,Bata Showroom Golf City,26.852611,80.927361,11:50,11,37,21.1,0.96,high_traffic,5,8
D9,2026-02-02,0,L13,Swiggy Dark Store Gomti Extension,26.835278,81.020346,12:48,12,45,10.7,0.97,medium_traffic,6,8
D9,2026-02-02,0,L29,Restaurant Depot Golf City,26.739708,80.867156,13:43,13,35,22.6,1.13,low_traffic,7,8
D9,2026-02-02,0,L03,Reliance Fresh Aliganj,26.757265,80.856759,14:40,14,9,16.8,1.12,low_traffic,8,8
D9,2026-02-03,1,L43,Lifestyle Store Aliganj,26.797555,80.900748,09:16,9,41,17.9,1.49,medium_traffic,1,8
D9,2026-02-03,1,L03,Reliance Fresh Aliganj,26.757265,80.856759,10:14,10,14,35.4,1.31,low_traffic,2,8
D9,2026-02-03,1,L29,Restaurant Depot Golf City,26.739708,80.867156,11:03,11,28,13.1,0.87,low_traffic,3,8
D9,2026-02-03,1,L49,Bata Showroom Golf City,26.852611,80.927361,11:44,11,34,22.1,0.85,high_traffic,4,8
D9,2026-02-03,1,L23,Bread Talk Aliganj,26.783983,80.988456,12:40,12,28,24.5,0.98,low_traffic,5,8
D9,2026-02-03,1,L39,Noise Hub Golf City,26.91723,80.835452,13:32,13,12,13.9,1.16,low_traffic,6,8
D9,2026-02-03,1,L13,Swiggy Dark Store Gomti Extension,26.835278,81.020346,13:57,13,47,14.4,1.11,medium_traffic,7,8
D9,2026-02-03,1,L19,Netmeds Hub Chinhat,26.7959,80.841595,14:58,14,19,21.3,1.12,low_traffic,8,8
D9,2026-02-04,2,L33,Reliance Digital Aliganj,26.789743,80.957301,08:37,8,18,27.5,1.62,medium_traffic,1,6
D9,2026-02-04,2,L39,Noise Hub Golf City,26.91723,80.835452,09:22,9,16,14.7,1.63,low_traffic,2,6
D9,2026-02-04,2,L43,Lifestyle Store Aliganj,26.797555,80.900748,09:52,9,39,39.8,1.73,medium_traffic,3,6
D9,2026-02-04,2,L13,Swiggy Dark Store Gomti Extension,26.835278,81.020346,11:10,11,40,11.3,0.94,medium_traffic,4,6
D9,2026-02-04,2,L19,Netmeds Hub Chinhat,26.7959,80.841595,12:01,12,13,11.3,0.94,low_traffic,5,6
D9,2026-02-04,2,L29,Restaurant Depot Golf City,26.739708,80.867156,12:25,12,30,15.8,0.99,low_traffic,6,6
D9,2026-02-05,3,L49,Bata Showroom Golf City,26.852611,80.927361,08:19,8,39,38.9,1.69,high_traffic,1,6
D9,2026-02-05,3,L29,Restaurant Depot Golf City,26.739708,80.867156,09:36,9,38,30.4,1.32,low_traffic,2,6
D9,2026-02-05,3,L43,Lifestyle Store Aliganj,26.797555,80.900748,10:44,10,33,38.7,1.49,medium_traffic,3,6
D9,2026-02-05,3,L03,Reliance Fresh Aliganj,26.757265,80.856759,11:55,11,20,15.6,1.04,low_traffic,4,6
D9,2026-02-05,3,L19,Netmeds Hub Chinhat,26.7959,80.841595,12:30,12,16,22.9,0.88,low_traffic,5,6
D9,2026-02-05,3,L23,Bread Talk Aliganj,26.783983,80.988456,13:08,13,29,13.1,1.19,low_traffic,6,6
D9,2026-02-06,4,L19,Netmeds Hub Chinhat,26.7959,80.841595,09:40,9,19,29.4,1.55,low_traffic,1,5
D9,2026-02-06,4,L03,Reliance Fresh Aliganj,26.757265,80.856759,10:28,10,19,21.8,1.56,low_traffic,2,5
D9,2026-02-06,4,L13,Swiggy Dark Store Gomti Extension,26.835278,81.020346,11:08,11,47,17.3,0.96,medium_traffic,3,5
D9,2026-02-06,4,L33,Reliance Digital Aliganj,26.789743,80.957301,12:12,12,17,21.6,0.94,medium_traffic,4,5
D9,2026-02-06,4,L49,Bata Showroom Golf City,26.852611,80.927361,12:50,12,32,12.1,0.93,high_traffic,5,5
D9,2026-02-07,5,L03,Reliance Fresh Aliganj,26.757265,80.856759,08:40,8,9,33.1,1.74,low_traffic,1,5
D9,2026-02-07,5,L23,Bread Talk Aliganj,26.783983,80.988456,09:22,9,26,33.8,1.69,low_traffic,2,5
D9,2026-02-07,5,L29,Restaurant Depot Golf City,26.739708,80.867156,10:21,10,30,20.5,1.58,low_traffic,3,5
D9,2026-02-07,5,L09,Vishal Mega Mart Golf City,26.795803,80.952637,11:11,11,43,8.2,1.02,medium_traffic,4,5
D9,2026-02-07,5,L49,Bata Showroom Golf City,26.852611,80.927361,12:02,12,37,11.3,0.87,high_traffic,5,5
D9,2026-02-09,0,L03,Reliance Fresh Aliganj,26.757265,80.856759,08:41,8,20,17.0,1.31,low_traffic,1,8
D9,2026-02-09,0,L09,Vishal Mega Mart Golf City,26.795803,80.952637,09:18,9,32,22.1,1.38,medium_traffic,2,8
D9,2026-02-09,0,L49,Bata Showroom Golf City,26.852611,80.927361,10:12,10,34,37.4,1.44,high_traffic,3,8
D9,2026-02-09,0,L19,Netmeds Hub Chinhat,26.7959,80.841595,11:23,11,17,7.8,0.97,low_traffic,4,8
D9,2026-02-09,0,L33,Reliance Digital Aliganj,26.789743,80.957301,11:47,11,21,20.8,0.99,medium_traffic,5,8
D9,2026-02-09,0,L39,Noise Hub Golf City,26.91723,80.835452,12:28,12,15,26.4,0.88,low_traffic,6,8
D9,2026-02-09,0,L13,Swiggy Dark Store Gomti Extension,26.835278,81.020346,13:09,13,42,23.3,1.11,medium_traffic,7,8
D9,2026-02-09,0,L29,Restaurant Depot Golf City,26.739708,80.867156,14:14,14,28,19.8,1.1,low_traffic,8,8
D9,2026-02-10,1,L13,Swiggy Dark Store Gomti Extension,26.835278,81.020346,08:03,8,45,16.7,1.67,medium_traffic,1,7
D9,2026-02-10,1,L43,Lifestyle Store Aliganj,26.797555,80.900748,09:04,9,42,26.8,1.41,medium_traffic,2,7
D9,2026-02-10,1,L09,Vishal Mega Mart Golf City,26.795803,80.952637,10:12,10,33,37.8,1.4,medium_traffic,3,7
D9,2026-02-10,1,L49,Bata Showroom Golf City,26.852611,80.927361,11:22,11,39,15.0,0.88,high_traffic,4,7
D9,2026-02-10,1,L29,Restaurant Depot Golf City,26.739708,80.867156,12:16,12,31,22.6,0.87,low_traffic,5,7
D9,2026-02-10,1,L39,Noise Hub Golf City,26.91723,80.835452,13:09,13,19,9.4,1.18,low_traffic,6,7
D9,2026-02-10,1,L03,Reliance Fresh Aliganj,26.757265,80.856759,13:37,13,16,8.9,1.11,low_traffic,7,7
D9,2026-02-11,2,L43,Lifestyle Store Aliganj,26.797555,80.900748,08:30,8,36,21.5,1.79,medium_traffic,1,6
D9,2026-02-11,2,L13,Swiggy Dark Store Gomti Extension,26.835278,81.020346,09:27,9,44,43.2,1.44,medium_traffic,2,6
D9,2026-02-11,2,L39,Noise Hub Golf City,26.91723,80.835452,10:54,10,8,31.5,1.66,low_traffic,3,6
D9,2026-02-11,2,L09,Vishal Mega Mart Golf City,26.795803,80.952637,11:33,11,34,15.3,0.85,medium_traffic,4,6
D9,2026-02-11,2,L19,Netmeds Hub Chinhat,26.7959,80.841595,12:22,12,12,13.2,0.94,low_traffic,5,6
D9,2026-02-11,2,L33,Reliance Digital Aliganj,26.789743,80.957301,12:47,12,21,20.5,0.93,medium_traffic,6,6
D9,2026-02-12,3,L23,Bread Talk Aliganj,26.783983,80.988456,09:45,9,28,28.4,1.35,low_traffic,1,6
D9,2026-02-12,3,L09,Vishal Mega Mart Golf City,26.795803,80.952637,10:41,10,42,19.2,1.37,medium_traffic,2,6
D9,2026-02-12,3,L43,Lifestyle Store Aliganj,26.797555,80.900748,11:42,11,34,16.5,0.87,medium_traffic,3,6
D9,2026-02-12,3,L03,Reliance Fresh Aliganj,26.757265,80.856759,12:32,12,9,17.5,1.03,low_traffic,4,6
D9,2026-02-12,3,L29,Restaurant Depot Golf City,26.739708,80.867156,12:58,12,35,14.4,1.03,low_traffic,5,6
D9,2026-02-12,3,L39,Noise Hub Golf City,26.91723,80.835452,13:47,13,18,26.2,1.14,low_traffic,6,6
D9,2026-02-13,4,L49,Bata Showroom Golf City,26.852611,80.927361,08:39,8,38,28.6,1.79,high_traffic,1,8
D9,2026-02-13,4,L23,Bread Talk Aliganj,26.783983,80.988456,09:45,9,29,39.1,1.7,low_traffic,2,8
D9,2026-02-13,4,L43,Lifestyle Store Aliganj,26.797555,80.900748,10:53,10,38,19.0,1.73,medium_traffic,3,8
D9,2026-02-13,4,L13,Swiggy Dark Store Gomti Extension,26.835278,81.020346,11:50,11,37,7.7,0.96,medium_traffic,4,8
D9,2026-02-13,4,L19,Netmeds Hub Chinhat,26.7959,80.841595,12:34,12,17,23.5,1.02,low_traffic,5,8
D9,2026-02-13,4,L03,Reliance Fresh Aliganj,26.757265,80.856759,13:14,13,10,17.1,1.22,low_traffic,6,8
D9,2026-02-13,4,L33,Reliance Digital Aliganj,26.789743,80.957301,13:41,13,15,15.1,1.16,medium_traffic,7,8
D9,2026-02-13,4,L29,Restaurant Depot Golf City,26.739708,80.867156,14:11,14,36,21.8,1.28,low_traffic,8,8
D9,2026-02-14,5,L13,Swiggy Dark Store Gomti Extension,26.835278,81.020346,09:22,9,48,27.2,1.51,medium_traffic,1,3
D9,2026-02-14,5,L09,Vishal Mega Mart Golf City,26.795803,80.952637,10:37,10,40,28.0,1.4,medium_traffic,2,3
D9,2026-02-14,5,L49,Bata Showroom Golf City,26.852611,80.927361,11:45,11,44,23.4,0.9,high_traffic,3,3
D9,2026-02-16,0,L39,Noise Hub Golf City,26.91723,80.835452,09:35,9,19,25.3,1.58,low_traffic,1,5
D9,2026-02-16,0,L03,Reliance Fresh Aliganj,26.757265,80.856759,10:19,10,16,21.4,1.53,low_traffic,2,5
D9,2026-02-16,0,L33,Reliance Digital Aliganj,26.789743,80.957301,10:56,10,19,45.6,1.52,medium_traffic,3,5
D9,2026-02-16,0,L13,Swiggy Dark Store Gomti Extension,26.835278,81.020346,12:00,12,36,6.9,0.86,medium_traffic,4,5
D9,2026-02-16,0,L49,Bata Showroom Golf City,26.852611,80.927361,12:42,12,40,14.5,0.97,high_traffic,5,5
D9,2026-02-17,1,L39,Noise Hub Golf City,26.91723,80.835452,08:02,8,15,23.9,1.59,low_traffic,1,7
D9,2026-02-17,1,L19,Netmeds Hub Chinhat,26.7959,80.841595,08:40,8,18,25.1,1.57,low_traffic,2,7
D9,2026-02-17,1,L49,Bata Showroom Golf City,26.852611,80.927361,09:23,9,39,25.7,1.51,high_traffic,3,7
D9,2026-02-17,1,L23,Bread Talk Aliganj,26.783983,80.988456,10:27,10,30,48.2,1.72,low_traffic,4,7
D9,2026-02-17,1,L33,Reliance Digital Aliganj,26.789743,80.957301,11:45,11,18,17.0,1.0,medium_traffic,5,7
D9,2026-02-17,1,L03,Reliance Fresh Aliganj,26.757265,80.856759,12:20,12,12,22.6,0.94,low_traffic,6,7
D9,2026-02-17,1,L13,Swiggy Dark Store Gomti Extension,26.835278,81.020346,12:54,12,36,20.0,0.91,medium_traffic,7,7
D9,2026-02-18,2,L03,Reliance Fresh Aliganj,26.757265,80.856759,09:08,9,20,32.8,1.64,low_traffic,1,8
D9,2026-02-18,2,L43,Lifestyle Store Aliganj,26.797555,80.900748,10:00,10,42,35.5,1.42,medium_traffic,2,8
D9,2026-02-18,2,L39,Noise Hub Golf City,26.91723,80.835452,11:17,11,13,10.3,1.03,low_traffic,3,8
D9,2026-02-18,2,L33,Reliance Digital Aliganj,26.789743,80.957301,11:40,11,16,29.4,0.98,medium_traffic,4,8
D9,2026-02-18,2,L23,Bread Talk Aliganj,26.783983,80.988456,12:25,12,35,22.8,0.95,low_traffic,5,8
D9,2026-02-18,2,L09,Vishal Mega Mart Golf City,26.795803,80.952637,13:22,13,31,11.0,1.22,medium_traffic,6,8
D9,2026-02-18,2,L49,Bata Showroom Golf City,26.852611,80.927361,14:04,14,43,26.0,1.13,high_traffic,7,8
D9,2026-02-18,2,L29,Restaurant Depot Golf City,26.739708,80.867156,15:13,15,28,9.7,0.88,low_traffic,8,8
D9,2026-02-19,3,L23,Bread Talk Aliganj,26.783983,80.988456,09:26,9,24,35.3,1.68,low_traffic,1,7
D9,2026-02-19,3,L19,Netmeds Hub Chinhat,26.7959,80.841595,10:25,10,11,13.2,1.47,low_traffic,2,7
D9,2026-02-19,3,L13,Swiggy Dark Store Gomti Extension,26.835278,81.020346,10:49,10,40,36.3,1.65,medium_traffic,3,7
D9,2026-02-19,3,L39,Noise Hub Golf City,26.91723,80.835452,12:05,12,16,26.8,1.03,low_traffic,4,7
D9,2026-02-19,3,L33,Reliance Digital Aliganj,26.789743,80.957301,12:47,12,21,7.2,0.9,medium_traffic,5,7
D9,2026-02-19,3,L43,Lifestyle Store Aliganj,26.797555,80.900748,13:15,13,40,26.4,1.2,medium_traffic,6,7
D9,2026-02-19,3,L49,Bata Showroom Golf City,26.852611,80.927361,14:21,14,39,22.8,1.14,high_traffic,7,7
D9,2026-02-20,4,L03,Reliance Fresh Aliganj,26.757265,80.856759,08:39,8,15,31.4,1.31,low_traffic,1,5
D9,2026-02-20,4,L29,Restaurant Depot Golf City,26.739708,80.867156,09:25,9,34,37.2,1.55,low_traffic,2,5
D9,2026-02-20,4,L19,Netmeds Hub Chinhat,26.7959,80.841595,10:36,10,20,35.0,1.46,low_traffic,3,5
D9,2026-02-20,4,L43,Lifestyle Store Aliganj,26.797555,80.900748,11:31,11,42,24.8,0.92,medium_traffic,4,5
D9,2026-02-20,4,L33,Reliance Digital Aliganj,26.789743,80.957301,12:37,12,22,20.4,1.02,medium_traffic,5,5
D9,2026-02-21,5,L39,Noise Hub Golf City,26.91723,80.835452,09:40,9,18,11.7,1.46,low_traffic,1,3
D9,2026-02-21,5,L03,Reliance Fresh Aliganj,26.757265,80.856759,10:09,10,10,42.1,1.62,low_traffic,2,3
D9,2026-02-21,5,L43,Lifestyle Store Aliganj,26.797555,80.900748,11:01,11,41,9.7,0.88,medium_traffic,3,3
D9,2026-02-23,0,L39,Noise Hub Golf City,26.91723,80.835452,08:26,8,8,19.5,1.5,low_traffic,1,8
D9,2026-02-23,0,L13,Swiggy Dark Store Gomti Extension,26.835278,81.020346,08:53,8,48,33.6,1.68,medium_traffic,2,8
D9,2026-02-23,0,L23,Bread Talk Aliganj,26.783983,80.988456,10:14,10,24,40.0,1.38,low_traffic,3,8
D9,2026-02-23,0,L33,Reliance Digital Aliganj,26.789743,80.957301,11:18,11,24,24.4,0.94,medium_traffic,4,8
D9,2026-02-23,0,L49,Bata Showroom Golf City,26.852611,80.927361,12:06,12,41,21.4,0.89,high_traffic,5,8
D9,2026-02-23,0,L09,Vishal Mega Mart Golf City,26.795803,80.952637,13:08,13,39,29.1,1.12,medium_traffic,6,8
D9,2026-02-23,0,L29,Restaurant Depot Golf City,26.739708,80.867156,14:16,14,29,29.7,1.29,low_traffic,7,8
D9,2026-02-23,0,L19,Netmeds Hub Chinhat,26.7959,80.841595,15:14,15,19,20.2,0.96,low_traffic,8,8
D9,2026-02-24,1,L43,Lifestyle Store Aliganj,26.797555,80.900748,08:25,8,30,20.7,1.59,medium_traffic,1,7
D9,2026-02-24,1,L23,Bread Talk Aliganj,26.783983,80.988456,09:15,9,33,42.0,1.4,low_traffic,2,7
D9,2026-02-24,1,L13,Swiggy Dark Store Gomti Extension,26.835278,81.020346,10:30,10,39,45.5,1.57,medium_traffic,3,7
D9,2026-02-24,1,L09,Vishal Mega Mart Golf City,26.795803,80.952637,11:54,11,41,10.4,1.04,medium_traffic,4,7
D9,2026-02-24,1,L19,Netmeds Hub Chinhat,26.7959,80.841595,12:45,12,12,18.0,1.0,low_traffic,5,7
D9,2026-02-24,1,L39,Noise Hub Golf City,26.91723,80.835452,13:15,13,17,34.7,1.24,low_traffic,6,7
D9,2026-02-24,1,L03,Reliance Fresh Aliganj,26.757265,80.856759,14:06,14,12,13.6,1.24,low_traffic,7,7
D9,2026-02-25,2,L23,Bread Talk Aliganj,26.783983,80.988456,09:12,9,33,20.8,1.3,low_traffic,1,7
D9,2026-02-25,2,L09,Vishal Mega Mart Golf City,26.795803,80.952637,10:05,10,34,25.1,1.57,medium_traffic,2,7
D9,2026-02-25,2,L39,Noise Hub Golf City,26.91723,80.835452,11:04,11,19,23.0,0.96,low_traffic,3,7
D9,2026-02-25,2,L13,Swiggy Dark Store Gomti Extension,26.835278,81.020346,11:46,11,48,29.3,1.01,medium_traffic,4,7
D9,2026-02-25,2,L43,Lifestyle Store Aliganj,26.797555,80.900748,13:03,13,41,10.3,1.15,medium_traffic,5,7
D9,2026-02-25,2,L33,Reliance Digital Aliganj,26.789743,80.957301,13:54,13,25,33.9,1.13,medium_traffic,6,7
D9,2026-02-25,2,L03,Reliance Fresh Aliganj,26.757265,80.856759,14:52,14,15,12.6,1.26,low_traffic,7,7
D9,2026-02-26,3,L13,Swiggy Dark Store Gomti Extension,26.835278,81.020346,08:21,8,45,41.8,1.74,medium_traffic,1,5
D9,2026-02-26,3,L39,Noise Hub Golf City,26.91723,80.835452,09:47,9,9,15.6,1.73,low_traffic,2,5
D9,2026-02-26,3,L43,Lifestyle Store Aliganj,26.797555,80.900748,10:11,10,42,23.8,1.49,medium_traffic,3,5
D9,2026-02-26,3,L23,Bread Talk Aliganj,26.783983,80.988456,11:16,11,26,28.1,0.97,low_traffic,4,5
D9,2026-02-26,3,L49,Bata Showroom Golf City,26.852611,80.927361,12:10,12,40,28.8,1.03,high_traffic,5,5
D9,2026-02-27,4,L13,Swiggy Dark Store Gomti Extension,26.835278,81.020346,09:40,9,36,31.9,1.45,medium_traffic,1,5
D9,2026-02-27,4,L23,Bread Talk Aliganj,26.783983,80.988456,10:47,10,34,33.6,1.4,low_traffic,2,5
D9,2026-02-27,4,L43,Lifestyle Store Aliganj,26.797555,80.900748,11:54,11,40,23.0,0.96,medium_traffic,3,5
D9,2026-02-27,4,L19,Netmeds Hub Chinhat,26.7959,80.841595,12:57,12,15,10.3,1.03,low_traffic,4,5
D9,2026-02-27,4,L49,Bata Showroom Golf City,26.852611,80.927361,13:22,13,40,13.6,1.13,high_traffic,5,5
D9,2026-02-28,5,L13,Swiggy Dark Store Gomti Extension,26.835278,81.020346,09:09,9,45,45.2,1.56,medium_traffic,1,3
D9,2026-02-28,5,L33,Reliance Digital Aliganj,26.789743,80.957301,10:39,10,17,46.3,1.78,medium_traffic,2,3
D9,2026-02-28,5,L03,Reliance Fresh Aliganj,26.757265,80.856759,11:42,11,18,21.6,0.98,low_traffic,3,3
D9,2026-03-02,0,L29,Restaurant Depot Golf City,26.739708,80.867156,08:10,8,34,34.0,1.7,low_traffic,1,7
D9,2026-03-02,0,L39,Noise Hub Golf City,26.91723,80.835452,09:18,9,8,34.2,1.37,low_traffic,2,7
D9,2026-03-02,0,L23,Bread Talk Aliganj,26.783983,80.988456,10:00,10,27,12.6,1.57,low_traffic,3,7
D9,2026-03-02,0,L09,Vishal Mega Mart Golf City,26.795803,80.952637,10:39,10,31,35.4,1.61,medium_traffic,4,7
D9,2026-03-02,0,L33,Reliance Digital Aliganj,26.789743,80.957301,11:45,11,21,12.7,0.98,medium_traffic,5,7
D9,2026-03-02,0,L03,Reliance Fresh Aliganj,26.757265,80.856759,12:18,12,12,14.2,0.89,low_traffic,6,7
D9,2026-03-02,0,L43,Lifestyle Store Aliganj,26.797555,80.900748,12:44,12,42,16.2,0.9,medium_traffic,7,7
D9,2026-03-03,1,L13,Swiggy Dark Store Gomti Extension,26.835278,81.020346,08:18,8,38,49.6,1.71,medium_traffic,1,8
D9,2026-03-03,1,L49,Bata Showroom Golf City,26.852611,80.927361,09:45,9,37,42.0,1.45,high_traffic,2,8
D9,2026-03-03,1,L19,Netmeds Hub Chinhat,26.7959,80.841595,11:04,11,8,24.0,0.89,low_traffic,3,8
D9,2026-03-03,1,L03,Reliance Fresh Aliganj,26.757265,80.856759,11:36,11,11,11.6,0.97,low_traffic,4,8
D9,2026-03-03,1,L33,Reliance Digital Aliganj,26.789743,80.957301,11:58,11,15,14.1,0.94,medium_traffic,5,8
D9,2026-03-03,1,L29,Restaurant Depot Golf City,26.739708,80.867156,12:27,12,37,14.2,0.89,low_traffic,6,8
D9,2026-03-03,1,L39,Noise Hub Golf City,26.91723,80.835452,13:18,13,8,35.7,1.19,low_traffic,7,8
D9,2026-03-03,1,L09,Vishal Mega Mart Golf City,26.795803,80.952637,14:01,14,41,23.0,1.15,medium_traffic,8,8
D9,2026-03-04,2,L49,Bata Showroom Golf City,26.852611,80.927361,08:22,8,44,44.4,1.48,high_traffic,1,8
D9,2026-03-04,2,L09,Vishal Mega Mart Golf City,26.795803,80.952637,09:50,9,43,36.2,1.51,medium_traffic,2,8
D9,2026-03-04,2,L29,Restaurant Depot Golf City,26.739708,80.867156,11:09,11,35,21.8,0.87,low_traffic,3,8
D9,2026-03-04,2,L19,Netmeds Hub Chinhat,26.7959,80.841595,12:05,12,18,16.2,1.01,low_traffic,4,8
D9,2026-03-04,2,L39,Noise Hub Golf City,26.91723,80.835452,12:39,12,14,12.8,0.85,low_traffic,5,8
D9,2026-03-04,2,L33,Reliance Digital Aliganj,26.789743,80.957301,13:05,13,23,20.3,1.27,medium_traffic,6,8
D9,2026-03-04,2,L13,Swiggy Dark Store Gomti Extension,26.835278,81.020346,13:48,13,41,13.3,1.21,medium_traffic,7,8
D9,2026-03-04,2,L43,Lifestyle Store Aliganj,26.797555,80.900748,14:42,14,37,33.0,1.27,medium_traffic,8,8
D9,2026-03-05,3,L13,Swiggy Dark Store Gomti Extension,26.835278,81.020346,08:14,8,42,30.2,1.51,medium_traffic,1,8
D9,2026-03-05,3,L19,Netmeds Hub Chinhat,26.7959,80.841595,09:26,9,20,45.9,1.7,low_traffic,2,8
D9,2026-03-05,3,L03,Reliance Fresh Aliganj,26.757265,80.856759,10:31,10,14,38.6,1.61,low_traffic,3,8
D9,2026-03-05,3,L43,Lifestyle Store Aliganj,26.797555,80.900748,11:23,11,32,9.1,0.91,medium_traffic,4,8
D9,2026-03-05,3,L49,Bata Showroom Golf City,26.852611,80.927361,12:04,12,41,15.6,0.92,high_traffic,5,8
D9,2026-03-05,3,L29,Restaurant Depot Golf City,26.739708,80.867156,13:00,13,30,36.5,1.26,low_traffic,6,8
D9,2026-03-05,3,L23,Bread Talk Aliganj,26.783983,80.988456,14:06,14,28,10.2,1.13,low_traffic,7,8
D9,2026-03-05,3,L09,Vishal Mega Mart Golf City,26.795803,80.952637,14:44,14,37,27.4,1.14,medium_traffic,8,8
D9,2026-03-06,4,L29,Restaurant Depot Golf City,26.739708,80.867156,09:11,9,34,26.4,1.39,low_traffic,1,6
D9,2026-03-06,4,L13,Swiggy Dark Store Gomti Extension,26.835278,81.020346,10:11,10,45,41.9,1.61,medium_traffic,2,6
D9,2026-03-06,4,L39,Noise Hub Golf City,26.91723,80.835452,11:37,11,17,11.8,0.98,low_traffic,3,6
D9,2026-03-06,4,L43,Lifestyle Store Aliganj,26.797555,80.900748,12:05,12,42,27.8,1.03,medium_traffic,4,6
D9,2026-03-06,4,L09,Vishal Mega Mart Golf City,26.795803,80.952637,13:14,13,34,32.2,1.29,medium_traffic,5,6
D9,2026-03-06,4,L33,Reliance Digital Aliganj,26.789743,80.957301,14:20,14,26,28.5,1.14,medium_traffic,6,6
D9,2026-03-07,5,L03,Reliance Fresh Aliganj,26.757265,80.856759,08:19,8,16,21.8,1.36,low_traffic,1,4
D9,2026-03-07,5,L23,Bread Talk Aliganj,26.783983,80.988456,08:56,8,36,33.4,1.39,low_traffic,2,4
D9,2026-03-07,5,L43,Lifestyle Store Aliganj,26.797555,80.900748,10:05,10,33,38.6,1.43,medium_traffic,3,4
D9,2026-03-07,5,L13,Swiggy Dark Store Gomti Extension,26.835278,81.020346,11:16,11,45,12.2,0.87,medium_traffic,4,4
D9,2026-03-09,0,L19,Netmeds Hub Chinhat,26.7959,80.841595,09:19,9,19,38.3,1.32,low_traffic,1,6
D9,2026-03-09,0,L29,Restaurant Depot Golf City,26.739708,80.867156,10:16,10,30,30.6,1.53,low_traffic,2,6
D9,2026-03-09,0,L09,Vishal Mega Mart Golf City,26.795803,80.952637,11:16,11,43,10.2,1.02,medium_traffic,3,6
D9,2026-03-09,0,L43,Lifestyle Store Aliganj,26.797555,80.900748,12:09,12,40,25.5,0.91,medium_traffic,4,6
D9,2026-03-09,0,L03,Reliance Fresh Aliganj,26.757265,80.856759,13:14,13,12,10.3,1.15,low_traffic,5,6
D9,2026-03-09,0,L33,Reliance Digital Aliganj,26.789743,80.957301,13:36,13,16,32.5,1.25,medium_traffic,6,6
D9,2026-03-10,1,L23,Bread Talk Aliganj,26.783983,80.988456,09:08,9,32,35.6,1.32,low_traffic,1,6
D9,2026-03-10,1,L29,Restaurant Depot Golf City,26.739708,80.867156,10:15,10,38,27.4,1.52,low_traffic,2,6
D9,2026-03-10,1,L19,Netmeds Hub Chinhat,26.7959,80.841595,11:20,11,19,12.1,0.93,low_traffic,3,6
D9,2026-03-10,1,L33,Reliance Digital Aliganj,26.789743,80.957301,11:51,11,17,30.3,1.01,medium_traffic,4,6
D9,2026-03-10,1,L09,Vishal Mega Mart Golf City,26.795803,80.952637,12:38,12,36,7.3,0.91,medium_traffic,5,6
D9,2026-03-10,1,L49,Bata Showroom Golf City,26.852611,80.927361,13:21,13,42,36.6,1.22,high_traffic,6,6
D9,2026-03-11,2,L33,Reliance Digital Aliganj,26.789743,80.957301,09:27,9,24,17.6,1.6,medium_traffic,1,6
D9,2026-03-11,2,L43,Lifestyle Store Aliganj,26.797555,80.900748,10:08,10,39,44.2,1.77,medium_traffic,2,6
D9,2026-03-11,2,L09,Vishal Mega Mart Golf City,26.795803,80.952637,11:31,11,43,24.2,0.93,medium_traffic,3,6
D9,2026-03-11,2,L49,Bata Showroom Golf City,26.852611,80.927361,12:38,12,42,8.6,0.96,high_traffic,4,6
D9,2026-03-11,2,L19,Netmeds Hub Chinhat,26.7959,80.841595,13:28,13,14,24.7,1.3,low_traffic,5,6
D9,2026-03-11,2,L29,Restaurant Depot Golf City,26.739708,80.867156,14:06,14,29,9.7,1.21,low_traffic,6,6
D9,2026-03-12,3,L23,Bread Talk Aliganj,26.783983,80.988456,09:30,9,35,38.6,1.38,low_traffic,1,8
D9,2026-03-12,3,L13,Swiggy Dark Store Gomti Extension,26.835278,81.020346,10:43,10,36,27.5,1.62,medium_traffic,2,8
D9,2026-03-12,3,L29,Restaurant Depot Golf City,26.739708,80.867156,11:46,11,35,15.5,0.91,low_traffic,3,8
D9,2026-03-12,3,L49,Bata Showroom Golf City,26.852611,80.927361,12:36,12,34,27.0,0.9,high_traffic,4,8
D9,2026-03-12,3,L19,Netmeds Hub Chinhat,26.7959,80.841595,13:37,13,18,11.6,1.16,low_traffic,5,8
D9,2026-03-12,3,L43,Lifestyle Store Aliganj,26.797555,80.900748,14:06,14,39,33.1,1.14,medium_traffic,6,8
D9,2026-03-12,3,L39,Noise Hub Golf City,26.91723,80.835452,15:18,15,9,18.2,0.91,low_traffic,7,8
D9,2026-03-12,3,L03,Reliance Fresh Aliganj,26.757265,80.856759,15:45,15,15,19.6,0.85,low_traffic,8,8
D9,2026-03-13,4,L09,Vishal Mega Mart Golf City,26.795803,80.952637,08:02,8,40,24.7,1.37,medium_traffic,1,8
D9,2026-03-13,4,L43,Lifestyle Store Aliganj,26.797555,80.900748,09:06,9,39,43.4,1.67,medium_traffic,2,8
D9,2026-03-13,4,L19,Netmeds Hub Chinhat,26.7959,80.841595,10:28,10,11,43.2,1.66,low_traffic,3,8
D9,2026-03-13,4,L29,Restaurant Depot Golf City,26.739708,80.867156,11:22,11,31,13.3,0.95,low_traffic,4,8
D9,2026-03-13,4,L03,Reliance Fresh Aliganj,26.757265,80.856759,12:06,12,12,13.2,0.94,low_traffic,5,8
D9,2026-03-13,4,L39,Noise Hub Golf City,26.91723,80.835452,12:31,12,12,17.0,1.0,low_traffic,6,8
D9,2026-03-13,4,L49,Bata Showroom Golf City,26.852611,80.927361,13:00,13,36,25.5,1.16,high_traffic,7,8
D9,2026-03-13,4,L13,Swiggy Dark Store Gomti Extension,26.835278,81.020346,14:01,14,48,9.7,1.21,medium_traffic,8,8
D9,2026-03-14,5,L13,Swiggy Dark Store Gomti Extension,26.835278,81.020346,09:04,9,47,14.1,1.76,medium_traffic,1,4
D9,2026-03-14,5,L23,Bread Talk Aliganj,26.783983,80.988456,10:05,10,29,36.1,1.72,low_traffic,2,4
D9,2026-03-14,5,L49,Bata Showroom Golf City,26.852611,80.927361,11:10,11,33,23.5,0.87,high_traffic,3,4
D9,2026-03-14,5,L39,Noise Hub Golf City,26.91723,80.835452,12:06,12,8,28.3,1.01,low_traffic,4,4
D9,2026-03-16,0,L39,Noise Hub Golf City,26.91723,80.835452,09:24,9,8,22.4,1.4,low_traffic,1,7
D9,2026-03-16,0,L19,Netmeds Hub Chinhat,26.7959,80.841595,09:54,9,16,16.0,1.6,low_traffic,2,7
D9,2026-03-16,0,L03,Reliance Fresh Aliganj,26.757265,80.856759,10:26,10,8,40.8,1.7,low_traffic,3,7
D9,2026-03-16,0,L23,Bread Talk Aliganj,26.783983,80.988456,11:14,11,35,23.0,0.92,low_traffic,4,7
D9,2026-03-16,0,L43,Lifestyle Store Aliganj,26.797555,80.900748,12:12,12,35,9.6,0.87,medium_traffic,5,7
D9,2026-03-16,0,L49,Bata Showroom Golf City,26.852611,80.927361,12:56,12,36,22.7,1.03,high_traffic,6,7
D9,2026-03-16,0,L09,Vishal Mega Mart Golf City,26.795803,80.952637,13:54,13,37,31.0,1.15,medium_traffic,7,7
D9,2026-03-17,1,L39,Noise Hub Golf City,26.91723,80.835452,09:00,9,19,12.7,1.59,low_traffic,1,7
D9,2026-03-17,1,L23,Bread Talk Aliganj,26.783983,80.988456,09:31,9,25,24.8,1.46,low_traffic,2,7
D9,2026-03-17,1,L29,Restaurant Depot Golf City,26.739708,80.867156,10:20,10,40,12.6,1.57,low_traffic,3,7
D9,2026-03-17,1,L43,Lifestyle Store Aliganj,26.797555,80.900748,11:12,11,38,27.0,0.9,medium_traffic,4,7
D9,2026-03-17,1,L49,Bata Showroom Golf City,26.852611,80.927361,12:17,12,44,8.8,0.88,high_traffic,5,7
D9,2026-03-17,1,L09,Vishal Mega Mart Golf City,26.795803,80.952637,13:09,13,34,35.1,1.21,medium_traffic,6,7
D9,2026-03-17,1,L03,Reliance Fresh Aliganj,26.757265,80.856759,14:18,14,20,24.4,1.22,low_traffic,7,7
D9,2026-03-18,2,L49,Bata Showroom Golf City,26.852611,80.927361,08:42,8,32,38.0,1.52,high_traffic,1,6
D9,2026-03-18,2,L13,Swiggy Dark Store Gomti Extension,26.835278,81.020346,09:52,9,38,24.8,1.38,medium_traffic,2,6
D9,2026-03-18,2,L23,Bread Talk Aliganj,26.783983,80.988456,10:54,10,25,28.8,1.6,low_traffic,3,6
D9,2026-03-18,2,L39,Noise Hub Golf City,26.91723,80.835452,11:47,11,12,20.8,1.04,low_traffic,4,6
D9,2026-03-18,2,L29,Restaurant Depot Golf City,26.739708,80.867156,12:19,12,37,29.7,0.99,low_traffic,5,6
D9,2026-03-18,2,L43,Lifestyle Store Aliganj,26.797555,80.900748,13:25,13,41,16.0,1.14,medium_traffic,6,6
D9,2026-03-19,3,L49,Bata Showroom Golf City,26.852611,80.927361,08:32,8,44,15.8,1.75,high_traffic,1,6
D9,2026-03-19,3,L29,Restaurant Depot Golf City,26.739708,80.867156,09:31,9,35,35.3,1.68,low_traffic,2,6
D9,2026-03-19,3,L43,Lifestyle Store Aliganj,26.797555,80.900748,10:41,10,38,35.6,1.32,medium_traffic,3,6
D9,2026-03-19,3,L33,Reliance Digital Aliganj,26.789743,80.957301,11:54,11,24,8.5,0.95,medium_traffic,4,6
D9,2026-03-19,3,L39,Noise Hub Golf City,26.91723,80.835452,12:26,12,19,25.5,0.88,low_traffic,5,6
D9,2026-03-19,3,L03,Reliance Fresh Aliganj,26.757265,80.856759,13:10,13,17,33.6,1.12,low_traffic,6,6
D9,2026-03-20,4,L09,Vishal Mega Mart Golf City,26.795803,80.952637,08:06,8,39,23.5,1.47,medium_traffic,1,5
D9,2026-03-20,4,L23,Bread Talk Aliganj,26.783983,80.988456,09:08,9,29,13.2,1.47,low_traffic,2,5
D9,2026-03-20,4,L29,Restaurant Depot Golf City,26.739708,80.867156,09:50,9,31,27.6,1.38,low_traffic,3,5
D9,2026-03-20,4,L49,Bata Showroom Golf City,26.852611,80.927361,10:48,10,33,15.3,1.39,high_traffic,4,5
D9,2026-03-20,4,L13,Swiggy Dark Store Gomti Extension,26.835278,81.020346,11:36,11,36,19.4,0.97,medium_traffic,5,5
D9,2026-03-21,5,L43,Lifestyle Store Aliganj,26.797555,80.900748,09:30,9,41,33.8,1.78,medium_traffic,1,4
D9,2026-03-21,5,L19,Netmeds Hub Chinhat,26.7959,80.841595,10:44,10,19,33.1,1.44,low_traffic,2,4
D9,2026-03-21,5,L09,Vishal Mega Mart Golf City,26.795803,80.952637,11:36,11,39,8.9,0.99,medium_traffic,3,4
D9,2026-03-21,5,L33,Reliance Digital Aliganj,26.789743,80.957301,12:23,12,27,28.7,0.99,medium_traffic,4,4
D9,2026-03-23,0,L39,Noise Hub Golf City,26.91723,80.835452,09:15,9,20,33.4,1.59,low_traffic,1,6
D9,2026-03-23,0,L09,Vishal Mega Mart Golf City,26.795803,80.952637,10:08,10,37,30.8,1.54,medium_traffic,2,6
D9,2026-03-23,0,L43,Lifestyle Store Aliganj,26.797555,80.900748,11:15,11,32,18.5,0.88,medium_traffic,3,6
D9,2026-03-23,0,L49,Bata Showroom Golf City,26.852611,80.927361,12:05,12,44,27.0,0.9,high_traffic,4,6
D9,2026-03-23,0,L23,Bread Talk Aliganj,26.783983,80.988456,13:16,13,29,9.8,1.22,low_traffic,5,6
D9,2026-03-23,0,L03,Reliance Fresh Aliganj,26.757265,80.856759,13:54,13,10,9.2,1.15,low_traffic,6,6
D9,2026-03-24,1,L19,Netmeds Hub Chinhat,26.7959,80.841595,08:13,8,14,42.0,1.75,low_traffic,1,8
D9,2026-03-24,1,L09,Vishal Mega Mart Golf City,26.795803,80.952637,09:09,9,37,11.9,1.32,medium_traffic,2,8
D9,2026-03-24,1,L29,Restaurant Depot Golf City,26.739708,80.867156,09:57,9,34,28.4,1.42,low_traffic,3,8
D9,2026-03-24,1,L33,Reliance Digital Aliganj,26.789743,80.957301,10:59,10,20,11.4,1.42,medium_traffic,4,8
D9,2026-03-24,1,L23,Bread Talk Aliganj,26.783983,80.988456,11:30,11,34,20.6,0.86,low_traffic,5,8
D9,2026-03-24,1,L49,Bata Showroom Golf City,26.852611,80.927361,12:24,12,38,24.4,0.87,high_traffic,6,8
D9,2026-03-24,1,L03,Reliance Fresh Aliganj,26.757265,80.856759,13:26,13,17,9.2,1.15,low_traffic,7,8
D9,2026-03-24,1,L43,Lifestyle Store Aliganj,26.797555,80.900748,13:52,13,30,13.3,1.21,medium_traffic,8,8
D9,2026-03-25,2,L23,Bread Talk Aliganj,26.783983,80.988456,08:01,8,26,28.8,1.6,low_traffic,1,6
D9,2026-03-25,2,L43,Lifestyle Store Aliganj,26.797555,80.900748,08:55,8,42,36.1,1.64,medium_traffic,2,6
D9,2026-03-25,2,L33,Reliance Digital Aliganj,26.789743,80.957301,10:13,10,26,32.8,1.49,medium_traffic,3,6
D9,2026-03-25,2,L09,Vishal Mega Mart Golf City,26.795803,80.952637,11:11,11,32,14.5,0.97,medium_traffic,4,6
D9,2026-03-25,2,L19,Netmeds Hub Chinhat,26.7959,80.841595,11:57,11,14,12.5,0.96,low_traffic,5,6
D9,2026-03-25,2,L39,Noise Hub Golf City,26.91723,80.835452,12:23,12,19,23.2,0.86,low_traffic,6,6
D9,2026-03-26,3,L49,Bata Showroom Golf City,26.852611,80.927361,08:02,8,41,36.5,1.46,high_traffic,1,8
D9,2026-03-26,3,L09,Vishal Mega Mart Golf City,26.795803,80.952637,09:19,9,36,24.5,1.44,medium_traffic,2,8
D9,2026-03-26,3,L13,Swiggy Dark Store Gomti Extension,26.835278,81.020346,10:19,10,37,14.1,1.41,medium_traffic,3,8
D9,2026-03-26,3,L43,Lifestyle Store Aliganj,26.797555,80.900748,11:10,11,38,26.9,0.96,medium_traffic,4,8
D9,2026-03-26,3,L19,Netmeds Hub Chinhat,26.7959,80.841595,12:14,12,17,21.8,0.87,low_traffic,5,8
D9,2026-03-26,3,L33,Reliance Digital Aliganj,26.789743,80.957301,12:52,12,20,26.0,0.93,medium_traffic,6,8
D9,2026-03-26,3,L39,Noise Hub Golf City,26.91723,80.835452,13:38,13,12,20.6,1.21,low_traffic,7,8
D9,2026-03-26,3,L29,Restaurant Depot Golf City,26.739708,80.867156,14:10,14,34,25.0,1.25,low_traffic,8,8
D9,2026-03-27,4,L29,Restaurant Depot Golf City,26.739708,80.867156,09:24,9,29,27.5,1.31,low_traffic,1,6
D9,2026-03-27,4,L13,Swiggy Dark Store Gomti Extension,26.835278,81.020346,10:20,10,40,20.5,1.71,medium_traffic,2,6
D9,2026-03-27,4,L19,Netmeds Hub Chinhat,26.7959,80.841595,11:20,11,15,7.7,0.96,low_traffic,3,6
D9,2026-03-27,4,L39,Noise Hub Golf City,26.91723,80.835452,11:42,11,18,18.7,0.85,low_traffic,4,6
D9,2026-03-27,4,L43,Lifestyle Store Aliganj,26.797555,80.900748,12:18,12,36,18.5,0.88,medium_traffic,5,6
D9,2026-03-27,4,L33,Reliance Digital Aliganj,26.789743,80.957301,13:12,13,20,15.4,1.1,medium_traffic,6,6
D9,2026-03-28,5,L33,Reliance Digital Aliganj,26.789743,80.957301,08:28,8,16,39.8,1.42,medium_traffic,1,3
D9,2026-03-28,5,L29,Restaurant Depot Golf City,26.739708,80.867156,09:23,9,33,16.6,1.51,low_traffic,2,3
D9,2026-03-28,5,L43,Lifestyle Store Aliganj,26.797555,80.900748,10:12,10,38,28.7,1.51,medium_traffic,3,3
D9,2026-03-30,0,L29,Restaurant Depot Golf City,26.739708,80.867156,08:37,8,37,32.1,1.46,low_traffic,1,8
D9,2026-03-30,0,L33,Reliance Digital Aliganj,26.789743,80.957301,09:46,9,21,42.9,1.43,medium_traffic,2,8
D9,2026-03-30,0,L39,Noise Hub Golf City,26.91723,80.835452,10:49,10,11,33.8,1.78,low_traffic,3,8
D9,2026-03-30,0,L43,Lifestyle Store Aliganj,26.797555,80.900748,11:33,11,41,15.7,0.87,medium_traffic,4,8
D9,2026-03-30,0,L23,Bread Talk Aliganj,26.783983,80.988456,12:29,12,33,22.9,1.04,low_traffic,5,8
D9,2026-03-30,0,L19,Netmeds Hub Chinhat,26.7959,80.841595,13:24,13,9,24.4,1.11,low_traffic,6,8
D9,2026-03-30,0,L13,Swiggy Dark Store Gomti Extension,26.835278,81.020346,13:57,13,48,12.1,1.21,medium_traffic,7,8
D9,2026-03-30,0,L09,Vishal Mega Mart Golf City,26.795803,80.952637,14:57,14,41,29.5,1.23,medium_traffic,8,8
D9,2026-03-31,1,L29,Restaurant Depot Golf City,26.739708,80.867156,08:12,8,37,52.2,1.74,low_traffic,1,8
D9,2026-03-31,1,L03,Reliance Fresh Aliganj,26.757265,80.856759,09:41,9,18,43.4,1.55,low_traffic,2,8
D9,2026-03-31,1,L09,Vishal Mega Mart Golf City,26.795803,80.952637,10:42,10,39,31.6,1.58,medium_traffic,3,8
D9,2026-03-31,1,L23,Bread Talk Aliganj,26.783983,80.988456,11:52,11,34,19.8,1.04,low_traffic,4,8
D9,2026-03-31,1,L33,Reliance Digital Aliganj,26.789743,80.957301,12:45,12,18,12.2,0.94,medium_traffic,5,8
D9,2026-03-31,1,L13,Swiggy Dark Store Gomti Extension,26.835278,81.020346,13:15,13,43,39.0,1.3,medium_traffic,6,8
D9,2026-03-31,1,L39,Noise Hub Golf City,26.91723,80.835452,14:37,14,16,12.7,1.27,low_traffic,7,8
D9,2026-03-31,1,L49,Bata Showroom Golf City,26.852611,80.927361,15:05,15,44,7.2,0.9,high_traffic,8,8
D9,2026-04-01,2,L09,Vishal Mega Mart Golf City,26.795803,80.952637,08:12,8,42,20.8,1.73,medium_traffic,1,5
D9,2026-04-01,2,L19,Netmeds Hub Chinhat,26.7959,80.841595,09:14,9,15,49.5,1.65,low_traffic,2,5
D9,2026-04-01,2,L13,Swiggy Dark Store Gomti Extension,26.835278,81.020346,10:18,10,38,40.9,1.41,medium_traffic,3,5
D9,2026-04-01,2,L33,Reliance Digital Aliganj,26.789743,80.957301,11:36,11,19,17.8,0.89,medium_traffic,4,5
D9,2026-04-01,2,L29,Restaurant Depot Golf City,26.739708,80.867156,12:12,12,36,11.7,0.9,low_traffic,5,5
D9,2026-04-02,3,L13,Swiggy Dark Store Gomti Extension,26.835278,81.020346,09:10,9,45,22.8,1.52,medium_traffic,1,6
D9,2026-04-02,3,L03,Reliance Fresh Aliganj,26.757265,80.856759,10:17,10,11,23.0,1.77,low_traffic,2,6
D9,2026-04-02,3,L29,Restaurant Depot Golf City,26.739708,80.867156,10:51,10,38,29.9,1.66,low_traffic,3,6
D9,2026-04-02,3,L43,Lifestyle Store Aliganj,26.797555,80.900748,11:58,11,33,10.6,0.88,medium_traffic,4,6
D9,2026-04-02,3,L49,Bata Showroom Golf City,26.852611,80.927361,12:41,12,41,7.9,0.99,high_traffic,5,6
D9,2026-04-02,3,L39,Noise Hub Golf City,26.91723,80.835452,13:29,13,8,33.6,1.12,low_traffic,6,6
D9,2026-04-03,4,L29,Restaurant Depot Golf City,26.739708,80.867156,08:19,8,37,15.5,1.55,low_traffic,1,5
D9,2026-04-03,4,L03,Reliance Fresh Aliganj,26.757265,80.856759,09:11,9,17,19.2,1.6,low_traffic,2,5
D9,2026-04-03,4,L09,Vishal Mega Mart Golf City,26.795803,80.952637,09:47,9,38,37.7,1.3,medium_traffic,3,5
D9,2026-04-03,4,L23,Bread Talk Aliganj,26.783983,80.988456,11:02,11,25,16.6,0.92,low_traffic,4,5
D9,2026-04-03,4,L43,Lifestyle Store Aliganj,26.797555,80.900748,11:43,11,41,14.7,0.92,medium_traffic,5,5
D9,2026-04-04,5,L13,Swiggy Dark Store Gomti Extension,26.835278,81.020346,08:01,8,48,26.0,1.3,medium_traffic,1,4
D9,2026-04-04,5,L09,Vishal Mega Mart Golf City,26.795803,80.952637,09:15,9,34,21.6,1.44,medium_traffic,2,4
D9,2026-04-04,5,L43,Lifestyle Store Aliganj,26.797555,80.900748,10:10,10,42,21.3,1.64,medium_traffic,3,4
D9,2026-04-04,5,L29,Restaurant Depot Golf City,26.739708,80.867156,11:13,11,39,28.0,1.0,low_traffic,4,4
D9,2026-04-06,0,L49,Bata Showroom Golf City,26.852611,80.927361,08:25,8,43,25.5,1.5,high_traffic,1,6
D9,2026-04-06,0,L09,Vishal Mega Mart Golf City,26.795803,80.952637,09:33,9,31,33.9,1.54,medium_traffic,2,6
D9,2026-04-06,0,L03,Reliance Fresh Aliganj,26.757265,80.856759,10:37,10,8,26.6,1.4,low_traffic,3,6
D9,2026-04-06,0,L43,Lifestyle Store Aliganj,26.797555,80.900748,11:11,11,35,8.1,0.9,medium_traffic,4,6
D9,2026-04-06,0,L13,Swiggy Dark Store Gomti Extension,26.835278,81.020346,11:54,11,45,12.6,0.97,medium_traffic,5,6
D9,2026-04-06,0,L19,Netmeds Hub Chinhat,26.7959,80.841595,12:51,12,10,16.1,0.95,low_traffic,6,6
D9,2026-04-07,1,L43,Lifestyle Store Aliganj,26.797555,80.900748,09:01,9,37,34.4,1.64,medium_traffic,1,7
D9,2026-04-07,1,L49,Bata Showroom Golf City,26.852611,80.927361,10:12,10,40,32.1,1.69,high_traffic,2,7
D9,2026-04-07,1,L33,Reliance Digital Aliganj,26.789743,80.957301,11:24,11,21,19.4,0.88,medium_traffic,3,7
D9,2026-04-07,1,L39,Noise Hub Golf City,26.91723,80.835452,12:04,12,8,22.9,0.88,low_traffic,4,7
D9,2026-04-07,1,L23,Bread Talk Aliganj,26.783983,80.988456,12:34,12,26,21.4,1.02,low_traffic,5,7
D9,2026-04-07,1,L09,Vishal Mega Mart Golf City,26.795803,80.952637,13:21,13,34,9.9,1.1,medium_traffic,6,7
D9,2026-04-07,1,L19,Netmeds Hub Chinhat,26.7959,80.841595,14:04,14,20,17.4,1.24,low_traffic,7,7
D9,2026-04-08,2,L29,Restaurant Depot Golf City,26.739708,80.867156,09:41,9,36,17.5,1.59,low_traffic,1,7
D9,2026-04-08,2,L39,Noise Hub Golf City,26.91723,80.835452,10:34,10,19,45.8,1.76,low_traffic,2,7
D9,2026-04-08,2,L13,Swiggy Dark Store Gomti Extension,26.835278,81.020346,11:38,11,43,29.0,1.0,medium_traffic,3,7
D9,2026-04-08,2,L33,Reliance Digital Aliganj,26.789743,80.957301,12:50,12,26,25.0,1.0,medium_traffic,4,7
D9,2026-04-08,2,L23,Bread Talk Aliganj,26.783983,80.988456,13:41,13,36,31.3,1.16,low_traffic,5,7
D9,2026-04-08,2,L03,Reliance Fresh Aliganj,26.757265,80.856759,14:48,14,19,30.2,1.12,low_traffic,6,7
D9,2026-04-08,2,L09,Vishal Mega Mart Golf City,26.795803,80.952637,15:37,15,40,8.5,0.95,medium_traffic,7,7
D9,2026-04-09,3,L39,Noise Hub Golf City,26.91723,80.835452,09:13,9,17,20.4,1.36,low_traffic,1,7
D9,2026-04-09,3,L23,Bread Talk Aliganj,26.783983,80.988456,09:50,9,25,28.6,1.43,low_traffic,2,7
D9,2026-04-09,3,L33,Reliance Digital Aliganj,26.789743,80.957301,10:43,10,26,17.8,1.37,medium_traffic,3,7
D9,2026-04-09,3,L19,Netmeds Hub Chinhat,26.7959,80.841595,11:26,11,16,28.8,0.96,low_traffic,4,7
D9,2026-04-09,3,L13,Swiggy Dark Store Gomti Extension,26.835278,81.020346,12:10,12,46,10.1,1.01,medium_traffic,5,7
D9,2026-04-09,3,L49,Bata Showroom Golf City,26.852611,80.927361,13:06,13,37,14.0,1.27,high_traffic,6,7
D9,2026-04-09,3,L29,Restaurant Depot Golf City,26.739708,80.867156,13:57,13,33,30.5,1.22,low_traffic,7,7
D9,2026-04-10,4,L23,Bread Talk Aliganj,26.783983,80.988456,08:12,8,35,41.0,1.71,low_traffic,1,6
D9,2026-04-10,4,L19,Netmeds Hub Chinhat,26.7959,80.841595,09:28,9,12,40.5,1.76,low_traffic,2,6
D9,2026-04-10,4,L49,Bata Showroom Golf City,26.852611,80.927361,10:20,10,34,38.9,1.39,high_traffic,3,6
D9,2026-04-10,4,L33,Reliance Digital Aliganj,26.789743,80.957301,11:32,11,22,27.6,0.92,medium_traffic,4,6
D9,2026-04-10,4,L13,Swiggy Dark Store Gomti Extension,26.835278,81.020346,12:21,12,43,30.0,1.0,medium_traffic,5,6
D9,2026-04-10,4,L29,Restaurant Depot Golf City,26.739708,80.867156,13:34,13,40,26.6,1.11,low_traffic,6,6
D9,2026-04-11,5,L29,Restaurant Depot Golf City,26.739708,80.867156,09:04,9,34,13.4,1.49,low_traffic,1,5
D9,2026-04-11,5,L19,Netmeds Hub Chinhat,26.7959,80.841595,09:51,9,19,23.1,1.65,low_traffic,2,5
D9,2026-04-11,5,L03,Reliance Fresh Aliganj,26.757265,80.856759,10:33,10,18,43.2,1.66,low_traffic,3,5
D9,2026-04-11,5,L09,Vishal Mega Mart Golf City,26.795803,80.952637,11:34,11,38,15.6,0.92,medium_traffic,4,5
D9,2026-04-11,5,L43,Lifestyle Store Aliganj,26.797555,80.900748,12:27,12,39,26.0,1.0,medium_traffic,5,5
D9,2026-04-13,0,L39,Noise Hub Golf City,26.91723,80.835452,08:43,8,17,12.6,1.57,low_traffic,1,7
D9,2026-04-13,0,L13,Swiggy Dark Store Gomti Extension,26.835278,81.020346,09:12,9,38,38.1,1.73,medium_traffic,2,7
D9,2026-04-13,0,L49,Bata Showroom Golf City,26.852611,80.927361,10:28,10,32,15.4,1.4,high_traffic,3,7
D9,2026-04-13,0,L23,Bread Talk Aliganj,26.783983,80.988456,11:15,11,33,9.2,1.02,low_traffic,4,7
D9,2026-04-13,0,L29,Restaurant Depot Golf City,26.739708,80.867156,11:57,11,29,21.6,1.03,low_traffic,5,7
D9,2026-04-13,0,L33,Reliance Digital Aliganj,26.789743,80.957301,12:47,12,15,11.2,0.93,medium_traffic,6,7
D9,2026-04-13,0,L43,Lifestyle Store Aliganj,26.797555,80.900748,13:13,13,35,20.2,1.12,medium_traffic,7,7
D9,2026-04-14,1,L03,Reliance Fresh Aliganj,26.757265,80.856759,09:31,9,12,19.2,1.48,low_traffic,1,7
D9,2026-04-14,1,L09,Vishal Mega Mart Golf City,26.795803,80.952637,10:02,10,31,24.6,1.54,medium_traffic,2,7
D9,2026-04-14,1,L13,Swiggy Dark Store Gomti Extension,26.835278,81.020346,10:57,10,44,26.0,1.3,medium_traffic,3,7
D9,2026-04-14,1,L43,Lifestyle Store Aliganj,26.797555,80.900748,12:07,12,42,22.6,0.94,medium_traffic,4,7
D9,2026-04-14,1,L33,Reliance Digital Aliganj,26.789743,80.957301,13:11,13,17,30.2,1.26,medium_traffic,5,7
D9,2026-04-14,1,L49,Bata Showroom Golf City,26.852611,80.927361,13:58,13,37,10.4,1.16,high_traffic,6,7
D9,2026-04-14,1,L23,Bread Talk Aliganj,26.783983,80.988456,14:45,14,29,22.2,1.11,low_traffic,7,7
D9,2026-04-15,2,L33,Reliance Digital Aliganj,26.789743,80.957301,09:00,9,18,19.2,1.37,medium_traffic,1,7
D9,2026-04-15,2,L19,Netmeds Hub Chinhat,26.7959,80.841595,09:37,9,14,39.0,1.56,low_traffic,2,7
D9,2026-04-15,2,L03,Reliance Fresh Aliganj,26.757265,80.856759,10:30,10,13,19.7,1.31,low_traffic,3,7
D9,2026-04-15,2,L43,Lifestyle Store Aliganj,26.797555,80.900748,11:02,11,41,9.1,1.01,medium_traffic,4,7
D9,2026-04-15,2,L49,Bata Showroom Golf City,26.852611,80.927361,11:52,11,35,6.9,0.86,high_traffic,5,7
D9,2026-04-15,2,L29,Restaurant Depot Golf City,26.739708,80.867156,12:33,12,37,8.4,0.93,low_traffic,6,7
D9,2026-04-15,2,L39,Noise Hub Golf City,26.91723,80.835452,13:18,13,10,18.6,1.16,low_traffic,7,7
D9,2026-04-16,3,L49,Bata Showroom Golf City,26.852611,80.927361,08:38,8,43,27.0,1.69,high_traffic,1,6
D9,2026-04-16,3,L33,Reliance Digital Aliganj,26.789743,80.957301,09:48,9,25,21.3,1.33,medium_traffic,2,6
D9,2026-04-16,3,L43,Lifestyle Store Aliganj,26.797555,80.900748,10:34,10,42,41.3,1.59,medium_traffic,3,6
D9,2026-04-16,3,L09,Vishal Mega Mart Golf City,26.795803,80.952637,11:57,11,40,9.4,0.94,medium_traffic,4,6
D9,2026-04-16,3,L23,Bread Talk Aliganj,26.783983,80.988456,12:46,12,33,21.8,0.95,low_traffic,5,6
D9,2026-04-16,3,L29,Restaurant Depot Golf City,26.739708,80.867156,13:40,13,32,15.4,1.28,low_traffic,6,6
D9,2026-04-17,4,L19,Netmeds Hub Chinhat,26.7959,80.841595,08:19,8,15,13.1,1.46,low_traffic,1,7
D9,2026-04-17,4,L09,Vishal Mega Mart Golf City,26.795803,80.952637,08:47,8,43,28.0,1.4,medium_traffic,2,7
D9,2026-04-17,4,L29,Restaurant Depot Golf City,26.739708,80.867156,09:58,9,36,28.0,1.65,low_traffic,3,7
D9,2026-04-17,4,L33,Reliance Digital Aliganj,26.789743,80.957301,11:02,11,24,8.3,1.04,medium_traffic,4,7
D9,2026-04-17,4,L49,Bata Showroom Golf City,26.852611,80.927361,11:34,11,42,25.5,0.91,high_traffic,5,7
D9,2026-04-17,4,L13,Swiggy Dark Store Gomti Extension,26.835278,81.020346,12:41,12,40,27.0,1.04,medium_traffic,6,7
D9,2026-04-17,4,L03,Reliance Fresh Aliganj,26.757265,80.856759,13:48,13,17,22.3,1.24,low_traffic,7,7
D9,2026-04-18,5,L43,Lifestyle Store Aliganj,26.797555,80.900748,09:09,9,42,14.7,1.63,medium_traffic,1,5
D9,2026-04-18,5,L19,Netmeds Hub Chinhat,26.7959,80.841595,10:05,10,13,14.2,1.42,low_traffic,2,5
D9,2026-04-18,5,L29,Restaurant Depot Golf City,26.739708,80.867156,10:32,10,40,47.5,1.76,low_traffic,3,5
D9,2026-04-18,5,L13,Swiggy Dark Store Gomti Extension,26.835278,81.020346,11:59,11,40,21.1,0.88,medium_traffic,4,5
D9,2026-04-18,5,L49,Bata Showroom Golf City,26.852611,80.927361,13:00,13,39,9.8,1.22,high_traffic,5,5
D9,2026-04-20,0,L09,Vishal Mega Mart Golf City,26.795803,80.952637,09:18,9,36,34.5,1.57,medium_traffic,1,6
D9,2026-04-20,0,L19,Netmeds Hub Chinhat,26.7959,80.841595,10:28,10,18,17.6,1.6,low_traffic,2,6
D9,2026-04-20,0,L39,Noise Hub Golf City,26.91723,80.835452,11:03,11,14,21.8,0.91,low_traffic,3,6
D9,2026-04-20,0,L33,Reliance Digital Aliganj,26.789743,80.957301,11:38,11,23,29.0,1.0,medium_traffic,4,6
D9,2026-04-20,0,L49,Bata Showroom Golf City,26.852611,80.927361,12:30,12,32,13.9,0.99,high_traffic,5,6
D9,2026-04-20,0,L29,Restaurant Depot Golf City,26.739708,80.867156,13:15,13,37,14.4,1.2,low_traffic,6,6
D9,2026-04-21,1,L09,Vishal Mega Mart Golf City,26.795803,80.952637,08:27,8,36,37.0,1.32,medium_traffic,1,7
D9,2026-04-21,1,L23,Bread Talk Aliganj,26.783983,80.988456,09:40,9,35,33.2,1.66,low_traffic,2,7
D9,2026-04-21,1,L49,Bata Showroom Golf City,26.852611,80.927361,10:48,10,34,25.8,1.61,high_traffic,3,7
D9,2026-04-21,1,L13,Swiggy Dark Store Gomti Extension,26.835278,81.020346,11:47,11,40,21.6,0.94,medium_traffic,4,7
D9,2026-04-21,1,L33,Reliance Digital Aliganj,26.789743,80.957301,12:48,12,16,14.6,1.04,medium_traffic,5,7
D9,2026-04-21,1,L29,Restaurant Depot Golf City,26.739708,80.867156,13:18,13,31,27.9,1.27,low_traffic,6,7
D9,2026-04-21,1,L03,Reliance Fresh Aliganj,26.757265,80.856759,14:16,14,14,24.8,1.24,low_traffic,7,7
D9,2026-04-22,2,L19,Netmeds Hub Chinhat,26.7959,80.841595,09:09,9,13,33.1,1.74,low_traffic,1,6
D9,2026-04-22,2,L39,Noise Hub Golf City,26.91723,80.835452,09:55,9,17,33.2,1.58,low_traffic,2,6
D9,2026-04-22,2,L29,Restaurant Depot Golf City,26.739708,80.867156,10:45,10,34,12.6,1.57,low_traffic,3,6
D9,2026-04-22,2,L09,Vishal Mega Mart Golf City,26.795803,80.952637,11:31,11,33,15.6,1.04,medium_traffic,4,6
D9,2026-04-22,2,L43,Lifestyle Store Aliganj,26.797555,80.900748,12:19,12,33,11.3,0.94,medium_traffic,5,6
D9,2026-04-22,2,L03,Reliance Fresh Aliganj,26.757265,80.856759,13:03,13,15,13.5,1.23,low_traffic,6,6
D9,2026-04-23,3,L39,Noise Hub Golf City,26.91723,80.835452,09:17,9,16,52.2,1.74,low_traffic,1,5
D9,2026-04-23,3,L13,Swiggy Dark Store Gomti Extension,26.835278,81.020346,10:25,10,36,35.4,1.61,medium_traffic,2,5
D9,2026-04-23,3,L19,Netmeds Hub Chinhat,26.7959,80.841595,11:36,11,12,24.5,0.98,low_traffic,3,5
D9,2026-04-23,3,L03,Reliance Fresh Aliganj,26.757265,80.856759,12:12,12,17,22.2,1.01,low_traffic,4,5
D9,2026-04-23,3,L43,Lifestyle Store Aliganj,26.797555,80.900748,12:51,12,31,14.6,0.91,medium_traffic,5,5
D9,2026-04-24,4,L39,Noise Hub Golf City,26.91723,80.835452,09:13,9,13,15.3,1.53,low_traffic,1,8
D9,2026-04-24,4,L33,Reliance Digital Aliganj,26.789743,80.957301,09:41,9,22,28.6,1.59,medium_traffic,2,8
D9,2026-04-24,4,L49,Bata Showroom Golf City,26.852611,80.927361,10:31,10,41,40.0,1.6,high_traffic,3,8
D9,2026-04-24,4,L03,Reliance Fresh Aliganj,26.757265,80.856759,11:52,11,17,21.8,0.91,low_traffic,4,8
D9,2026-04-24,4,L43,Lifestyle Store Aliganj,26.797555,80.900748,12:30,12,36,28.0,1.0,medium_traffic,5,8
D9,2026-04-24,4,L13,Swiggy Dark Store Gomti Extension,26.835278,81.020346,13:34,13,39,28.2,1.13,medium_traffic,6,8
D9,2026-04-24,4,L23,Bread Talk Aliganj,26.783983,80.988456,14:41,14,32,30.0,1.2,low_traffic,7,8
D9,2026-04-24,4,L09,Vishal Mega Mart Golf City,26.795803,80.952637,15:43,15,39,13.2,0.94,medium_traffic,8,8
D9,2026-04-25,5,L09,Vishal Mega Mart Golf City,26.795803,80.952637,08:11,8,43,38.1,1.36,medium_traffic,1,3
D9,2026-04-25,5,L19,Netmeds Hub Chinhat,26.7959,80.841595,09:32,9,18,13.0,1.63,low_traffic,2,3
D9,2026-04-25,5,L49,Bata Showroom Golf City,26.852611,80.927361,10:03,10,40,17.2,1.72,high_traffic,3,3
D9,2026-04-27,0,L49,Bata Showroom Golf City,26.852611,80.927361,08:25,8,32,40.2,1.49,high_traffic,1,5
D9,2026-04-27,0,L33,Reliance Digital Aliganj,26.789743,80.957301,09:37,9,22,15.7,1.74,medium_traffic,2,5
D9,2026-04-27,0,L43,Lifestyle Store Aliganj,26.797555,80.900748,10:14,10,37,23.9,1.59,medium_traffic,3,5
D9,2026-04-27,0,L13,Swiggy Dark Store Gomti Extension,26.835278,81.020346,11:14,11,44,26.3,1.01,medium_traffic,4,5
D9,2026-04-27,0,L03,Reliance Fresh Aliganj,26.757265,80.856759,12:24,12,17,22.0,0.88,low_traffic,5,5
D9,2026-04-28,1,L13,Swiggy Dark Store Gomti Extension,26.835278,81.020346,09:02,9,43,27.2,1.51,medium_traffic,1,6
D9,2026-04-28,1,L29,Restaurant Depot Golf City,26.739708,80.867156,10:12,10,36,32.8,1.56,low_traffic,2,6
D9,2026-04-28,1,L03,Reliance Fresh Aliganj,26.757265,80.856759,11:20,11,11,15.2,1.01,low_traffic,3,6
D9,2026-04-28,1,L49,Bata Showroom Golf City,26.852611,80.927361,11:46,11,39,27.6,0.92,high_traffic,4,6
D9,2026-04-28,1,L39,Noise Hub Golf City,26.91723,80.835452,12:52,12,15,19.6,0.85,low_traffic,5,6
D9,2026-04-28,1,L23,Bread Talk Aliganj,26.783983,80.988456,13:26,13,36,12.6,1.15,low_traffic,6,6
D9,2026-04-29,2,L49,Bata Showroom Golf City,26.852611,80.927361,09:08,9,39,38.9,1.62,high_traffic,1,6
D9,2026-04-29,2,L43,Lifestyle Store Aliganj,26.797555,80.900748,10:25,10,41,46.7,1.61,medium_traffic,2,6
D9,2026-04-29,2,L39,Noise Hub Golf City,26.91723,80.835452,11:52,11,19,14.2,0.89,low_traffic,3,6
D9,2026-04-29,2,L29,Restaurant Depot Golf City,26.739708,80.867156,12:25,12,28,16.2,1.01,low_traffic,4,6
D9,2026-04-29,2,L03,Reliance Fresh Aliganj,26.757265,80.856759,13:09,13,16,27.8,1.16,low_traffic,5,6
D9,2026-04-29,2,L19,Netmeds Hub Chinhat,26.7959,80.841595,13:52,13,12,11.4,1.14,low_traffic,6,6
D9,2026-04-30,3,L23,Bread Talk Aliganj,26.783983,80.988456,08:12,8,25,33.0,1.5,low_traffic,1,5
D9,2026-04-30,3,L33,Reliance Digital Aliganj,26.789743,80.957301,09:10,9,27,29.2,1.46,medium_traffic,2,5
D9,2026-04-30,3,L49,Bata Showroom Golf City,26.852611,80.927361,10:06,10,43,15.7,1.57,high_traffic,3,5
D9,2026-04-30,3,L13,Swiggy Dark Store Gomti Extension,26.835278,81.020346,11:04,11,43,24.1,0.86,medium_traffic,4,5
D9,2026-04-30,3,L39,Noise Hub Golf City,26.91723,80.835452,12:11,12,17,22.7,1.03,low_traffic,5,5
D10,2026-01-02,4,L50,Sports Station Faizabad Road,26.723309,80.844252,09:16,9,27,34.7,1.51,low_traffic,1,8
D10,2026-01-02,4,L34,Samsung Plaza Saharaganj,26.75334,81.024771,10:17,10,34,13.7,1.71,low_traffic,2,8
D10,2026-01-02,4,L20,HealthKart Golf City,26.894601,80.93064,11:04,11,21,22.1,1.05,medium_traffic,3,8
D10,2026-01-02,4,L44,Max Fashion Saharaganj,26.906398,80.981965,11:47,11,21,17.3,1.02,medium_traffic,4,8
D10,2026-01-02,4,L30,FoodHub Faizabad Road,26.728459,80.900786,12:25,12,32,12.0,0.86,low_traffic,5,8
D10,2026-01-02,4,L10,Lulu Hypermarket Faizabad Road,26.829006,80.89192,13:09,13,14,28.1,1.22,medium_traffic,6,8
D10,2026-01-02,4,L14,Blinkit Hub Hazratganj,26.768615,80.949901,13:51,13,35,30.0,1.25,medium_traffic,7,8
D10,2026-01-02,4,L24,French Loaf Saharaganj,26.797745,80.951418,14:56,14,32,12.5,1.14,medium_traffic,8,8
D10,2026-01-03,5,L04,D-Mart Saharaganj,26.731802,81.041406,08:06,8,43,38.8,1.55,low_traffic,1,5
D10,2026-01-03,5,L34,Samsung Plaza Saharaganj,26.75334,81.024771,09:27,9,22,50.1,1.67,low_traffic,2,5
D10,2026-01-03,5,L24,French Loaf Saharaganj,26.797745,80.951418,10:39,10,32,13.7,1.37,medium_traffic,3,5
D10,2026-01-03,5,L20,HealthKart Golf City,26.894601,80.93064,11:24,11,20,28.8,0.96,medium_traffic,4,5
D10,2026-01-03,5,L44,Max Fashion Saharaganj,26.906398,80.981965,12:12,12,24,11.8,0.91,medium_traffic,5,5
D10,2026-01-05,0,L20,HealthKart Golf City,26.894601,80.93064,09:34,9,22,29.8,1.42,medium_traffic,1,6
D10,2026-01-05,0,L30,FoodHub Faizabad Road,26.728459,80.900786,10:25,10,33,32.8,1.49,low_traffic,2,6
D10,2026-01-05,0,L40,Cables & More Faizabad Road,26.809901,80.846326,11:30,11,39,18.2,0.91,low_traffic,3,6
D10,2026-01-05,0,L04,D-Mart Saharaganj,26.731802,81.041406,12:27,12,33,19.8,0.99,low_traffic,4,6
D10,2026-01-05,0,L50,Sports Station Faizabad Road,26.723309,80.844252,13:19,13,29,23.8,1.25,low_traffic,5,6
D10,2026-01-05,0,L10,Lulu Hypermarket Faizabad Road,26.829006,80.89192,14:11,14,19,23.4,1.23,medium_traffic,6,6
D10,2026-01-06,1,L24,French Loaf Saharaganj,26.797745,80.951418,08:21,8,29,17.0,1.31,medium_traffic,1,7
D10,2026-01-06,1,L50,Sports Station Faizabad Road,26.723309,80.844252,09:07,9,19,38.9,1.34,low_traffic,2,7
D10,2026-01-06,1,L20,HealthKart Golf City,26.894601,80.93064,10:04,10,11,37.5,1.5,medium_traffic,3,7
D10,2026-01-06,1,L34,Samsung Plaza Saharaganj,26.75334,81.024771,10:52,10,23,27.5,1.62,low_traffic,4,7
D10,2026-01-06,1,L04,D-Mart Saharaganj,26.731802,81.041406,11:42,11,35,15.3,0.9,low_traffic,5,7
D10,2026-01-06,1,L40,Cables & More Faizabad Road,26.809901,80.846326,12:32,12,43,19.6,0.98,low_traffic,6,7
D10,2026-01-06,1,L10,Lulu Hypermarket Faizabad Road,26.829006,80.89192,13:34,13,20,38.4,1.28,medium_traffic,7,7
D10,2026-01-07,2,L14,Blinkit Hub Hazratganj,26.768615,80.949901,08:34,8,35,43.5,1.5,medium_traffic,1,7
D10,2026-01-07,2,L10,Lulu Hypermarket Faizabad Road,26.829006,80.89192,09:52,9,23,25.2,1.8,medium_traffic,2,7
D10,2026-01-07,2,L44,Max Fashion Saharaganj,26.906398,80.981965,10:40,10,27,21.2,1.77,medium_traffic,3,7
D10,2026-01-07,2,L04,D-Mart Saharaganj,26.731802,81.041406,11:28,11,36,29.1,1.04,low_traffic,4,7
D10,2026-01-07,2,L24,French Loaf Saharaganj,26.797745,80.951418,12:33,12,36,8.3,1.04,medium_traffic,5,7
D10,2026-01-07,2,L50,Sports Station Faizabad Road,26.723309,80.844252,13:17,13,24,32.5,1.25,low_traffic,6,7
D10,2026-01-07,2,L20,HealthKart Golf City,26.894601,80.93064,14:13,14,11,16.1,1.24,medium_traffic,7,7
D10,2026-01-08,3,L10,Lulu Hypermarket Faizabad Road,26.829006,80.89192,09:04,9,22,23.4,1.3,medium_traffic,1,6
D10,2026-01-08,3,L24,French Loaf Saharaganj,26.797745,80.951418,09:49,9,31,22.5,1.5,medium_traffic,2,6
D10,2026-01-08,3,L14,Blinkit Hub Hazratganj,26.768615,80.949901,10:42,10,27,12.5,1.39,medium_traffic,3,6
D10,2026-01-08,3,L40,Cables & More Faizabad Road,26.809901,80.846326,11:21,11,34,12.1,1.01,low_traffic,4,6
D10,2026-01-08,3,L44,Max Fashion Saharaganj,26.906398,80.981965,12:07,12,25,14.8,0.99,medium_traffic,5,6
D10,2026-01-08,3,L04,D-Mart Saharaganj,26.731802,81.041406,12:46,12,31,24.2,0.97,low_traffic,6,6
D10,2026-01-09,4,L24,French Loaf Saharaganj,26.797745,80.951418,08:30,8,28,46.7,1.73,medium_traffic,1,5
D10,2026-01-09,4,L04,D-Mart Saharaganj,26.731802,81.041406,09:44,9,35,40.9,1.46,low_traffic,2,5
D10,2026-01-09,4,L10,Lulu Hypermarket Faizabad Road,26.829006,80.89192,10:59,10,12,28.8,1.44,medium_traffic,3,5
D10,2026-01-09,4,L40,Cables & More Faizabad Road,26.809901,80.846326,11:39,11,41,7.2,0.9,low_traffic,4,5
D10,2026-01-09,4,L50,Sports Station Faizabad Road,26.723309,80.844252,12:27,12,30,13.2,0.88,low_traffic,5,5
D10,2026-01-10,5,L40,Cables & More Faizabad Road,26.809901,80.846326,09:03,9,35,27.2,1.36,low_traffic,1,4
D10,2026-01-10,5,L04,D-Mart Saharaganj,26.731802,81.041406,10:05,10,37,18.5,1.54,low_traffic,2,4
D10,2026-01-10,5,L50,Sports Station Faizabad Road,26.723309,80.844252,11:00,11,27,23.1,0.89,low_traffic,3,4
D10,2026-01-10,5,L10,Lulu Hypermarket Faizabad Road,26.829006,80.89192,11:50,11,22,19.2,1.01,medium_traffic,4,4
D10,2026-01-12,0,L04,D-Mart Saharaganj,26.731802,81.041406,09:16,9,40,29.1,1.71,low_traffic,1,8
D10,2026-01-12,0,L20,HealthKart Golf City,26.894601,80.93064,10:25,10,22,18.5,1.32,medium_traffic,2,8
D10,2026-01-12,0,L24,French Loaf Saharaganj,26.797745,80.951418,11:05,11,32,25.8,1.03,medium_traffic,3,8
D10,2026-01-12,0,L34,Samsung Plaza Saharaganj,26.75334,81.024771,12:02,12,33,11.0,0.85,low_traffic,4,8
D10,2026-01-12,0,L30,FoodHub Faizabad Road,26.728459,80.900786,12:46,12,31,18.2,1.01,low_traffic,5,8
D10,2026-01-12,0,L14,Blinkit Hub Hazratganj,26.768615,80.949901,13:35,13,37,17.5,1.25,medium_traffic,6,8
D10,2026-01-12,0,L44,Max Fashion Saharaganj,26.906398,80.981965,14:29,14,31,21.9,1.29,medium_traffic,7,8
D10,2026-01-12,0,L40,Cables & More Faizabad Road,26.809901,80.846326,15:21,15,38,22.5,0.9,low_traffic,8,8
D10,2026-01-13,1,L14,Blinkit Hub Hazratganj,26.768615,80.949901,08:16,8,31,28.2,1.76,medium_traffic,1,8
D10,2026-01-13,1,L20,HealthKart Golf City,26.894601,80.93064,09:15,9,11,50.1,1.67,medium_traffic,2,8
D10,2026-01-13,1,L10,Lulu Hypermarket Faizabad Road,26.829006,80.89192,10:16,10,15,34.3,1.49,medium_traffic,3,8
D10,2026-01-13,1,L30,FoodHub Faizabad Road,26.728459,80.900786,11:05,11,32,13.6,0.97,low_traffic,4,8
D10,2026-01-13,1,L40,Cables & More Faizabad Road,26.809901,80.846326,11:50,11,36,10.1,0.92,low_traffic,5,8
D10,2026-01-13,1,L04,D-Mart Saharaganj,26.731802,81.041406,12:36,12,38,25.7,0.99,low_traffic,6,8
D10,2026-01-13,1,L44,Max Fashion Saharaganj,26.906398,80.981965,13:39,13,30,26.6,1.21,medium_traffic,7,8
D10,2026-01-13,1,L34,Samsung Plaza Saharaganj,26.75334,81.024771,14:35,14,23,17.6,1.26,low_traffic,8,8
D10,2026-01-14,2,L30,FoodHub Faizabad Road,26.728459,80.900786,09:27,9,30,18.9,1.35,low_traffic,1,6
D10,2026-01-14,2,L20,HealthKart Golf City,26.894601,80.93064,10:15,10,18,31.3,1.65,medium_traffic,2,6
D10,2026-01-14,2,L34,Samsung Plaza Saharaganj,26.75334,81.024771,11:04,11,33,9.5,0.86,low_traffic,3,6
D10,2026-01-14,2,L14,Blinkit Hub Hazratganj,26.768615,80.949901,11:46,11,28,22.8,0.99,medium_traffic,4,6
D10,2026-01-14,2,L10,Lulu Hypermarket Faizabad Road,26.829006,80.89192,12:36,12,20,12.2,0.87,medium_traffic,5,6
D10,2026-01-14,2,L24,French Loaf Saharaganj,26.797745,80.951418,13:08,13,28,11.2,1.12,medium_traffic,6,6
D10,2026-01-15,3,L24,French Loaf Saharaganj,26.797745,80.951418,08:35,8,36,13.8,1.53,medium_traffic,1,7
D10,2026-01-15,3,L40,Cables & More Faizabad Road,26.809901,80.846326,09:24,9,40,45.9,1.64,low_traffic,2,7
D10,2026-01-15,3,L10,Lulu Hypermarket Faizabad Road,26.829006,80.89192,10:49,10,13,24.8,1.46,medium_traffic,3,7
D10,2026-01-15,3,L04,D-Mart Saharaganj,26.731802,81.041406,11:26,11,31,20.2,0.92,low_traffic,4,7
D10,2026-01-15,3,L14,Blinkit Hub Hazratganj,26.768615,80.949901,12:17,12,35,23.2,0.93,medium_traffic,5,7
D10,2026-01-15,3,L50,Sports Station Faizabad Road,26.723309,80.844252,13:15,13,24,15.2,1.27,low_traffic,6,7
D10,2026-01-15,3,L44,Max Fashion Saharaganj,26.906398,80.981965,13:54,13,24,36.5,1.26,medium_traffic,7,7
D10,2026-01-16,4,L24,French Loaf Saharaganj,26.797745,80.951418,08:11,8,35,18.2,1.4,medium_traffic,1,6
D10,2026-01-16,4,L34,Samsung Plaza Saharaganj,26.75334,81.024771,09:04,9,32,27.4,1.52,low_traffic,2,6
D10,2026-01-16,4,L30,FoodHub Faizabad Road,26.728459,80.900786,10:03,10,41,29.7,1.65,low_traffic,3,6
D10,2026-01-16,4,L04,D-Mart Saharaganj,26.731802,81.041406,11:13,11,33,15.3,0.85,low_traffic,4,6
D10,2026-01-16,4,L20,HealthKart Golf City,26.894601,80.93064,12:01,12,11,9.7,0.88,medium_traffic,5,6
D10,2026-01-16,4,L40,Cables & More Faizabad Road,26.809901,80.846326,12:21,12,32,10.9,0.91,low_traffic,6,6
D10,2026-01-17,5,L34,Samsung Plaza Saharaganj,26.75334,81.024771,08:06,8,28,35.8,1.79,low_traffic,1,4
D10,2026-01-17,5,L44,Max Fashion Saharaganj,26.906398,80.981965,09:09,9,32,24.5,1.75,medium_traffic,2,4
D10,2026-01-17,5,L14,Blinkit Hub Hazratganj,26.768615,80.949901,10:05,10,27,18.7,1.56,medium_traffic,3,4
D10,2026-01-17,5,L10,Lulu Hypermarket Faizabad Road,26.829006,80.89192,10:50,10,11,27.7,1.73,medium_traffic,4,4
D10,2026-01-19,0,L40,Cables & More Faizabad Road,26.809901,80.846326,08:41,8,43,38.0,1.31,low_traffic,1,5
D10,2026-01-19,0,L30,FoodHub Faizabad Road,26.728459,80.900786,10:02,10,31,14.5,1.61,low_traffic,2,5
D10,2026-01-19,0,L44,Max Fashion Saharaganj,26.906398,80.981965,10:47,10,25,19.0,1.36,medium_traffic,3,5
D10,2026-01-19,0,L04,D-Mart Saharaganj,26.731802,81.041406,11:31,11,34,13.4,0.96,low_traffic,4,5
D10,2026-01-19,0,L20,HealthKart Golf City,26.894601,80.93064,12:18,12,13,13.6,0.97,medium_traffic,5,5
D10,2026-01-20,1,L30,FoodHub Faizabad Road,26.728459,80.900786,09:26,9,32,29.5,1.64,low_traffic,1,6
D10,2026-01-20,1,L34,Samsung Plaza Saharaganj,26.75334,81.024771,10:27,10,30,18.3,1.41,low_traffic,2,6
D10,2026-01-20,1,L40,Cables & More Faizabad Road,26.809901,80.846326,11:15,11,41,15.8,0.93,low_traffic,3,6
D10,2026-01-20,1,L44,Max Fashion Saharaganj,26.906398,80.981965,12:11,12,23,7.5,0.94,medium_traffic,4,6
D10,2026-01-20,1,L50,Sports Station Faizabad Road,26.723309,80.844252,12:41,12,24,21.6,0.9,low_traffic,5,6
D10,2026-01-20,1,L14,Blinkit Hub Hazratganj,26.768615,80.949901,13:26,13,27,19.0,1.19,medium_traffic,6,6
D10,2026-01-21,2,L04,D-Mart Saharaganj,26.731802,81.041406,08:39,8,36,23.1,1.54,low_traffic,1,5
D10,2026-01-21,2,L24,French Loaf Saharaganj,26.797745,80.951418,09:38,9,32,15.0,1.5,medium_traffic,2,5
D10,2026-01-21,2,L44,Max Fashion Saharaganj,26.906398,80.981965,10:25,10,27,32.8,1.64,medium_traffic,3,5
D10,2026-01-21,2,L14,Blinkit Hub Hazratganj,26.768615,80.949901,11:24,11,34,16.6,0.92,medium_traffic,4,5
D10,2026-01-21,2,L40,Cables & More Faizabad Road,26.809901,80.846326,12:14,12,39,16.3,1.02,low_traffic,5,5
D10,2026-01-22,3,L30,FoodHub Faizabad Road,26.728459,80.900786,09:19,9,42,31.1,1.35,low_traffic,1,8
D10,2026-01-22,3,L14,Blinkit Hub Hazratganj,26.768615,80.949901,10:32,10,28,27.0,1.8,medium_traffic,2,8
D10,2026-01-22,3,L50,Sports Station Faizabad Road,26.723309,80.844252,11:27,11,29,24.2,0.93,low_traffic,3,8
D10,2026-01-22,3,L04,D-Mart Saharaganj,26.731802,81.041406,12:20,12,38,15.6,0.92,low_traffic,4,8
D10,2026-01-22,3,L44,Max Fashion Saharaganj,26.906398,80.981965,13:13,13,33,20.2,1.26,medium_traffic,5,8
D10,2026-01-22,3,L40,Cables & More Faizabad Road,26.809901,80.846326,14:06,14,42,21.2,1.18,low_traffic,6,8
D10,2026-01-22,3,L20,HealthKart Golf City,26.894601,80.93064,15:09,15,18,12.6,0.9,medium_traffic,7,8
D10,2026-01-22,3,L34,Samsung Plaza Saharaganj,26.75334,81.024771,15:39,15,33,29.1,0.97,low_traffic,8,8
D10,2026-01-23,4,L34,Samsung Plaza Saharaganj,26.75334,81.024771,09:37,9,27,15.2,1.38,low_traffic,1,8
D10,2026-01-23,4,L44,Max Fashion Saharaganj,26.906398,80.981965,10:19,10,31,20.0,1.54,medium_traffic,2,8
D10,2026-01-23,4,L04,D-Mart Saharaganj,26.731802,81.041406,11:10,11,42,26.3,0.94,low_traffic,3,8
D10,2026-01-23,4,L50,Sports Station Faizabad Road,26.723309,80.844252,12:18,12,29,14.6,1.04,low_traffic,4,8
D10,2026-01-23,4,L20,HealthKart Golf City,26.894601,80.93064,13:01,13,15,18.4,1.23,medium_traffic,5,8
D10,2026-01-23,4,L14,Blinkit Hub Hazratganj,26.768615,80.949901,13:34,13,29,33.3,1.15,medium_traffic,6,8
D10,2026-01-23,4,L30,FoodHub Faizabad Road,26.728459,80.900786,14:36,14,38,21.2,1.18,low_traffic,7,8
D10,2026-01-23,4,L10,Lulu Hypermarket Faizabad Road,26.829006,80.89192,15:35,15,21,15.0,1.0,medium_traffic,8,8
D10,2026-01-24,5,L50,Sports Station Faizabad Road,26.723309,80.844252,08:39,8,30,40.0,1.6,low_traffic,1,5
D10,2026-01-24,5,L24,French Loaf Saharaganj,26.797745,80.951418,09:49,9,28,34.2,1.63,medium_traffic,2,5
D10,2026-01-24,5,L40,Cables & More Faizabad Road,26.809901,80.846326,10:51,10,42,22.2,1.48,low_traffic,3,5
D10,2026-01-24,5,L30,FoodHub Faizabad Road,26.728459,80.900786,11:55,11,31,10.4,1.04,low_traffic,4,5
D10,2026-01-24,5,L44,Max Fashion Saharaganj,26.906398,80.981965,12:36,12,31,22.3,0.93,medium_traffic,5,5
D10,2026-01-26,0,L24,French Loaf Saharaganj,26.797745,80.951418,09:03,9,39,20.0,1.54,medium_traffic,1,6
D10,2026-01-26,0,L10,Lulu Hypermarket Faizabad Road,26.829006,80.89192,10:02,10,12,13.8,1.72,medium_traffic,2,6
D10,2026-01-26,0,L44,Max Fashion Saharaganj,26.906398,80.981965,10:27,10,27,38.9,1.44,medium_traffic,3,6
D10,2026-01-26,0,L20,HealthKart Golf City,26.894601,80.93064,11:32,11,21,25.2,1.01,medium_traffic,4,6
D10,2026-01-26,0,L34,Samsung Plaza Saharaganj,26.75334,81.024771,12:18,12,28,10.2,0.85,low_traffic,5,6
D10,2026-01-26,0,L50,Sports Station Faizabad Road,26.723309,80.844252,12:56,12,21,26.0,1.0,low_traffic,6,6
D10,2026-01-27,1,L04,D-Mart Saharaganj,26.731802,81.041406,08:20,8,42,19.4,1.62,low_traffic,1,5
D10,2026-01-27,1,L20,HealthKart Golf City,26.894601,80.93064,09:21,9,12,44.5,1.59,medium_traffic,2,5
D10,2026-01-27,1,L10,Lulu Hypermarket Faizabad Road,26.829006,80.89192,10:17,10,15,44.7,1.49,medium_traffic,3,5
D10,2026-01-27,1,L50,Sports Station Faizabad Road,26.723309,80.844252,11:16,11,21,18.4,0.92,low_traffic,4,5
D10,2026-01-27,1,L30,FoodHub Faizabad Road,26.728459,80.900786,11:55,11,39,14.4,1.03,low_traffic,5,5
D10,2026-01-28,2,L10,Lulu Hypermarket Faizabad Road,26.829006,80.89192,08:11,8,17,48.6,1.62,medium_traffic,1,5
D10,2026-01-28,2,L20,HealthKart Golf City,26.894601,80.93064,09:16,9,17,43.2,1.66,medium_traffic,2,5
D10,2026-01-28,2,L50,Sports Station Faizabad Road,26.723309,80.844252,10:16,10,25,28.1,1.34,low_traffic,3,5
D10,2026-01-28,2,L40,Cables & More Faizabad Road,26.809901,80.846326,11:09,11,38,8.4,1.05,low_traffic,4,5
D10,2026-01-28,2,L34,Samsung Plaza Saharaganj,26.75334,81.024771,11:55,11,25,24.8,0.99,low_traffic,5,5
D10,2026-01-29,3,L24,French Loaf Saharaganj,26.797745,80.951418,08:07,8,30,45.0,1.5,medium_traffic,1,6
D10,2026-01-29,3,L30,FoodHub Faizabad Road,26.728459,80.900786,09:22,9,41,25.3,1.58,low_traffic,2,6
D10,2026-01-29,3,L44,Max Fashion Saharaganj,26.906398,80.981965,10:28,10,24,15.9,1.59,medium_traffic,3,6
D10,2026-01-29,3,L50,Sports Station Faizabad Road,26.723309,80.844252,11:07,11,22,14.4,0.9,low_traffic,4,6
D10,2026-01-29,3,L40,Cables & More Faizabad Road,26.809901,80.846326,11:43,11,38,25.8,0.89,low_traffic,5,6
D10,2026-01-29,3,L20,HealthKart Golf City,26.894601,80.93064,12:46,12,22,29.6,1.02,medium_traffic,6,6
D10,2026-01-30,4,L30,FoodHub Faizabad Road,26.728459,80.900786,08:27,8,30,21.7,1.55,low_traffic,1,6
D10,2026-01-30,4,L34,Samsung Plaza Saharaganj,26.75334,81.024771,09:18,9,30,21.4,1.34,low_traffic,2,6
D10,2026-01-30,4,L10,Lulu Hypermarket Faizabad Road,26.829006,80.89192,10:09,10,11,27.0,1.35,medium_traffic,3,6
D10,2026-01-30,4,L20,HealthKart Golf City,26.894601,80.93064,10:47,10,20,46.5,1.79,medium_traffic,4,6
D10,2026-01-30,4,L50,Sports Station Faizabad Road,26.723309,80.844252,11:53,11,28,28.7,0.99,low_traffic,5,6
D10,2026-01-30,4,L04,D-Mart Saharaganj,26.731802,81.041406,12:49,12,31,7.0,0.87,low_traffic,6,6
D10,2026-01-31,5,L30,FoodHub Faizabad Road,26.728459,80.900786,08:04,8,30,47.0,1.74,low_traffic,1,4
D10,2026-01-31,5,L14,Blinkit Hub Hazratganj,26.768615,80.949901,09:21,9,26,17.0,1.42,medium_traffic,2,4
D10,2026-01-31,5,L40,Cables & More Faizabad Road,26.809901,80.846326,10:04,10,36,24.9,1.78,low_traffic,3,4
D10,2026-01-31,5,L10,Lulu Hypermarket Faizabad Road,26.829006,80.89192,11:04,11,15,17.1,0.95,medium_traffic,4,4
D10,2026-02-02,0,L20,HealthKart Golf City,26.894601,80.93064,08:31,8,11,44.7,1.72,medium_traffic,1,7
D10,2026-02-02,0,L10,Lulu Hypermarket Faizabad Road,26.829006,80.89192,09:26,9,17,35.0,1.4,medium_traffic,2,7
D10,2026-02-02,0,L44,Max Fashion Saharaganj,26.906398,80.981965,10:18,10,33,23.9,1.33,medium_traffic,3,7
D10,2026-02-02,0,L30,FoodHub Faizabad Road,26.728459,80.900786,11:14,11,31,28.5,0.95,low_traffic,4,7
D10,2026-02-02,0,L40,Cables & More Faizabad Road,26.809901,80.846326,12:13,12,35,11.1,1.01,low_traffic,5,7
D10,2026-02-02,0,L14,Blinkit Hub Hazratganj,26.768615,80.949901,12:59,12,26,30.9,1.03,medium_traffic,6,7
D10,2026-02-02,0,L50,Sports Station Faizabad Road,26.723309,80.844252,13:55,13,18,20.7,1.22,low_traffic,7,7
D10,2026-02-03,1,L24,French Loaf Saharaganj,26.797745,80.951418,08:08,8,37,37.8,1.72,medium_traffic,1,6
D10,2026-02-03,1,L34,Samsung Plaza Saharaganj,26.75334,81.024771,09:22,9,29,17.4,1.45,low_traffic,2,6
D10,2026-02-03,1,L20,HealthKart Golf City,26.894601,80.93064,10:08,10,22,17.7,1.77,medium_traffic,3,6
D10,2026-02-03,1,L40,Cables & More Faizabad Road,26.809901,80.846326,10:47,10,38,24.6,1.76,low_traffic,4,6
D10,2026-02-03,1,L10,Lulu Hypermarket Faizabad Road,26.829006,80.89192,11:49,11,16,22.8,0.95,medium_traffic,5,6
D10,2026-02-03,1,L50,Sports Station Faizabad Road,26.723309,80.844252,12:27,12,24,16.1,0.95,low_traffic,6,6
D10,2026-02-04,2,L24,French Loaf Saharaganj,26.797745,80.951418,09:07,9,29,28.7,1.69,medium_traffic,1,6
D10,2026-02-04,2,L20,HealthKart Golf City,26.894601,80.93064,10:04,10,11,17.0,1.42,medium_traffic,2,6
D10,2026-02-04,2,L40,Cables & More Faizabad Road,26.809901,80.846326,10:32,10,33,13.2,1.47,low_traffic,3,6
D10,2026-02-04,2,L30,FoodHub Faizabad Road,26.728459,80.900786,11:18,11,35,9.9,0.99,low_traffic,4,6
D10,2026-02-04,2,L10,Lulu Hypermarket Faizabad Road,26.829006,80.89192,12:02,12,17,8.0,0.89,medium_traffic,5,6
D10,2026-02-04,2,L04,D-Mart Saharaganj,26.731802,81.041406,12:27,12,41,20.4,0.97,low_traffic,6,6
D10,2026-02-05,3,L34,Samsung Plaza Saharaganj,26.75334,81.024771,08:41,8,23,26.4,1.55,low_traffic,1,6
D10,2026-02-05,3,L40,Cables & More Faizabad Road,26.809901,80.846326,09:30,9,37,36.4,1.3,low_traffic,2,6
D10,2026-02-05,3,L04,D-Mart Saharaganj,26.731802,81.041406,10:43,10,42,14.4,1.44,low_traffic,3,6
D10,2026-02-05,3,L30,FoodHub Faizabad Road,26.728459,80.900786,11:39,11,39,23.5,0.94,low_traffic,4,6
D10,2026-02-05,3,L10,Lulu Hypermarket Faizabad Road,26.829006,80.89192,12:41,12,19,15.8,0.99,medium_traffic,5,6
D10,2026-02-05,3,L24,French Loaf Saharaganj,26.797745,80.951418,13:15,13,33,23.0,1.21,medium_traffic,6,6
D10,2026-02-06,4,L30,FoodHub Faizabad Road,26.728459,80.900786,09:28,9,36,42.6,1.47,low_traffic,1,8
D10,2026-02-06,4,L14,Blinkit Hub Hazratganj,26.768615,80.949901,10:46,10,37,26.6,1.4,medium_traffic,2,8
D10,2026-02-06,4,L40,Cables & More Faizabad Road,26.809901,80.846326,11:49,11,34,11.4,0.95,low_traffic,3,8
D10,2026-02-06,4,L10,Lulu Hypermarket Faizabad Road,26.829006,80.89192,12:34,12,18,9.4,0.94,medium_traffic,4,8
D10,2026-02-06,4,L24,French Loaf Saharaganj,26.797745,80.951418,13:01,13,29,22.6,1.13,medium_traffic,5,8
D10,2026-02-06,4,L20,HealthKart Golf City,26.894601,80.93064,13:52,13,16,23.8,1.25,medium_traffic,6,8
D10,2026-02-06,4,L04,D-Mart Saharaganj,26.731802,81.041406,14:31,14,37,18.7,1.17,low_traffic,7,8
D10,2026-02-06,4,L34,Samsung Plaza Saharaganj,26.75334,81.024771,15:26,15,22,23.5,1.02,low_traffic,8,8
D10,2026-02-07,5,L40,Cables & More Faizabad Road,26.809901,80.846326,09:32,9,34,34.0,1.62,low_traffic,1,5
D10,2026-02-07,5,L30,FoodHub Faizabad Road,26.728459,80.900786,10:40,10,38,42.9,1.43,low_traffic,2,5
D10,2026-02-07,5,L34,Samsung Plaza Saharaganj,26.75334,81.024771,12:00,12,22,10.3,0.94,low_traffic,3,5
D10,2026-02-07,5,L50,Sports Station Faizabad Road,26.723309,80.844252,12:32,12,24,23.8,0.85,low_traffic,4,5
D10,2026-02-07,5,L24,French Loaf Saharaganj,26.797745,80.951418,13:19,13,27,31.9,1.18,medium_traffic,5,5
D10,2026-02-09,0,L40,Cables & More Faizabad Road,26.809901,80.846326,08:32,8,37,18.3,1.66,low_traffic,1,7
D10,2026-02-09,0,L20,HealthKart Golf City,26.894601,80.93064,09:27,9,12,50.5,1.74,medium_traffic,2,7
D10,2026-02-09,0,L10,Lulu Hypermarket Faizabad Road,26.829006,80.89192,10:29,10,19,16.4,1.37,medium_traffic,3,7
D10,2026-02-09,0,L34,Samsung Plaza Saharaganj,26.75334,81.024771,11:04,11,30,11.4,0.88,low_traffic,4,7
D10,2026-02-09,0,L04,D-Mart Saharaganj,26.731802,81.041406,11:45,11,39,7.0,0.88,low_traffic,5,7
D10,2026-02-09,0,L50,Sports Station Faizabad Road,26.723309,80.844252,12:31,12,20,16.4,0.91,low_traffic,6,7
D10,2026-02-09,0,L44,Max Fashion Saharaganj,26.906398,80.981965,13:07,13,30,23.0,1.21,medium_traffic,7,7
D10,2026-02-10,1,L34,Samsung Plaza Saharaganj,26.75334,81.024771,08:23,8,33,19.1,1.74,low_traffic,1,7
D10,2026-02-10,1,L10,Lulu Hypermarket Faizabad Road,26.829006,80.89192,09:15,9,16,20.4,1.36,medium_traffic,2,7
D10,2026-02-10,1,L14,Blinkit Hub Hazratganj,26.768615,80.949901,09:51,9,28,29.3,1.63,medium_traffic,3,7
D10,2026-02-10,1,L24,French Loaf Saharaganj,26.797745,80.951418,10:48,10,29,32.1,1.46,medium_traffic,4,7
D10,2026-02-10,1,L30,FoodHub Faizabad Road,26.728459,80.900786,11:49,11,38,24.6,0.88,low_traffic,5,7
D10,2026-02-10,1,L20,HealthKart Golf City,26.894601,80.93064,12:51,12,22,7.8,0.97,medium_traffic,6,7
D10,2026-02-10,1,L40,Cables & More Faizabad Road,26.809901,80.846326,13:20,13,33,21.9,1.29,low_traffic,7,7
D10,2026-02-11,2,L10,Lulu Hypermarket Faizabad Road,26.829006,80.89192,08:04,8,12,22.3,1.31,medium_traffic,1,7
D10,2026-02-11,2,L24,French Loaf Saharaganj,26.797745,80.951418,08:38,8,32,48.3,1.61,medium_traffic,2,7
D10,2026-02-11,2,L50,Sports Station Faizabad Road,26.723309,80.844252,09:58,9,27,14.2,1.42,low_traffic,3,7
D10,2026-02-11,2,L14,Blinkit Hub Hazratganj,26.768615,80.949901,10:39,10,37,17.6,1.47,medium_traffic,4,7
D10,2026-02-11,2,L20,HealthKart Golf City,26.894601,80.93064,11:33,11,20,11.0,1.0,medium_traffic,5,7
D10,2026-02-11,2,L34,Samsung Plaza Saharaganj,26.75334,81.024771,12:04,12,30,20.7,0.9,low_traffic,6,7
D10,2026-02-11,2,L44,Max Fashion Saharaganj,26.906398,80.981965,12:54,12,25,20.5,0.93,medium_traffic,7,7
D10,2026-02-12,3,L30,FoodHub Faizabad Road,26.728459,80.900786,08:22,8,40,38.8,1.55,low_traffic,1,6
D10,2026-02-12,3,L34,Samsung Plaza Saharaganj,26.75334,81.024771,09:40,9,32,13.3,1.66,low_traffic,2,6
D10,2026-02-12,3,L20,HealthKart Golf City,26.894601,80.93064,10:25,10,18,39.6,1.8,medium_traffic,3,6
D10,2026-02-12,3,L14,Blinkit Hub Hazratganj,26.768615,80.949901,11:22,11,35,10.7,0.97,medium_traffic,4,6
D10,2026-02-12,3,L44,Max Fashion Saharaganj,26.906398,80.981965,12:07,12,31,13.2,0.88,medium_traffic,5,6
D10,2026-02-12,3,L10,Lulu Hypermarket Faizabad Road,26.829006,80.89192,12:51,12,18,29.1,0.97,medium_traffic,6,6
D10,2026-02-13,4,L30,FoodHub Faizabad Road,26.728459,80.900786,09:37,9,42,47.7,1.59,low_traffic,1,7
D10,2026-02-13,4,L50,Sports Station Faizabad Road,26.723309,80.844252,11:06,11,20,13.6,0.85,low_traffic,2,7
D10,2026-02-13,4,L14,Blinkit Hub Hazratganj,26.768615,80.949901,11:39,11,31,7.8,0.97,medium_traffic,3,7
D10,2026-02-13,4,L10,Lulu Hypermarket Faizabad Road,26.829006,80.89192,12:17,12,20,20.4,0.97,medium_traffic,4,7
D10,2026-02-13,4,L44,Max Fashion Saharaganj,26.906398,80.981965,12:57,12,25,29.4,0.98,medium_traffic,5,7
D10,2026-02-13,4,L40,Cables & More Faizabad Road,26.809901,80.846326,13:51,13,40,14.0,1.17,low_traffic,6,7
D10,2026-02-13,4,L24,French Loaf Saharaganj,26.797745,80.951418,14:45,14,33,30.5,1.22,medium_traffic,7,7
D10,2026-02-14,5,L40,Cables & More Faizabad Road,26.809901,80.846326,09:17,9,33,13.4,1.49,low_traffic,1,3
D10,2026-02-14,5,L10,Lulu Hypermarket Faizabad Road,26.829006,80.89192,10:03,10,18,18.0,1.5,medium_traffic,2,3
D10,2026-02-14,5,L30,FoodHub Faizabad Road,26.728459,80.900786,10:39,10,36,22.6,1.51,low_traffic,3,3
D10,2026-02-16,0,L34,Samsung Plaza Saharaganj,26.75334,81.024771,08:30,8,31,44.8,1.66,low_traffic,1,5
D10,2026-02-16,0,L50,Sports Station Faizabad Road,26.723309,80.844252,09:45,9,24,37.3,1.38,low_traffic,2,5
D10,2026-02-16,0,L10,Lulu Hypermarket Faizabad Road,26.829006,80.89192,10:46,10,18,24.6,1.45,medium_traffic,3,5
D10,2026-02-16,0,L30,FoodHub Faizabad Road,26.728459,80.900786,11:28,11,32,23.0,1.0,low_traffic,4,5
D10,2026-02-16,0,L20,HealthKart Golf City,26.894601,80.93064,12:23,12,18,7.3,0.91,medium_traffic,5,5
D10,2026-02-17,1,L44,Max Fashion Saharaganj,26.906398,80.981965,08:17,8,23,40.2,1.34,medium_traffic,1,7
D10,2026-02-17,1,L04,D-Mart Saharaganj,26.731802,81.041406,09:20,9,36,26.1,1.45,low_traffic,2,7
D10,2026-02-17,1,L40,Cables & More Faizabad Road,26.809901,80.846326,10:22,10,41,28.4,1.42,low_traffic,3,7
D10,2026-02-17,1,L20,HealthKart Golf City,26.894601,80.93064,11:31,11,15,21.8,0.87,medium_traffic,4,7
D10,2026-02-17,1,L10,Lulu Hypermarket Faizabad Road,26.829006,80.89192,12:07,12,20,15.5,0.91,medium_traffic,5,7
D10,2026-02-17,1,L14,Blinkit Hub Hazratganj,26.768615,80.949901,12:42,12,27,20.8,1.04,medium_traffic,6,7
D10,2026-02-17,1,L30,FoodHub Faizabad Road,26.728459,80.900786,13:29,13,42,33.0,1.27,low_traffic,7,7
D10,2026-02-18,2,L20,HealthKart Golf City,26.894601,80.93064,08:42,8,20,24.7,1.37,medium_traffic,1,8
D10,2026-02-18,2,L10,Lulu Hypermarket Faizabad Road,26.829006,80.89192,09:26,9,13,30.4,1.6,medium_traffic,2,8
D10,2026-02-18,2,L30,FoodHub Faizabad Road,26.728459,80.900786,10:09,10,35,17.7,1.77,low_traffic,3,8
D10,2026-02-18,2,L50,Sports Station Faizabad Road,26.723309,80.844252,11:01,11,26,11.8,0.98,low_traffic,4,8
D10,2026-02-18,2,L34,Samsung Plaza Saharaganj,26.75334,81.024771,11:38,11,26,8.4,0.93,low_traffic,5,8
D10,2026-02-18,2,L40,Cables & More Faizabad Road,26.809901,80.846326,12:12,12,41,10.2,0.85,low_traffic,6,8
D10,2026-02-18,2,L14,Blinkit Hub Hazratganj,26.768615,80.949901,13:03,13,36,15.5,1.19,medium_traffic,7,8
D10,2026-02-18,2,L44,Max Fashion Saharaganj,26.906398,80.981965,13:54,13,28,12.2,1.22,medium_traffic,8,8
D10,2026-02-19,3,L24,French Loaf Saharaganj,26.797745,80.951418,08:26,8,28,19.9,1.53,medium_traffic,1,6
D10,2026-02-19,3,L34,Samsung Plaza Saharaganj,26.75334,81.024771,09:13,9,31,22.2,1.48,low_traffic,2,6
D10,2026-02-19,3,L04,D-Mart Saharaganj,26.731802,81.041406,10:06,10,37,27.8,1.39,low_traffic,3,6
D10,2026-02-19,3,L10,Lulu Hypermarket Faizabad Road,26.829006,80.89192,11:10,11,11,22.3,0.97,medium_traffic,4,6
D10,2026-02-19,3,L20,HealthKart Golf City,26.894601,80.93064,11:43,11,15,11.2,0.93,medium_traffic,5,6
D10,2026-02-19,3,L40,Cables & More Faizabad Road,26.809901,80.846326,12:09,12,33,14.0,1.0,low_traffic,6,6
D10,2026-02-20,4,L14,Blinkit Hub Hazratganj,26.768615,80.949901,08:26,8,25,35.1,1.35,medium_traffic,1,6
D10,2026-02-20,4,L10,Lulu Hypermarket Faizabad Road,26.829006,80.89192,09:26,9,21,20.2,1.35,medium_traffic,2,6
D10,2026-02-20,4,L34,Samsung Plaza Saharaganj,26.75334,81.024771,10:07,10,31,27.0,1.42,low_traffic,3,6
D10,2026-02-20,4,L30,FoodHub Faizabad Road,26.728459,80.900786,11:05,11,37,24.3,0.9,low_traffic,4,6
D10,2026-02-20,4,L20,HealthKart Golf City,26.894601,80.93064,12:06,12,10,7.8,0.87,medium_traffic,5,6
D10,2026-02-20,4,L44,Max Fashion Saharaganj,26.906398,80.981965,12:23,12,23,6.9,0.86,medium_traffic,6,6
D10,2026-02-21,5,L30,FoodHub Faizabad Road,26.728459,80.900786,09:44,9,41,37.2,1.55,low_traffic,1,5
D10,2026-02-21,5,L24,French Loaf Saharaganj,26.797745,80.951418,11:02,11,31,24.8,0.92,medium_traffic,2,5
D10,2026-02-21,5,L40,Cables & More Faizabad Road,26.809901,80.846326,11:57,11,41,18.7,0.85,low_traffic,3,5
D10,2026-02-21,5,L44,Max Fashion Saharaganj,26.906398,80.981965,12:56,12,24,12.6,1.05,medium_traffic,4,5
D10,2026-02-21,5,L14,Blinkit Hub Hazratganj,26.768615,80.949901,13:32,13,36,20.9,1.1,medium_traffic,5,5
D10,2026-02-23,0,L30,FoodHub Faizabad Road,26.728459,80.900786,09:21,9,41,32.8,1.49,low_traffic,1,6
D10,2026-02-23,0,L04,D-Mart Saharaganj,26.731802,81.041406,10:34,10,38,21.6,1.44,low_traffic,2,6
D10,2026-02-23,0,L50,Sports Station Faizabad Road,26.723309,80.844252,11:33,11,27,9.3,0.85,low_traffic,3,6
D10,2026-02-23,0,L44,Max Fashion Saharaganj,26.906398,80.981965,12:09,12,24,17.3,0.91,medium_traffic,4,6
D10,2026-02-23,0,L20,HealthKart Golf City,26.894601,80.93064,12:50,12,11,29.7,0.99,medium_traffic,5,6
D10,2026-02-23,0,L10,Lulu Hypermarket Faizabad Road,26.829006,80.89192,13:30,13,18,37.1,1.28,medium_traffic,6,6
D10,2026-02-24,1,L10,Lulu Hypermarket Faizabad Road,26.829006,80.89192,09:04,9,13,35.4,1.36,medium_traffic,1,8
D10,2026-02-24,1,L34,Samsung Plaza Saharaganj,26.75334,81.024771,09:52,9,32,47.4,1.58,low_traffic,2,8
D10,2026-02-24,1,L44,Max Fashion Saharaganj,26.906398,80.981965,11:11,11,21,22.8,0.91,medium_traffic,3,8
D10,2026-02-24,1,L14,Blinkit Hub Hazratganj,26.768615,80.949901,11:54,11,37,9.3,0.93,medium_traffic,4,8
D10,2026-02-24,1,L30,FoodHub Faizabad Road,26.728459,80.900786,12:40,12,32,8.9,0.99,low_traffic,5,8
D10,2026-02-24,1,L04,D-Mart Saharaganj,26.731802,81.041406,13:20,13,41,11.3,1.13,low_traffic,6,8
D10,2026-02-24,1,L24,French Loaf Saharaganj,26.797745,80.951418,14:12,14,37,25.8,1.12,medium_traffic,7,8
D10,2026-02-24,1,L40,Cables & More Faizabad Road,26.809901,80.846326,15:14,15,32,21.1,0.96,low_traffic,8,8
D10,2026-02-25,2,L40,Cables & More Faizabad Road,26.809901,80.846326,08:34,8,33,17.8,1.48,low_traffic,1,8
D10,2026-02-25,2,L50,Sports Station Faizabad Road,26.723309,80.844252,09:24,9,28,34.6,1.73,low_traffic,2,8
D10,2026-02-25,2,L04,D-Mart Saharaganj,26.731802,81.041406,10:26,10,41,26.5,1.56,low_traffic,3,8
D10,2026-02-25,2,L44,Max Fashion Saharaganj,26.906398,80.981965,11:33,11,24,19.9,0.95,medium_traffic,4,8
D10,2026-02-25,2,L10,Lulu Hypermarket Faizabad Road,26.829006,80.89192,12:16,12,12,10.3,1.03,medium_traffic,5,8
D10,2026-02-25,2,L14,Blinkit Hub Hazratganj,26.768615,80.949901,12:38,12,34,10.9,0.91,medium_traffic,6,8
D10,2026-02-25,2,L24,French Loaf Saharaganj,26.797745,80.951418,13:22,13,27,9.3,1.16,medium_traffic,7,8
D10,2026-02-25,2,L34,Samsung Plaza Saharaganj,26.75334,81.024771,13:58,13,29,16.7,1.11,low_traffic,8,8
D10,2026-02-26,3,L30,FoodHub Faizabad Road,26.728459,80.900786,09:22,9,38,44.8,1.6,low_traffic,1,7
D10,2026-02-26,3,L50,Sports Station Faizabad Road,26.723309,80.844252,10:44,10,27,34.6,1.73,low_traffic,2,7
D10,2026-02-26,3,L44,Max Fashion Saharaganj,26.906398,80.981965,11:45,11,33,20.5,0.89,medium_traffic,3,7
D10,2026-02-26,3,L10,Lulu Hypermarket Faizabad Road,26.829006,80.89192,12:38,12,15,31.2,1.04,medium_traffic,4,7
D10,2026-02-26,3,L04,D-Mart Saharaganj,26.731802,81.041406,13:24,13,39,32.5,1.12,low_traffic,5,7
D10,2026-02-26,3,L14,Blinkit Hub Hazratganj,26.768615,80.949901,14:35,14,32,33.1,1.14,medium_traffic,6,7
D10,2026-02-26,3,L20,HealthKart Golf City,26.894601,80.93064,15:40,15,11,24.2,0.93,medium_traffic,7,7
D10,2026-02-27,4,L14,Blinkit Hub Hazratganj,26.768615,80.949901,09:22,9,31,29.0,1.38,medium_traffic,1,7
D10,2026-02-27,4,L44,Max Fashion Saharaganj,26.906398,80.981965,10:22,10,28,30.4,1.45,medium_traffic,2,7
D10,2026-02-27,4,L50,Sports Station Faizabad Road,26.723309,80.844252,11:20,11,23,15.3,1.02,low_traffic,3,7
D10,2026-02-27,4,L30,FoodHub Faizabad Road,26.728459,80.900786,11:58,11,37,10.3,0.86,low_traffic,4,7
D10,2026-02-27,4,L10,Lulu Hypermarket Faizabad Road,26.829006,80.89192,12:45,12,16,14.2,0.89,medium_traffic,5,7
D10,2026-02-27,4,L20,HealthKart Golf City,26.894601,80.93064,13:15,13,22,19.4,1.29,medium_traffic,6,7
D10,2026-02-27,4,L04,D-Mart Saharaganj,26.731802,81.041406,13:56,13,36,29.4,1.28,low_traffic,7,7
D10,2026-02-28,5,L04,D-Mart Saharaganj,26.731802,81.041406,09:37,9,35,19.6,1.51,low_traffic,1,5
D10,2026-02-28,5,L14,Blinkit Hub Hazratganj,26.768615,80.949901,10:31,10,29,44.5,1.71,medium_traffic,2,5
D10,2026-02-28,5,L30,FoodHub Faizabad Road,26.728459,80.900786,11:44,11,30,10.9,0.99,low_traffic,3,5
D10,2026-02-28,5,L24,French Loaf Saharaganj,26.797745,80.951418,12:24,12,29,25.5,0.91,medium_traffic,4,5
D10,2026-02-28,5,L40,Cables & More Faizabad Road,26.809901,80.846326,13:18,13,41,24.4,1.16,low_traffic,5,5
D10,2026-03-02,0,L14,Blinkit Hub Hazratganj,26.768615,80.949901,09:08,9,36,35.3,1.68,medium_traffic,1,6
D10,2026-03-02,0,L30,FoodHub Faizabad Road,26.728459,80.900786,10:19,10,33,41.9,1.55,low_traffic,2,6
D10,2026-03-02,0,L40,Cables & More Faizabad Road,26.809901,80.846326,11:33,11,32,30.0,1.0,low_traffic,3,6
D10,2026-03-02,0,L04,D-Mart Saharaganj,26.731802,81.041406,12:35,12,43,25.2,0.97,low_traffic,4,6
D10,2026-03-02,0,L24,French Loaf Saharaganj,26.797745,80.951418,13:43,13,31,33.1,1.14,medium_traffic,5,6
D10,2026-03-02,0,L44,Max Fashion Saharaganj,26.906398,80.981965,14:47,14,23,12.7,1.27,medium_traffic,6,6
D10,2026-03-03,1,L40,Cables & More Faizabad Road,26.809901,80.846326,09:35,9,43,53.7,1.79,low_traffic,1,5
D10,2026-03-03,1,L24,French Loaf Saharaganj,26.797745,80.951418,11:11,11,27,29.4,0.98,medium_traffic,2,5
D10,2026-03-03,1,L34,Samsung Plaza Saharaganj,26.75334,81.024771,12:07,12,29,17.3,0.91,low_traffic,3,5
D10,2026-03-03,1,L50,Sports Station Faizabad Road,26.723309,80.844252,12:53,12,20,21.8,0.99,low_traffic,4,5
D10,2026-03-03,1,L30,FoodHub Faizabad Road,26.728459,80.900786,13:34,13,34,28.1,1.17,low_traffic,5,5
D10,2026-03-04,2,L24,French Loaf Saharaganj,26.797745,80.951418,09:35,9,39,19.7,1.64,medium_traffic,1,5
D10,2026-03-04,2,L50,Sports Station Faizabad Road,26.723309,80.844252,10:33,10,28,31.2,1.42,low_traffic,2,5
D10,2026-03-04,2,L40,Cables & More Faizabad Road,26.809901,80.846326,11:32,11,43,12.0,1.0,low_traffic,3,5
D10,2026-03-04,2,L20,HealthKart Golf City,26.894601,80.93064,12:27,12,21,22.4,0.86,medium_traffic,4,5
D10,2026-03-04,2,L44,Max Fashion Saharaganj,26.906398,80.981965,13:10,13,22,22.3,1.24,medium_traffic,5,5
D10,2026-03-05,3,L44,Max Fashion Saharaganj,26.906398,80.981965,08:33,8,22,12.1,1.51,medium_traffic,1,8
D10,2026-03-05,3,L40,Cables & More Faizabad Road,26.809901,80.846326,09:07,9,44,16.0,1.33,low_traffic,2,8
D10,2026-03-05,3,L24,French Loaf Saharaganj,26.797745,80.951418,10:07,10,27,13.7,1.71,medium_traffic,3,8
D10,2026-03-05,3,L10,Lulu Hypermarket Faizabad Road,26.829006,80.89192,10:47,10,19,50.8,1.75,medium_traffic,4,8
D10,2026-03-05,3,L14,Blinkit Hub Hazratganj,26.768615,80.949901,11:56,11,27,14.6,0.91,medium_traffic,5,8
D10,2026-03-05,3,L34,Samsung Plaza Saharaganj,26.75334,81.024771,12:37,12,34,14.9,0.93,low_traffic,6,8
D10,2026-03-05,3,L04,D-Mart Saharaganj,26.731802,81.041406,13:25,13,34,32.2,1.29,low_traffic,7,8
D10,2026-03-05,3,L50,Sports Station Faizabad Road,26.723309,80.844252,14:31,14,24,16.0,1.14,low_traffic,8,8
D10,2026-03-06,4,L24,French Loaf Saharaganj,26.797745,80.951418,08:24,8,37,23.4,1.3,medium_traffic,1,8
D10,2026-03-06,4,L30,FoodHub Faizabad Road,26.728459,80.900786,09:24,9,34,44.3,1.64,low_traffic,2,8
D10,2026-03-06,4,L10,Lulu Hypermarket Faizabad Road,26.829006,80.89192,10:42,10,13,47.2,1.75,medium_traffic,3,8
D10,2026-03-06,4,L34,Samsung Plaza Saharaganj,26.75334,81.024771,11:42,11,28,16.1,0.85,low_traffic,4,8
D10,2026-03-06,4,L14,Blinkit Hub Hazratganj,26.768615,80.949901,12:26,12,25,27.3,0.91,medium_traffic,5,8
D10,2026-03-06,4,L44,Max Fashion Saharaganj,26.906398,80.981965,13:18,13,23,15.7,1.12,medium_traffic,6,8
D10,2026-03-06,4,L40,Cables & More Faizabad Road,26.809901,80.846326,13:56,13,44,21.8,1.15,low_traffic,7,8
D10,2026-03-06,4,L04,D-Mart Saharaganj,26.731802,81.041406,15:01,15,34,26.5,1.02,low_traffic,8,8
D10,2026-03-07,5,L44,Max Fashion Saharaganj,26.906398,80.981965,09:33,9,31,49.8,1.66,medium_traffic,1,4
D10,2026-03-07,5,L30,FoodHub Faizabad Road,26.728459,80.900786,10:53,10,33,12.0,1.33,low_traffic,2,4
D10,2026-03-07,5,L20,HealthKart Golf City,26.894601,80.93064,11:38,11,19,25.0,1.04,medium_traffic,3,4
D10,2026-03-07,5,L34,Samsung Plaza Saharaganj,26.75334,81.024771,12:22,12,26,8.8,0.98,low_traffic,4,4
D10,2026-03-09,0,L34,Samsung Plaza Saharaganj,26.75334,81.024771,09:32,9,25,42.6,1.47,low_traffic,1,7
D10,2026-03-09,0,L10,Lulu Hypermarket Faizabad Road,26.829006,80.89192,10:39,10,19,24.1,1.72,medium_traffic,2,7
D10,2026-03-09,0,L30,FoodHub Faizabad Road,26.728459,80.900786,11:22,11,34,10.8,0.98,low_traffic,3,7
D10,2026-03-09,0,L20,HealthKart Golf City,26.894601,80.93064,12:06,12,17,13.3,0.95,medium_traffic,4,7
D10,2026-03-09,0,L50,Sports Station Faizabad Road,26.723309,80.844252,12:36,12,23,16.4,0.91,low_traffic,5,7
D10,2026-03-09,0,L24,French Loaf Saharaganj,26.797745,80.951418,13:15,13,27,16.8,1.2,medium_traffic,6,7
D10,2026-03-09,0,L40,Cables & More Faizabad Road,26.809901,80.846326,13:58,13,33,9.8,1.22,low_traffic,7,7
D10,2026-03-10,1,L44,Max Fashion Saharaganj,26.906398,80.981965,08:05,8,21,48.1,1.78,medium_traffic,1,8
D10,2026-03-10,1,L30,FoodHub Faizabad Road,26.728459,80.900786,09:14,9,42,30.4,1.38,low_traffic,2,8
D10,2026-03-10,1,L14,Blinkit Hub Hazratganj,26.768615,80.949901,10:26,10,31,19.4,1.76,medium_traffic,3,8
D10,2026-03-10,1,L50,Sports Station Faizabad Road,26.723309,80.844252,11:16,11,29,24.7,1.03,low_traffic,4,8
D10,2026-03-10,1,L04,D-Mart Saharaganj,26.731802,81.041406,12:09,12,34,28.8,0.96,low_traffic,5,8
D10,2026-03-10,1,L34,Samsung Plaza Saharaganj,26.75334,81.024771,13:11,13,28,13.2,1.2,low_traffic,6,8
D10,2026-03-10,1,L24,French Loaf Saharaganj,26.797745,80.951418,13:52,13,35,21.3,1.12,medium_traffic,7,8
D10,2026-03-10,1,L20,HealthKart Golf City,26.894601,80.93064,14:48,14,22,27.1,1.29,medium_traffic,8,8
D10,2026-03-11,2,L40,Cables & More Faizabad Road,26.809901,80.846326,08:10,8,32,34.7,1.51,low_traffic,1,8
D10,2026-03-11,2,L04,D-Mart Saharaganj,26.731802,81.041406,09:16,9,36,13.3,1.66,low_traffic,2,8
D10,2026-03-11,2,L44,Max Fashion Saharaganj,26.906398,80.981965,10:05,10,24,44.5,1.78,medium_traffic,3,8
D10,2026-03-11,2,L24,French Loaf Saharaganj,26.797745,80.951418,11:13,11,32,14.7,0.92,medium_traffic,4,8
D10,2026-03-11,2,L10,Lulu Hypermarket Faizabad Road,26.829006,80.89192,11:59,11,20,9.8,0.98,medium_traffic,5,8
D10,2026-03-11,2,L34,Samsung Plaza Saharaganj,26.75334,81.024771,12:28,12,29,16.6,0.92,low_traffic,6,8
D10,2026-03-11,2,L20,HealthKart Golf City,26.894601,80.93064,13:13,13,15,31.0,1.24,medium_traffic,7,8
D10,2026-03-11,2,L30,FoodHub Faizabad Road,26.728459,80.900786,13:59,13,33,17.2,1.15,low_traffic,8,8
D10,2026-03-12,3,L30,FoodHub Faizabad Road,26.728459,80.900786,09:35,9,35,38.3,1.32,low_traffic,1,6
D10,2026-03-12,3,L40,Cables & More Faizabad Road,26.809901,80.846326,10:48,10,38,25.1,1.57,low_traffic,2,6
D10,2026-03-12,3,L50,Sports Station Faizabad Road,26.723309,80.844252,11:51,11,27,21.6,0.94,low_traffic,3,6
D10,2026-03-12,3,L04,D-Mart Saharaganj,26.731802,81.041406,12:39,12,43,8.2,1.02,low_traffic,4,6
D10,2026-03-12,3,L14,Blinkit Hub Hazratganj,26.768615,80.949901,13:30,13,37,13.7,1.14,medium_traffic,5,6
D10,2026-03-12,3,L10,Lulu Hypermarket Faizabad Road,26.829006,80.89192,14:20,14,13,16.8,1.2,medium_traffic,6,6
D10,2026-03-13,4,L04,D-Mart Saharaganj,26.731802,81.041406,08:40,8,31,44.7,1.49,low_traffic,1,8
D10,2026-03-13,4,L50,Sports Station Faizabad Road,26.723309,80.844252,09:55,9,26,16.6,1.38,low_traffic,2,8
D10,2026-03-13,4,L40,Cables & More Faizabad Road,26.809901,80.846326,10:37,10,38,25.3,1.49,low_traffic,3,8
D10,2026-03-13,4,L14,Blinkit Hub Hazratganj,26.768615,80.949901,11:40,11,25,13.1,0.87,medium_traffic,4,8
D10,2026-03-13,4,L10,Lulu Hypermarket Faizabad Road,26.829006,80.89192,12:18,12,14,22.2,1.01,medium_traffic,5,8
D10,2026-03-13,4,L44,Max Fashion Saharaganj,26.906398,80.981965,12:54,12,29,8.3,1.04,medium_traffic,6,8
D10,2026-03-13,4,L34,Samsung Plaza Saharaganj,26.75334,81.024771,13:31,13,24,29.4,1.28,low_traffic,7,8
D10,2026-03-13,4,L20,HealthKart Golf City,26.894601,80.93064,14:24,14,20,10.2,1.28,medium_traffic,8,8
D10,2026-03-14,5,L14,Blinkit Hub Hazratganj,26.768615,80.949901,08:32,8,27,26.1,1.45,medium_traffic,1,4
D10,2026-03-14,5,L04,D-Mart Saharaganj,26.731802,81.041406,09:25,9,41,37.9,1.65,low_traffic,2,4
D10,2026-03-14,5,L30,FoodHub Faizabad Road,26.728459,80.900786,10:43,10,33,31.0,1.55,low_traffic,3,4
D10,2026-03-14,5,L44,Max Fashion Saharaganj,26.906398,80.981965,11:47,11,21,22.9,0.85,medium_traffic,4,4
D10,2026-03-16,0,L44,Max Fashion Saharaganj,26.906398,80.981965,09:43,9,31,20.3,1.45,medium_traffic,1,5
D10,2026-03-16,0,L34,Samsung Plaza Saharaganj,26.75334,81.024771,10:34,10,33,33.8,1.78,low_traffic,2,5
D10,2026-03-16,0,L10,Lulu Hypermarket Faizabad Road,26.829006,80.89192,11:40,11,21,29.4,0.98,medium_traffic,3,5
D10,2026-03-16,0,L50,Sports Station Faizabad Road,26.723309,80.844252,12:30,12,19,21.6,0.94,low_traffic,4,5
D10,2026-03-16,0,L40,Cables & More Faizabad Road,26.809901,80.846326,13:10,13,38,37.5,1.25,low_traffic,5,5
D10,2026-03-17,1,L04,D-Mart Saharaganj,26.731802,81.041406,09:29,9,40,13.5,1.5,low_traffic,1,5
D10,2026-03-17,1,L10,Lulu Hypermarket Faizabad Road,26.829006,80.89192,10:22,10,17,46.4,1.6,medium_traffic,2,5
D10,2026-03-17,1,L40,Cables & More Faizabad Road,26.809901,80.846326,11:25,11,35,14.2,0.95,low_traffic,3,5
D10,2026-03-17,1,L20,HealthKart Golf City,26.894601,80.93064,12:14,12,10,14.6,0.91,medium_traffic,4,5
D10,2026-03-17,1,L44,Max Fashion Saharaganj,26.906398,80.981965,12:38,12,26,25.5,0.85,medium_traffic,5,5
D10,2026-03-18,2,L40,Cables & More Faizabad Road,26.809901,80.846326,08:08,8,33,44.7,1.72,low_traffic,1,6
D10,2026-03-18,2,L04,D-Mart Saharaganj,26.731802,81.041406,09:25,9,40,25.2,1.68,low_traffic,2,6
D10,2026-03-18,2,L20,HealthKart Golf City,26.894601,80.93064,10:30,10,10,36.3,1.65,medium_traffic,3,6
D10,2026-03-18,2,L14,Blinkit Hub Hazratganj,26.768615,80.949901,11:16,11,32,15.6,0.92,medium_traffic,4,6
D10,2026-03-18,2,L30,FoodHub Faizabad Road,26.728459,80.900786,12:03,12,30,20.6,0.98,low_traffic,5,6
D10,2026-03-18,2,L34,Samsung Plaza Saharaganj,26.75334,81.024771,12:53,12,29,18.0,1.0,low_traffic,6,6
D10,2026-03-19,3,L24,French Loaf Saharaganj,26.797745,80.951418,08:26,8,27,31.2,1.3,medium_traffic,1,5
D10,2026-03-19,3,L50,Sports Station Faizabad Road,26.723309,80.844252,09:24,9,26,26.0,1.37,low_traffic,2,5
D10,2026-03-19,3,L34,Samsung Plaza Saharaganj,26.75334,81.024771,10:16,10,32,22.3,1.59,low_traffic,3,5
D10,2026-03-19,3,L44,Max Fashion Saharaganj,26.906398,80.981965,11:10,11,26,19.8,0.9,medium_traffic,4,5
D10,2026-03-19,3,L30,FoodHub Faizabad Road,26.728459,80.900786,11:55,11,33,24.2,0.97,low_traffic,5,5
D10,2026-03-20,4,L20,HealthKart Golf City,26.894601,80.93064,09:30,9,16,25.4,1.59,medium_traffic,1,6
D10,2026-03-20,4,L50,Sports Station Faizabad Road,26.723309,80.844252,10:11,10,26,42.6,1.42,low_traffic,2,6
D10,2026-03-20,4,L40,Cables & More Faizabad Road,26.809901,80.846326,11:19,11,38,28.8,1.03,low_traffic,3,6
D10,2026-03-20,4,L14,Blinkit Hub Hazratganj,26.768615,80.949901,12:25,12,28,29.6,1.02,medium_traffic,4,6
D10,2026-03-20,4,L04,D-Mart Saharaganj,26.731802,81.041406,13:22,13,34,10.1,1.26,low_traffic,5,6
D10,2026-03-20,4,L30,FoodHub Faizabad Road,26.728459,80.900786,14:06,14,41,25.8,1.12,low_traffic,6,6
D10,2026-03-21,5,L04,D-Mart Saharaganj,26.731802,81.041406,09:37,9,41,40.2,1.75,low_traffic,1,3
D10,2026-03-21,5,L34,Samsung Plaza Saharaganj,26.75334,81.024771,10:58,10,22,10.9,1.36,low_traffic,2,3
D10,2026-03-21,5,L30,FoodHub Faizabad Road,26.728459,80.900786,11:30,11,41,30.3,1.01,low_traffic,3,3
D10,2026-03-23,0,L44,Max Fashion Saharaganj,26.906398,80.981965,08:20,8,29,10.7,1.34,medium_traffic,1,6
D10,2026-03-23,0,L14,Blinkit Hub Hazratganj,26.768615,80.949901,08:59,8,28,26.9,1.68,medium_traffic,2,6
D10,2026-03-23,0,L34,Samsung Plaza Saharaganj,26.75334,81.024771,09:53,9,23,39.3,1.71,low_traffic,3,6
D10,2026-03-23,0,L24,French Loaf Saharaganj,26.797745,80.951418,10:55,10,30,42.0,1.5,medium_traffic,4,6
D10,2026-03-23,0,L30,FoodHub Faizabad Road,26.728459,80.900786,12:07,12,41,28.0,1.0,low_traffic,5,6
D10,2026-03-23,0,L50,Sports Station Faizabad Road,26.723309,80.844252,13:16,13,23,18.8,1.25,low_traffic,6,6
D10,2026-03-24,1,L14,Blinkit Hub Hazratganj,26.768615,80.949901,08:33,8,28,44.5,1.71,medium_traffic,1,8
D10,2026-03-24,1,L24,French Loaf Saharaganj,26.797745,80.951418,09:45,9,35,29.3,1.33,medium_traffic,2,8
D10,2026-03-24,1,L30,FoodHub Faizabad Road,26.728459,80.900786,10:49,10,42,10.9,1.36,low_traffic,3,8
D10,2026-03-24,1,L44,Max Fashion Saharaganj,26.906398,80.981965,11:41,11,21,26.0,1.04,medium_traffic,4,8
D10,2026-03-24,1,L10,Lulu Hypermarket Faizabad Road,26.829006,80.89192,12:28,12,14,24.6,0.88,medium_traffic,5,8
D10,2026-03-24,1,L04,D-Mart Saharaganj,26.731802,81.041406,13:06,13,32,18.7,1.17,low_traffic,6,8
D10,2026-03-24,1,L40,Cables & More Faizabad Road,26.809901,80.846326,13:56,13,44,31.6,1.17,low_traffic,7,8
D10,2026-03-24,1,L50,Sports Station Faizabad Road,26.723309,80.844252,15:11,15,18,25.8,0.89,low_traffic,8,8
D10,2026-03-25,2,L14,Blinkit Hub Hazratganj,26.768615,80.949901,09:25,9,25,38.9,1.39,medium_traffic,1,6
D10,2026-03-25,2,L24,French Loaf Saharaganj,26.797745,80.951418,10:28,10,29,15.6,1.56,medium_traffic,2,6
D10,2026-03-25,2,L50,Sports Station Faizabad Road,26.723309,80.844252,11:12,11,28,30.5,1.05,low_traffic,3,6
D10,2026-03-25,2,L40,Cables & More Faizabad Road,26.809901,80.846326,12:10,12,37,9.4,0.94,low_traffic,4,6
D10,2026-03-25,2,L20,HealthKart Golf City,26.894601,80.93064,12:56,12,14,26.5,1.02,medium_traffic,5,6
D10,2026-03-25,2,L30,FoodHub Faizabad Road,26.728459,80.900786,13:36,13,34,37.8,1.26,low_traffic,6,6
D10,2026-03-26,3,L14,Blinkit Hub Hazratganj,26.768615,80.949901,08:00,8,32,36.3,1.73,medium_traffic,1,8
D10,2026-03-26,3,L44,Max Fashion Saharaganj,26.906398,80.981965,09:08,9,28,47.5,1.76,medium_traffic,2,8
D10,2026-03-26,3,L30,FoodHub Faizabad Road,26.728459,80.900786,10:23,10,32,27.4,1.61,low_traffic,3,8
D10,2026-03-26,3,L24,French Loaf Saharaganj,26.797745,80.951418,11:22,11,28,22.6,0.87,medium_traffic,4,8
D10,2026-03-26,3,L40,Cables & More Faizabad Road,26.809901,80.846326,12:12,12,42,12.0,1.0,low_traffic,5,8
D10,2026-03-26,3,L20,HealthKart Golf City,26.894601,80.93064,13:06,13,17,17.7,1.18,medium_traffic,6,8
D10,2026-03-26,3,L50,Sports Station Faizabad Road,26.723309,80.844252,13:40,13,28,24.7,1.3,low_traffic,7,8
D10,2026-03-26,3,L34,Samsung Plaza Saharaganj,26.75334,81.024771,14:32,14,28,12.2,1.11,low_traffic,8,8
D10,2026-03-27,4,L40,Cables & More Faizabad Road,26.809901,80.846326,09:15,9,42,36.5,1.52,low_traffic,1,8
D10,2026-03-27,4,L24,French Loaf Saharaganj,26.797745,80.951418,10:33,10,28,13.0,1.63,medium_traffic,2,8
D10,2026-03-27,4,L04,D-Mart Saharaganj,26.731802,81.041406,11:14,11,43,20.0,1.0,low_traffic,3,8
D10,2026-03-27,4,L50,Sports Station Faizabad Road,26.723309,80.844252,12:17,12,25,13.1,1.01,low_traffic,4,8
D10,2026-03-27,4,L10,Lulu Hypermarket Faizabad Road,26.829006,80.89192,12:55,12,20,13.4,1.03,medium_traffic,5,8
D10,2026-03-27,4,L34,Samsung Plaza Saharaganj,26.75334,81.024771,13:28,13,28,23.7,1.13,low_traffic,6,8
D10,2026-03-27,4,L44,Max Fashion Saharaganj,26.906398,80.981965,14:19,14,32,28.6,1.19,medium_traffic,7,8
D10,2026-03-27,4,L14,Blinkit Hub Hazratganj,26.768615,80.949901,15:19,15,36,24.7,0.95,medium_traffic,8,8
D10,2026-03-28,5,L10,Lulu Hypermarket Faizabad Road,26.829006,80.89192,09:18,9,23,23.9,1.59,medium_traffic,1,5
D10,2026-03-28,5,L44,Max Fashion Saharaganj,26.906398,80.981965,10:04,10,22,36.5,1.46,medium_traffic,2,5
D10,2026-03-28,5,L40,Cables & More Faizabad Road,26.809901,80.846326,11:02,11,41,15.8,0.88,low_traffic,3,5
D10,2026-03-28,5,L14,Blinkit Hub Hazratganj,26.768615,80.949901,11:58,11,27,20.9,0.95,medium_traffic,4,5
D10,2026-03-28,5,L24,French Loaf Saharaganj,26.797745,80.951418,12:45,12,34,25.4,0.94,medium_traffic,5,5
D10,2026-03-30,0,L10,Lulu Hypermarket Faizabad Road,26.829006,80.89192,08:45,8,12,30.1,1.77,medium_traffic,1,8
D10,2026-03-30,0,L30,FoodHub Faizabad Road,26.728459,80.900786,09:27,9,42,18.6,1.69,low_traffic,2,8
D10,2026-03-30,0,L14,Blinkit Hub Hazratganj,26.768615,80.949901,10:27,10,33,34.3,1.49,medium_traffic,3,8
D10,2026-03-30,0,L40,Cables & More Faizabad Road,26.809901,80.846326,11:34,11,33,25.2,0.97,low_traffic,4,8
D10,2026-03-30,0,L20,HealthKart Golf City,26.894601,80.93064,12:32,12,19,12.5,1.04,medium_traffic,5,8
D10,2026-03-30,0,L24,French Loaf Saharaganj,26.797745,80.951418,13:03,13,33,24.5,1.29,medium_traffic,6,8
D10,2026-03-30,0,L50,Sports Station Faizabad Road,26.723309,80.844252,14:00,14,26,11.7,1.17,low_traffic,7,8
D10,2026-03-30,0,L34,Samsung Plaza Saharaganj,26.75334,81.024771,14:37,14,32,12.1,1.21,low_traffic,8,8
D10,2026-03-31,1,L14,Blinkit Hub Hazratganj,26.768615,80.949901,09:17,9,27,44.8,1.6,medium_traffic,1,5
D10,2026-03-31,1,L50,Sports Station Faizabad Road,26.723309,80.844252,10:28,10,26,34.3,1.56,low_traffic,2,5
D10,2026-03-31,1,L34,Samsung Plaza Saharaganj,26.75334,81.024771,11:28,11,27,23.5,1.02,low_traffic,3,5
D10,2026-03-31,1,L10,Lulu Hypermarket Faizabad Road,26.829006,80.89192,12:18,12,21,8.8,0.98,medium_traffic,4,5
D10,2026-03-31,1,L24,French Loaf Saharaganj,26.797745,80.951418,12:47,12,39,7.2,0.9,medium_traffic,5,5
D10,2026-04-01,2,L44,Max Fashion Saharaganj,26.906398,80.981965,08:41,8,21,43.4,1.55,medium_traffic,1,6
D10,2026-04-01,2,L10,Lulu Hypermarket Faizabad Road,26.829006,80.89192,09:45,9,20,20.2,1.55,medium_traffic,2,6
D10,2026-04-01,2,L40,Cables & More Faizabad Road,26.809901,80.846326,10:25,10,38,13.4,1.68,low_traffic,3,6
D10,2026-04-01,2,L24,French Loaf Saharaganj,26.797745,80.951418,11:16,11,32,26.5,0.98,medium_traffic,4,6
D10,2026-04-01,2,L14,Blinkit Hub Hazratganj,26.768615,80.949901,12:14,12,27,11.4,0.88,medium_traffic,5,6
D10,2026-04-01,2,L20,HealthKart Golf City,26.894601,80.93064,12:52,12,16,12.6,0.9,medium_traffic,6,6
D10,2026-04-02,3,L24,French Loaf Saharaganj,26.797745,80.951418,08:08,8,33,22.2,1.71,medium_traffic,1,6
D10,2026-04-02,3,L20,HealthKart Golf City,26.894601,80.93064,09:03,9,12,34.2,1.63,medium_traffic,2,6
D10,2026-04-02,3,L10,Lulu Hypermarket Faizabad Road,26.829006,80.89192,09:49,9,18,37.2,1.43,medium_traffic,3,6
D10,2026-04-02,3,L44,Max Fashion Saharaganj,26.906398,80.981965,10:44,10,33,34.0,1.48,medium_traffic,4,6
D10,2026-04-02,3,L30,FoodHub Faizabad Road,26.728459,80.900786,11:51,11,30,17.0,1.0,low_traffic,5,6
D10,2026-04-02,3,L50,Sports Station Faizabad Road,26.723309,80.844252,12:38,12,25,17.8,0.99,low_traffic,6,6
D10,2026-04-03,4,L04,D-Mart Saharaganj,26.731802,81.041406,09:03,9,38,41.5,1.66,low_traffic,1,5
D10,2026-04-03,4,L14,Blinkit Hub Hazratganj,26.768615,80.949901,10:22,10,35,32.1,1.69,medium_traffic,2,5
D10,2026-04-03,4,L30,FoodHub Faizabad Road,26.728459,80.900786,11:29,11,33,17.3,0.91,low_traffic,3,5
D10,2026-04-03,4,L34,Samsung Plaza Saharaganj,26.75334,81.024771,12:19,12,26,9.0,0.9,low_traffic,4,5
D10,2026-04-03,4,L24,French Loaf Saharaganj,26.797745,80.951418,12:54,12,35,19.5,0.93,medium_traffic,5,5
D10,2026-04-04,5,L44,Max Fashion Saharaganj,26.906398,80.981965,09:41,9,31,33.0,1.57,medium_traffic,1,5
D10,2026-04-04,5,L04,D-Mart Saharaganj,26.731802,81.041406,10:45,10,38,29.0,1.38,low_traffic,2,5
D10,2026-04-04,5,L30,FoodHub Faizabad Road,26.728459,80.900786,11:52,11,34,17.8,0.89,low_traffic,3,5
D10,2026-04-04,5,L14,Blinkit Hub Hazratganj,26.768615,80.949901,12:43,12,27,14.2,0.95,medium_traffic,4,5
D10,2026-04-04,5,L24,French Loaf Saharaganj,26.797745,80.951418,13:24,13,39,32.2,1.11,medium_traffic,5,5
D10,2026-04-06,0,L14,Blinkit Hub Hazratganj,26.768615,80.949901,09:39,9,35,45.8,1.58,medium_traffic,1,8
D10,2026-04-06,0,L34,Samsung Plaza Saharaganj,26.75334,81.024771,10:59,10,33,21.4,1.43,low_traffic,2,8
D10,2026-04-06,0,L20,HealthKart Golf City,26.894601,80.93064,11:53,11,21,25.4,0.94,medium_traffic,3,8
D10,2026-04-06,0,L24,French Loaf Saharaganj,26.797745,80.951418,12:39,12,27,23.0,0.92,medium_traffic,4,8
D10,2026-04-06,0,L40,Cables & More Faizabad Road,26.809901,80.846326,13:29,13,37,19.9,1.17,low_traffic,5,8
D10,2026-04-06,0,L44,Max Fashion Saharaganj,26.906398,80.981965,14:25,14,32,23.9,1.26,medium_traffic,6,8
D10,2026-04-06,0,L04,D-Mart Saharaganj,26.731802,81.041406,15:20,15,39,11.2,0.86,low_traffic,7,8
D10,2026-04-06,0,L50,Sports Station Faizabad Road,26.723309,80.844252,16:10,16,20,19.8,0.9,low_traffic,8,8
D10,2026-04-07,1,L40,Cables & More Faizabad Road,26.809901,80.846326,09:28,9,34,32.4,1.41,low_traffic,1,5
D10,2026-04-07,1,L50,Sports Station Faizabad Road,26.723309,80.844252,10:34,10,23,44.7,1.72,low_traffic,2,5
D10,2026-04-07,1,L20,HealthKart Golf City,26.894601,80.93064,11:41,11,20,17.1,0.9,medium_traffic,3,5
D10,2026-04-07,1,L10,Lulu Hypermarket Faizabad Road,26.829006,80.89192,12:18,12,11,28.4,0.98,medium_traffic,4,5
D10,2026-04-07,1,L44,Max Fashion Saharaganj,26.906398,80.981965,12:57,12,22,7.2,0.9,medium_traffic,5,5
D10,2026-04-08,2,L34,Samsung Plaza Saharaganj,26.75334,81.024771,09:21,9,30,17.0,1.31,low_traffic,1,8
D10,2026-04-08,2,L44,Max Fashion Saharaganj,26.906398,80.981965,10:08,10,26,18.9,1.35,medium_traffic,2,8
D10,2026-04-08,2,L30,FoodHub Faizabad Road,26.728459,80.900786,10:52,10,32,14.1,1.41,low_traffic,3,8
D10,2026-04-08,2,L14,Blinkit Hub Hazratganj,26.768615,80.949901,11:38,11,29,27.8,1.03,medium_traffic,4,8
D10,2026-04-08,2,L20,HealthKart Golf City,26.894601,80.93064,12:34,12,20,29.0,1.0,medium_traffic,5,8
D10,2026-04-08,2,L50,Sports Station Faizabad Road,26.723309,80.844252,13:23,13,30,18.6,1.24,low_traffic,6,8
D10,2026-04-08,2,L04,D-Mart Saharaganj,26.731802,81.041406,14:11,14,34,21.6,1.2,low_traffic,7,8
D10,2026-04-08,2,L40,Cables & More Faizabad Road,26.809901,80.846326,15:06,15,33,9.6,0.87,low_traffic,8,8
D10,2026-04-09,3,L44,Max Fashion Saharaganj,26.906398,80.981965,09:09,9,27,45.8,1.58,medium_traffic,1,6
D10,2026-04-09,3,L40,Cables & More Faizabad Road,26.809901,80.846326,10:21,10,37,50.8,1.75,low_traffic,2,6
D10,2026-04-09,3,L30,FoodHub Faizabad Road,26.728459,80.900786,11:48,11,38,7.8,0.87,low_traffic,3,6
D10,2026-04-09,3,L20,HealthKart Golf City,26.894601,80.93064,12:33,12,18,13.8,0.92,medium_traffic,4,6
D10,2026-04-09,3,L50,Sports Station Faizabad Road,26.723309,80.844252,13:04,13,28,34.2,1.14,low_traffic,5,6
D10,2026-04-09,3,L14,Blinkit Hub Hazratganj,26.768615,80.949901,14:06,14,30,19.9,1.17,medium_traffic,6,6
D10,2026-04-10,4,L24,French Loaf Saharaganj,26.797745,80.951418,08:30,8,32,27.7,1.63,medium_traffic,1,5
D10,2026-04-10,4,L10,Lulu Hypermarket Faizabad Road,26.829006,80.89192,09:29,9,23,30.8,1.71,medium_traffic,2,5
D10,2026-04-10,4,L34,Samsung Plaza Saharaganj,26.75334,81.024771,10:22,10,29,49.2,1.64,low_traffic,3,5
D10,2026-04-10,4,L14,Blinkit Hub Hazratganj,26.768615,80.949901,11:40,11,27,20.8,0.99,medium_traffic,4,5
D10,2026-04-10,4,L30,FoodHub Faizabad Road,26.728459,80.900786,12:27,12,31,23.5,0.94,low_traffic,5,5
D10,2026-04-11,5,L14,Blinkit Hub Hazratganj,26.768615,80.949901,09:30,9,36,31.3,1.49,medium_traffic,1,4
D10,2026-04-11,5,L10,Lulu Hypermarket Faizabad Road,26.829006,80.89192,10:37,10,23,21.6,1.66,medium_traffic,2,4
D10,2026-04-11,5,L44,Max Fashion Saharaganj,26.906398,80.981965,11:21,11,23,10.3,0.94,medium_traffic,3,4
D10,2026-04-11,5,L04,D-Mart Saharaganj,26.731802,81.041406,11:54,11,39,8.0,1.0,low_traffic,4,4
D10,2026-04-13,0,L24,French Loaf Saharaganj,26.797745,80.951418,08:38,8,27,25.8,1.72,medium_traffic,1,7
D10,2026-04-13,0,L20,HealthKart Golf City,26.894601,80.93064,09:30,9,19,25.5,1.7,medium_traffic,2,7
D10,2026-04-13,0,L10,Lulu Hypermarket Faizabad Road,26.829006,80.89192,10:14,10,17,16.0,1.6,medium_traffic,3,7
D10,2026-04-13,0,L44,Max Fashion Saharaganj,26.906398,80.981965,10:47,10,25,15.0,1.67,medium_traffic,4,7
D10,2026-04-13,0,L04,D-Mart Saharaganj,26.731802,81.041406,11:27,11,36,27.6,0.92,low_traffic,5,7
D10,2026-04-13,0,L50,Sports Station Faizabad Road,26.723309,80.844252,12:30,12,26,25.7,0.99,low_traffic,6,7
D10,2026-04-13,0,L34,Samsung Plaza Saharaganj,26.75334,81.024771,13:21,13,32,13.6,1.13,low_traffic,7,7
D10,2026-04-14,1,L40,Cables & More Faizabad Road,26.809901,80.846326,09:32,9,42,14.7,1.47,low_traffic,1,8
D10,2026-04-14,1,L04,D-Mart Saharaganj,26.731802,81.041406,10:28,10,31,17.4,1.45,low_traffic,2,8
D10,2026-04-14,1,L44,Max Fashion Saharaganj,26.906398,80.981965,11:16,11,24,23.8,0.88,medium_traffic,3,8
D10,2026-04-14,1,L10,Lulu Hypermarket Faizabad Road,26.829006,80.89192,12:03,12,11,17.7,0.93,medium_traffic,4,8
D10,2026-04-14,1,L24,French Loaf Saharaganj,26.797745,80.951418,12:31,12,35,12.2,1.02,medium_traffic,5,8
D10,2026-04-14,1,L20,HealthKart Golf City,26.894601,80.93064,13:18,13,11,17.1,1.14,medium_traffic,6,8
D10,2026-04-14,1,L50,Sports Station Faizabad Road,26.723309,80.844252,13:46,13,25,13.8,1.15,low_traffic,7,8
D10,2026-04-14,1,L14,Blinkit Hub Hazratganj,26.768615,80.949901,14:24,14,32,22.2,1.17,medium_traffic,8,8
D10,2026-04-15,2,L50,Sports Station Faizabad Road,26.723309,80.844252,09:40,9,26,14.3,1.43,low_traffic,1,8
D10,2026-04-15,2,L20,HealthKart Golf City,26.894601,80.93064,10:20,10,20,24.2,1.73,medium_traffic,2,8
D10,2026-04-15,2,L34,Samsung Plaza Saharaganj,26.75334,81.024771,11:04,11,31,19.1,0.91,low_traffic,3,8
D10,2026-04-15,2,L44,Max Fashion Saharaganj,26.906398,80.981965,11:54,11,21,9.2,0.92,medium_traffic,4,8
D10,2026-04-15,2,L40,Cables & More Faizabad Road,26.809901,80.846326,12:24,12,42,12.9,0.99,low_traffic,5,8
D10,2026-04-15,2,L10,Lulu Hypermarket Faizabad Road,26.829006,80.89192,13:18,13,18,29.9,1.3,medium_traffic,6,8
D10,2026-04-15,2,L04,D-Mart Saharaganj,26.731802,81.041406,14:05,14,32,31.4,1.12,low_traffic,7,8
D10,2026-04-15,2,L14,Blinkit Hub Hazratganj,26.768615,80.949901,15:08,15,27,19.1,0.91,medium_traffic,8,8
D10,2026-04-16,3,L14,Blinkit Hub Hazratganj,26.768615,80.949901,08:27,8,26,37.0,1.37,medium_traffic,1,5
D10,2026-04-16,3,L10,Lulu Hypermarket Faizabad Road,26.829006,80.89192,09:30,9,18,40.1,1.67,medium_traffic,2,5
D10,2026-04-16,3,L44,Max Fashion Saharaganj,26.906398,80.981965,10:28,10,23,38.1,1.41,medium_traffic,3,5
D10,2026-04-16,3,L34,Samsung Plaza Saharaganj,26.75334,81.024771,11:29,11,30,22.9,0.88,low_traffic,4,5
D10,2026-04-16,3,L04,D-Mart Saharaganj,26.731802,81.041406,12:21,12,32,23.4,0.9,low_traffic,5,5
D10,2026-04-17,4,L24,French Loaf Saharaganj,26.797745,80.951418,09:31,9,31,36.4,1.3,medium_traffic,1,7
D10,2026-04-17,4,L10,Lulu Hypermarket Faizabad Road,26.829006,80.89192,10:38,10,22,39.7,1.47,medium_traffic,2,7
D10,2026-04-17,4,L14,Blinkit Hub Hazratganj,26.768615,80.949901,11:39,11,30,9.7,0.97,medium_traffic,3,7
D10,2026-04-17,4,L44,Max Fashion Saharaganj,26.906398,80.981965,12:18,12,25,9.2,1.02,medium_traffic,4,7
D10,2026-04-17,4,L04,D-Mart Saharaganj,26.731802,81.041406,12:52,12,31,8.1,0.9,low_traffic,5,7
D10,2026-04-17,4,L20,HealthKart Golf City,26.894601,80.93064,13:31,13,10,16.4,1.26,medium_traffic,6,7
D10,2026-04-17,4,L40,Cables & More Faizabad Road,26.809901,80.846326,13:57,13,38,31.6,1.13,low_traffic,7,7
D10,2026-04-18,5,L10,Lulu Hypermarket Faizabad Road,26.829006,80.89192,09:03,9,19,25.0,1.39,medium_traffic,1,5
D10,2026-04-18,5,L50,Sports Station Faizabad Road,26.723309,80.844252,09:47,9,18,30.0,1.5,low_traffic,2,5
D10,2026-04-18,5,L24,French Loaf Saharaganj,26.797745,80.951418,10:35,10,31,12.8,1.42,medium_traffic,3,5
D10,2026-04-18,5,L14,Blinkit Hub Hazratganj,26.768615,80.949901,11:18,11,29,11.9,0.85,medium_traffic,4,5
D10,2026-04-18,5,L04,D-Mart Saharaganj,26.731802,81.041406,11:58,11,38,27.9,0.93,low_traffic,5,5
D10,2026-04-20,0,L20,HealthKart Golf City,26.894601,80.93064,08:35,8,12,35.9,1.63,medium_traffic,1,7
D10,2026-04-20,0,L30,FoodHub Faizabad Road,26.728459,80.900786,09:22,9,31,24.1,1.34,low_traffic,2,7
D10,2026-04-20,0,L10,Lulu Hypermarket Faizabad Road,26.829006,80.89192,10:17,10,17,22.7,1.42,medium_traffic,3,7
D10,2026-04-20,0,L04,D-Mart Saharaganj,26.731802,81.041406,10:56,10,35,33.2,1.33,low_traffic,4,7
D10,2026-04-20,0,L50,Sports Station Faizabad Road,26.723309,80.844252,12:04,12,19,7.0,0.88,low_traffic,5,7
D10,2026-04-20,0,L34,Samsung Plaza Saharaganj,26.75334,81.024771,12:30,12,30,26.1,0.9,low_traffic,6,7
D10,2026-04-20,0,L40,Cables & More Faizabad Road,26.809901,80.846326,13:26,13,34,16.9,1.13,low_traffic,7,7
D10,2026-04-21,1,L44,Max Fashion Saharaganj,26.906398,80.981965,08:26,8,29,25.8,1.72,medium_traffic,1,5
D10,2026-04-21,1,L30,FoodHub Faizabad Road,26.728459,80.900786,09:20,9,40,45.8,1.58,low_traffic,2,5
D10,2026-04-21,1,L24,French Loaf Saharaganj,26.797745,80.951418,10:45,10,34,40.2,1.34,medium_traffic,3,5
D10,2026-04-21,1,L04,D-Mart Saharaganj,26.731802,81.041406,11:59,11,40,21.0,1.05,low_traffic,4,5
D10,2026-04-21,1,L50,Sports Station Faizabad Road,26.723309,80.844252,13:00,13,27,26.4,1.1,low_traffic,5,5
D10,2026-04-22,2,L24,French Loaf Saharaganj,26.797745,80.951418,08:16,8,39,18.1,1.65,medium_traffic,1,7
D10,2026-04-22,2,L34,Samsung Plaza Saharaganj,26.75334,81.024771,09:13,9,22,30.6,1.33,low_traffic,2,7
D10,2026-04-22,2,L40,Cables & More Faizabad Road,26.809901,80.846326,10:05,10,35,32.1,1.53,low_traffic,3,7
D10,2026-04-22,2,L44,Max Fashion Saharaganj,26.906398,80.981965,11:12,11,33,17.1,0.9,medium_traffic,4,7
D10,2026-04-22,2,L10,Lulu Hypermarket Faizabad Road,26.829006,80.89192,12:02,12,21,24.1,0.86,medium_traffic,5,7
D10,2026-04-22,2,L04,D-Mart Saharaganj,26.731802,81.041406,12:47,12,36,25.9,0.96,low_traffic,6,7
D10,2026-04-22,2,L14,Blinkit Hub Hazratganj,26.768615,80.949901,13:48,13,32,15.7,1.12,medium_traffic,7,7
D10,2026-04-23,3,L34,Samsung Plaza Saharaganj,26.75334,81.024771,09:23,9,28,27.2,1.43,low_traffic,1,5
D10,2026-04-23,3,L30,FoodHub Faizabad Road,26.728459,80.900786,10:18,10,39,19.2,1.6,low_traffic,2,5
D10,2026-04-23,3,L24,French Loaf Saharaganj,26.797745,80.951418,11:16,11,33,16.7,0.93,medium_traffic,3,5
D10,2026-04-23,3,L50,Sports Station Faizabad Road,26.723309,80.844252,12:05,12,20,27.3,1.01,low_traffic,4,5
D10,2026-04-23,3,L44,Max Fashion Saharaganj,26.906398,80.981965,12:52,12,22,21.6,0.94,medium_traffic,5,5
D10,2026-04-24,4,L24,French Loaf Saharaganj,26.797745,80.951418,08:37,8,29,16.3,1.48,medium_traffic,1,6
D10,2026-04-24,4,L40,Cables & More Faizabad Road,26.809901,80.846326,09:22,9,44,33.4,1.67,low_traffic,2,6
D10,2026-04-24,4,L04,D-Mart Saharaganj,26.731802,81.041406,10:39,10,31,22.8,1.52,low_traffic,3,6
D10,2026-04-24,4,L34,Samsung Plaza Saharaganj,26.75334,81.024771,11:32,11,25,21.2,0.92,low_traffic,4,6
D10,2026-04-24,4,L44,Max Fashion Saharaganj,26.906398,80.981965,12:18,12,29,13.2,0.94,medium_traffic,5,6
D10,2026-04-24,4,L20,HealthKart Golf City,26.894601,80.93064,13:00,13,17,30.5,1.27,medium_traffic,6,6
D10,2026-04-25,5,L40,Cables & More Faizabad Road,26.809901,80.846326,08:19,8,38,29.0,1.45,low_traffic,1,5
D10,2026-04-25,5,L50,Sports Station Faizabad Road,26.723309,80.844252,09:26,9,21,29.2,1.39,low_traffic,2,5
D10,2026-04-25,5,L34,Samsung Plaza Saharaganj,26.75334,81.024771,10:16,10,26,13.3,1.66,low_traffic,3,5
D10,2026-04-25,5,L30,FoodHub Faizabad Road,26.728459,80.900786,10:55,10,31,19.6,1.78,low_traffic,4,5
D10,2026-04-25,5,L20,HealthKart Golf City,26.894601,80.93064,11:45,11,22,21.2,1.01,medium_traffic,5,5
D10,2026-04-27,0,L50,Sports Station Faizabad Road,26.723309,80.844252,09:13,9,22,36.5,1.74,low_traffic,1,5
D10,2026-04-27,0,L34,Samsung Plaza Saharaganj,26.75334,81.024771,10:11,10,28,24.6,1.54,low_traffic,2,5
D10,2026-04-27,0,L04,D-Mart Saharaganj,26.731802,81.041406,11:03,11,40,22.8,0.91,low_traffic,3,5
D10,2026-04-27,0,L10,Lulu Hypermarket Faizabad Road,26.829006,80.89192,12:05,12,18,22.3,0.93,medium_traffic,4,5
D10,2026-04-27,0,L20,HealthKart Golf City,26.894601,80.93064,12:45,12,16,14.6,1.04,medium_traffic,5,5
D10,2026-04-28,1,L24,French Loaf Saharaganj,26.797745,80.951418,08:22,8,38,20.7,1.59,medium_traffic,1,6
D10,2026-04-28,1,L40,Cables & More Faizabad Road,26.809901,80.846326,09:20,9,41,53.4,1.78,low_traffic,2,6
D10,2026-04-28,1,L20,HealthKart Golf City,26.894601,80.93064,10:54,10,12,38.1,1.36,medium_traffic,3,6
D10,2026-04-28,1,L10,Lulu Hypermarket Faizabad Road,26.829006,80.89192,11:44,11,17,8.5,0.95,medium_traffic,4,6
D10,2026-04-28,1,L34,Samsung Plaza Saharaganj,26.75334,81.024771,12:09,12,26,13.8,0.92,low_traffic,5,6
D10,2026-04-28,1,L14,Blinkit Hub Hazratganj,26.768615,80.949901,12:48,12,25,13.8,0.86,medium_traffic,6,6
D10,2026-04-29,2,L10,Lulu Hypermarket Faizabad Road,26.829006,80.89192,09:30,9,11,19.0,1.36,medium_traffic,1,8
D10,2026-04-29,2,L04,D-Mart Saharaganj,26.731802,81.041406,10:00,10,38,14.7,1.34,low_traffic,2,8
D10,2026-04-29,2,L50,Sports Station Faizabad Road,26.723309,80.844252,10:52,10,28,33.0,1.65,low_traffic,3,8
D10,2026-04-29,2,L20,HealthKart Golf City,26.894601,80.93064,11:53,11,15,19.8,0.86,medium_traffic,4,8
D10,2026-04-29,2,L30,FoodHub Faizabad Road,26.728459,80.900786,12:27,12,39,23.8,0.99,low_traffic,5,8
D10,2026-04-29,2,L34,Samsung Plaza Saharaganj,26.75334,81.024771,13:29,13,32,30.0,1.25,low_traffic,6,8
D10,2026-04-29,2,L44,Max Fashion Saharaganj,26.906398,80.981965,14:31,14,28,29.9,1.15,medium_traffic,7,8
D10,2026-04-29,2,L40,Cables & More Faizabad Road,26.809901,80.846326,15:28,15,41,26.8,1.03,low_traffic,8,8
D10,2026-04-30,3,L30,FoodHub Faizabad Road,26.728459,80.900786,09:34,9,36,31.1,1.73,low_traffic,1,8
D10,2026-04-30,3,L24,French Loaf Saharaganj,26.797745,80.951418,10:41,10,35,16.3,1.48,medium_traffic,2,8
D10,2026-04-30,3,L44,Max Fashion Saharaganj,26.906398,80.981965,11:32,11,22,28.1,0.97,medium_traffic,3,8
D10,2026-04-30,3,L34,Samsung Plaza Saharaganj,26.75334,81.024771,12:22,12,28,8.4,1.05,low_traffic,4,8
D10,2026-04-30,3,L40,Cables & More Faizabad Road,26.809901,80.846326,12:58,12,42,12.2,0.87,low_traffic,5,8
D10,2026-04-30,3,L20,HealthKart Golf City,26.894601,80.93064,13:52,13,15,37.8,1.26,medium_traffic,6,8
D10,2026-04-30,3,L14,Blinkit Hub Hazratganj,26.768615,80.949901,14:44,14,26,17.7,1.18,medium_traffic,7,8
D10,2026-04-30,3,L10,Lulu Hypermarket Faizabad Road,26.829006,80.89192,15:27,15,12,14.7,1.05,medium_traffic,8,8
